TimeStamp,Lights,Channel1
0.000,410,292.172
33.337,470,286.415
66.666,410,292.984
100.001,470,283.641
133.331,410,291.949
166.664,470,284.780
199.999,410,292.565
233.335,470,284.519
266.670,410,288.870
300.004,470,283.043
333.337,410,288.876
366.670,470,281.488
400.001,410,287.012
433.335,470,282.156
466.670,410,290.383
500.001,470,282.859
533.336,410,288.503
566.667,470,282.505
600.001,410,286.886
633.337,470,282.634
666.668,410,288.596
699.999,470,280.876
733.333,410,288.657
766.670,470,281.758
799.999,410,288.161
833.336,470,283.702
866.667,410,288.601
900.002,470,283.493
933.338,410,290.049
966.666,470,282.829
999.998,410,291.567
1033.332,470,284.006
1066.666,410,290.967
1100.002,470,286.442
1133.331,410,289.633
1166.666,470,286.586
1200.004,410,289.609
1233.333,470,283.456
1266.667,410,287.458
1300.004,470,285.569
1333.332,410,287.698
1366.664,470,282.759
1400.000,410,288.873
1433.337,470,285.172
1466.668,410,288.542
1499.998,470,284.063
1533.338,410,288.264
1566.668,470,284.537
1599.999,410,289.148
1633.335,470,285.643
1666.666,410,290.413
1699.998,470,285.826
1733.337,410,288.848
1766.669,470,288.310
1799.998,410,290.688
1833.334,470,290.659
1866.670,410,292.741
1899.998,470,290.601
1933.333,410,291.903
1966.668,470,290.167
2000.003,410,290.525
2033.335,470,289.517
2066.667,410,292.424
2100.001,470,289.979
2133.335,410,293.668
2166.667,470,290.859
2200.001,410,293.080
2233.334,470,291.573
2266.666,410,292.798
2300.004,470,289.120
2333.333,410,291.875
2366.668,470,289.111
2399.998,410,290.895
2433.331,470,288.154
2466.667,410,290.463
2499.998,470,288.131
2533.335,410,285.432
2566.671,470,283.660
2599.999,410,284.721
2633.334,470,286.061
2666.669,410,287.749
2700.001,470,290.805
2733.337,410,292.547
2766.668,470,296.196
2799.999,410,294.744
2833.333,470,294.864
2866.667,410,293.482
2899.999,470,294.470
2933.335,410,295.571
2966.667,470,296.566
3000.000,410,296.862
3033.337,470,295.797
3066.670,410,295.488
3100.001,470,293.929
3133.333,410,293.582
3166.666,470,294.195
3200.003,410,295.234
3233.334,470,294.221
3266.666,410,294.353
3300.001,470,290.753
3333.335,410,289.758
3366.664,470,290.809
3400.002,410,290.291
3433.334,470,287.438
3466.671,410,290.515
3500.001,470,289.905
3533.332,410,291.243
3566.665,470,288.766
3600.000,410,290.130
3633.332,470,288.764
3666.670,410,290.290
3699.999,470,287.955
3733.334,410,291.088
3766.666,470,289.307
3800.004,410,293.012
3833.336,470,291.138
3866.669,410,293.595
3900.002,470,290.510
3933.332,410,293.941
3966.665,470,288.739
4000.004,410,290.070
4033.333,470,285.948
4066.669,410,290.122
4100.001,470,286.918
4133.334,410,291.084
4166.669,470,287.537
4199.999,410,293.533
4233.331,470,290.436
4266.666,410,293.351
4300.001,470,288.774
4333.337,410,292.216
4366.666,470,288.965
4399.999,410,295.832
4433.333,470,292.791
4466.668,410,298.045
4500.000,470,295.196
4533.336,410,304.341
4566.667,470,295.460
4600.004,410,298.498
4633.334,470,292.542
4666.666,410,294.474
4700.000,470,287.236
4733.334,410,293.354
4766.671,470,287.906
4800.002,410,292.575
4833.336,470,287.488
4866.669,410,291.428
4900.004,470,285.484
4933.331,410,290.778
4966.666,470,285.924
5000.004,410,290.448
5033.331,470,285.874
5066.668,410,292.319
5100.001,470,285.537
5133.336,410,289.686
5166.667,470,285.434
5200.001,410,290.516
5233.335,470,285.201
5266.666,410,290.674
5300.001,470,284.949
5333.333,410,291.510
5366.664,470,288.381
5400.000,410,295.290
5433.334,470,288.823
5466.667,410,293.991
5500.001,470,287.532
5533.335,410,293.152
5566.666,470,287.877
5600.002,410,291.769
5633.333,470,287.680
5666.671,410,290.435
5700.003,470,286.302
5733.331,410,290.738
5766.669,470,285.893
5800.001,410,287.313
5833.338,470,285.431
5866.671,410,289.366
5900.004,470,283.528
5933.336,410,288.320
5966.670,470,286.068
6000.004,410,289.232
6033.334,470,285.554
6066.665,410,290.074
6100.003,470,285.897
6133.331,410,288.524
6166.668,470,284.145
6200.004,410,289.450
6233.336,470,284.165
6266.664,410,286.705
6299.999,470,285.962
6333.334,410,289.480
6366.664,470,284.965
6399.999,410,289.110
6433.335,470,283.934
6466.666,410,288.231
6500.002,470,284.049
6533.332,410,288.073
6566.671,470,282.279
6600.002,410,288.712
6633.338,470,283.280
6666.668,410,287.371
6700.000,470,283.607
6733.332,410,291.777
6766.670,470,284.478
6800.003,410,289.458
6833.331,470,284.322
6866.668,410,290.294
6900.004,470,284.774
6933.337,410,291.168
6966.666,470,286.221
6999.999,410,291.944
7033.332,470,286.686
7066.668,410,293.135
7099.998,470,286.201
7133.335,410,291.950
7166.669,470,286.017
7200.004,410,289.298
7233.335,470,282.726
7266.670,410,289.022
7300.000,470,284.692
7333.336,410,287.179
7366.666,470,283.982
7399.998,410,288.650
7433.333,470,284.605
7466.671,410,286.341
7499.998,470,286.490
7533.338,410,288.726
7566.671,470,286.362
7599.998,410,289.459
7633.336,470,287.389
7666.669,410,286.739
7700.003,470,288.466
7733.331,410,288.487
7766.670,470,287.971
7799.999,410,289.996
7833.331,470,286.259
7866.668,410,285.859
7900.002,470,285.426
7933.334,410,284.203
7966.670,470,283.223
8000.001,410,285.045
8033.331,470,283.859
8066.669,410,285.196
8100.003,470,287.378
8133.331,410,286.294
8166.666,470,284.680
8200.004,410,285.010
8233.336,470,286.389
8266.666,410,285.293
8300.001,470,289.399
8333.332,410,286.094
8366.666,470,290.629
8399.998,410,287.200
8433.332,470,290.079
8466.671,410,286.209
8499.999,470,289.436
8533.335,410,286.607
8566.665,470,289.125
8600.004,410,287.245
8633.333,470,291.748
8666.668,410,288.739
8700.001,470,292.605
8733.333,410,289.871
8766.667,470,293.268
8799.998,410,290.335
8833.336,470,293.050
8866.665,410,287.848
8900.002,470,292.174
8933.333,410,287.702
8966.667,470,290.038
9000.002,410,287.448
9033.334,470,292.618
9066.668,410,290.104
9100.004,470,293.702
9133.337,410,289.827
9166.671,470,294.620
9200.004,410,291.884
9233.332,470,294.914
9266.666,410,292.463
9300.004,470,292.235
9333.334,410,291.404
9366.665,470,292.374
9399.998,410,292.455
9433.333,470,293.169
9466.668,410,289.395
9500.003,470,291.244
9533.337,410,288.922
9566.667,470,288.340
9600.004,410,291.052
9633.335,470,288.514
9666.670,410,289.275
9700.003,470,289.154
9733.336,410,289.104
9766.667,470,288.818
9800.004,410,288.248
9833.334,470,286.344
9866.669,410,288.996
9900.001,470,285.320
9933.335,410,287.254
9966.665,470,287.186
10000.002,410,288.757
10033.332,470,289.066
10066.671,410,292.929
10099.998,470,289.560
10133.338,410,292.580
10166.670,470,290.816
10200.000,410,291.031
10233.335,470,287.741
10266.669,410,289.267
10300.001,470,284.660
10333.336,410,290.402
10366.667,470,286.160
10400.004,410,289.690
10433.334,470,287.675
10466.664,410,291.775
10499.999,470,288.033
10533.333,410,292.320
10566.669,470,287.587
10600.000,410,291.599
10633.334,470,288.756
10666.670,410,293.898
10700.002,470,288.843
10733.331,410,292.821
10766.665,470,288.363
10800.000,410,294.753
10833.334,470,286.692
10866.669,410,291.160
10900.003,470,284.138
10933.331,410,288.442
10966.668,470,283.632
11000.000,410,289.312
11033.333,470,287.153
11066.664,410,293.098
11100.002,470,286.995
11133.337,410,291.237
11166.667,470,287.791
11199.999,410,290.914
11233.334,470,289.301
11266.670,410,292.418
11300.002,470,288.718
11333.333,410,290.549
11366.667,470,289.275
11400.003,410,290.349
11433.331,470,289.855
11466.666,410,290.323
11499.999,470,293.222
11533.336,410,290.741
11566.669,470,293.235
11600.002,410,289.244
11633.335,470,291.756
11666.671,410,289.986
11699.999,470,292.426
11733.333,410,291.146
11766.670,470,292.499
11800.000,410,291.302
11833.333,470,292.920
11866.670,410,291.325
11900.000,470,290.654
11933.336,410,289.719
11966.671,470,290.342
12000.005,410,290.943
12033.338,470,291.045
12066.664,410,294.238
12100.001,470,298.461
12133.337,410,297.888
12166.665,470,293.241
12199.999,410,293.256
12233.334,470,291.819
12266.665,410,291.843
12299.998,470,291.265
12333.335,410,291.495
12366.665,470,288.288
12400.000,410,290.951
12433.331,470,288.931
12466.668,410,290.600
12500.004,470,288.811
12533.338,410,291.554
12566.664,470,287.456
12600.003,410,291.104
12633.331,470,288.096
12666.668,410,290.893
12699.999,470,288.107
12733.338,410,292.256
12766.671,470,287.768
12800.003,410,291.287
12833.337,470,287.980
12866.671,410,292.439
12899.999,470,287.031
12933.332,410,291.237
12966.671,470,286.907
13000.000,410,292.470
13033.337,470,287.002
13066.671,410,291.882
13100.004,470,286.592
13133.335,410,292.357
13166.668,470,287.334
13199.999,410,292.500
13233.331,470,287.997
13266.669,410,294.435
13299.999,470,289.037
13333.332,410,293.865
13366.669,470,287.349
13400.004,410,293.525
13433.336,470,287.927
13466.669,410,292.777
13500.002,470,287.329
13533.331,410,293.731
13566.668,470,288.197
13600.002,410,292.885
13633.335,470,287.441
13666.667,410,293.824
13700.002,470,288.391
13733.333,410,293.414
13766.665,470,287.673
13799.999,410,295.449
13833.334,470,290.617
13866.669,410,296.060
13900.003,470,289.202
13933.332,410,294.499
13966.666,470,288.409
14000.003,410,294.863
14033.335,470,290.535
14066.671,410,297.513
14099.998,470,291.698
14133.336,410,298.851
14166.668,470,291.505
14200.004,410,299.329
14233.335,470,294.511
14266.665,410,300.575
14299.999,470,294.060
14333.334,410,301.022
14366.667,470,295.160
14400.001,410,301.783
14433.333,470,297.666
14466.666,410,305.266
14500.000,470,298.081
14533.336,410,299.823
14566.670,470,295.722
14600.004,410,298.899
14633.333,470,290.983
14666.668,410,297.509
14699.998,470,292.007
14733.335,410,299.464
14766.669,470,294.685
14800.000,410,302.035
14833.335,470,296.707
14866.671,410,302.796
14899.998,470,294.816
14933.337,410,299.470
14966.665,470,292.302
14999.999,410,297.046
15033.336,470,290.125
15066.671,410,296.936
15100.004,470,293.074
15133.337,410,298.598
15166.668,470,290.656
15199.999,410,297.810
15233.335,470,290.746
15266.670,410,296.001
15299.998,470,288.731
15333.334,410,295.349
15366.670,470,291.124
15400.000,410,297.115
15433.333,470,291.459
15466.666,410,299.567
15499.999,470,293.152
15533.337,410,302.028
15566.668,470,294.891
15599.999,410,301.123
15633.337,470,291.570
15666.671,410,295.118
15699.999,470,288.035
15733.337,410,294.215
15766.668,470,287.493
15800.002,410,293.727
15833.337,470,286.069
15866.671,410,293.499
15900.001,470,286.214
15933.333,410,292.671
15966.667,470,285.375
15999.983,410,291.602
16033.314,470,283.308
16066.625,410,290.604
16099.958,470,282.029
16133.275,410,289.535
16166.603,470,282.007
16199.919,410,288.503
16233.252,470,282.079
16266.561,410,288.456
16299.894,470,283.092
16333.207,410,288.847
16366.545,470,282.473
16399.851,410,289.658
16433.184,470,282.311
16466.495,410,289.267
16499.831,470,282.446
16533.146,410,289.092
16566.478,470,283.238
16599.789,410,294.259
16633.122,470,288.313
16666.431,410,296.374
16699.767,470,289.671
16733.077,410,295.754
16766.412,470,289.889
16799.724,410,295.483
16833.056,470,287.782
16866.367,410,294.030
16899.695,470,290.058
16933.008,410,299.051
16966.344,470,292.605
16999.652,410,296.204
17032.988,470,288.694
17066.297,410,295.701
17099.631,470,287.994
17132.935,410,294.811
17166.275,470,288.067
17199.581,410,292.501
17232.917,470,286.057
17266.223,410,292.391
17299.556,470,283.234
17332.866,410,291.470
17366.201,470,282.578
17399.512,410,290.158
17432.844,470,285.299
17466.153,410,290.981
17499.485,470,285.234
17532.795,410,292.783
17566.132,470,284.706
17599.440,410,292.886
17632.774,470,284.889
17666.079,410,290.199
17699.412,470,283.189
17732.718,410,291.721
17766.057,470,284.749
17799.364,410,291.331
17832.697,470,284.964
17866.005,410,291.411
17899.341,470,286.235
17932.644,410,293.238
17965.978,470,283.806
17999.283,410,288.896
18032.620,470,286.029
18065.927,410,289.500
18099.259,470,284.046
18132.568,410,290.102
18165.902,470,282.693
18199.206,410,288.533
18232.539,470,282.722
18265.846,410,284.889
18299.184,470,280.848
18332.486,410,285.475
18365.822,470,279.323
18399.131,410,284.460
18432.465,470,280.865
18465.766,410,284.022
18499.105,470,281.020
18532.409,410,284.699
18565.742,470,280.354
18599.043,410,285.924
18632.381,470,282.984
18665.687,410,287.378
18699.020,470,282.262
18732.328,410,286.617
18765.662,470,281.759
18798.966,410,286.426
18832.298,470,281.240
18865.600,410,288.826
18898.937,470,283.850
18932.243,410,286.002
18965.576,470,278.450
18998.878,410,286.110
19032.217,470,280.463
19065.516,410,285.593
19098.851,470,280.801
19132.159,410,286.474
19165.493,470,280.166
19198.790,410,286.120
19232.128,470,281.022
19265.428,410,288.200
19298.765,470,283.666
19332.069,410,290.972
19365.407,470,283.151
19398.708,410,287.110
19432.040,470,282.109
19465.346,410,286.674
19498.681,470,278.765
19531.981,410,285.507
19565.320,470,279.725
19598.620,410,284.810
19631.954,470,278.721
19665.255,410,285.571
19698.592,470,279.628
19731.891,410,285.485
19765.225,470,280.305
19798.525,410,286.715
19831.867,470,280.518
19865.163,410,287.788
19898.504,470,281.471
19931.803,410,287.881
19965.139,470,282.462
19998.434,410,288.361
20031.771,470,282.224
20065.068,410,288.773
20098.410,470,283.518
20131.708,410,287.661
20165.045,470,283.755
20198.340,410,291.507
20231.681,470,287.111
20264.978,410,290.099
20298.316,470,284.480
20331.613,410,290.005
20364.949,470,282.746
20398.248,410,286.721
20431.583,470,282.553
20464.884,410,285.984
20498.216,470,281.815
20531.519,410,287.976
20564.853,470,279.277
20598.149,410,284.882
20631.485,470,282.848
20664.782,410,288.917
20698.126,470,281.540
20731.415,410,288.226
20764.759,470,281.840
20798.056,410,285.675
20831.393,470,280.308
20864.688,410,287.298
20898.023,470,282.065
20931.321,410,289.796
20964.660,470,282.624
20997.951,410,288.137
21031.290,470,282.839
21064.585,410,288.296
21097.922,470,279.977
21131.219,410,287.303
21164.557,470,280.298
21197.853,410,285.642
21231.191,470,280.471
21264.481,410,286.150
21297.824,470,279.405
21331.114,410,285.695
21364.456,470,280.789
21397.749,410,287.016
21431.086,470,281.685
21464.382,410,286.960
21497.720,470,281.464
21531.014,410,287.332
21564.353,470,281.653
21597.645,410,288.987
21630.982,470,282.753
21664.279,410,288.865
21697.616,470,283.421
21730.911,410,291.634
21764.246,470,285.808
21797.538,410,292.766
21830.882,470,286.199
21864.173,410,293.033
21897.507,470,285.894
21930.800,410,291.967
21964.142,470,284.907
21997.430,410,291.254
22030.775,470,284.353
22064.059,410,290.670
22097.403,470,284.040
22130.691,410,290.682
22164.036,470,281.914
22197.319,410,285.037
22230.662,470,279.071
22263.952,410,284.074
22297.294,470,278.519
22330.583,410,283.760
22363.922,470,278.537
22397.211,410,284.904
22430.553,470,279.549
22463.844,410,286.525
22497.185,470,282.607
22530.469,410,289.813
22563.811,470,282.598
22597.102,410,288.189
22630.443,470,282.797
22663.727,410,288.554
22697.073,470,283.558
22730.362,410,290.529
22763.700,470,283.163
22796.986,410,287.947
22830.325,470,283.550
22863.612,410,287.415
22896.954,470,280.415
22930.243,410,287.172
22963.589,470,282.268
22996.873,410,287.276
23030.217,470,282.968
23063.501,410,287.087
23096.840,470,280.921
23130.131,410,288.496
23163.472,470,281.391
23196.759,410,285.999
23230.101,470,280.496
23263.382,410,287.577
23296.728,470,280.218
23330.009,410,286.434
23363.355,470,280.569
23396.635,410,287.566
23429.983,470,280.373
23463.264,410,287.019
23496.604,470,280.823
23529.889,410,288.751
23563.233,470,280.552
23596.518,410,287.448
23629.859,470,280.134
23663.144,410,288.474
23696.490,470,279.682
23729.773,410,287.152
23763.115,470,280.627
23796.399,410,287.792
23829.742,470,279.630
23863.021,410,286.981
23896.369,470,280.919
23929.649,410,288.330
23962.989,470,279.307
23996.310,410,287.458
24029.646,470,280.415
24062.967,410,287.859
24096.304,470,279.694
24129.621,410,287.490
24162.965,470,280.593
24196.278,410,288.521
24229.620,470,279.956
24262.942,410,287.654
24296.278,470,279.266
24329.597,410,288.714
24362.938,470,280.133
24396.255,410,287.952
24429.594,470,278.903
24462.915,410,288.507
24496.249,470,280.422
24529.573,410,288.460
24562.907,470,279.597
24596.227,410,287.903
24629.568,470,280.651
24662.890,410,289.180
24696.222,470,280.852
24729.547,410,288.035
24762.885,470,280.660
24796.203,410,288.765
24829.537,470,280.526
24862.864,410,288.228
24896.195,470,281.198
24929.520,410,288.969
24962.855,470,280.487
24996.182,410,288.051
25029.516,470,280.428
25062.837,410,288.935
25096.167,470,280.612
25129.499,410,288.683
25162.826,470,281.402
25196.157,410,289.988
25229.487,470,280.878
25262.814,410,286.860
25296.146,470,280.176
25329.470,410,288.882
25362.802,470,279.833
25396.129,410,289.241
25429.457,470,280.940
25462.789,410,288.944
25496.116,470,281.167
25529.448,410,289.558
25562.771,470,280.730
25596.104,410,288.273
25629.431,470,280.252
25662.767,410,288.834
25696.090,470,281.206
25729.422,410,288.819
25762.747,470,280.477
25796.084,410,288.150
25829.407,470,281.600
25862.740,410,289.114
25896.063,470,278.635
25929.399,410,286.551
25962.719,470,279.866
25996.056,410,288.115
26029.380,470,279.873
26062.717,410,287.944
26096.033,470,279.041
26129.372,410,285.838
26162.690,470,277.449
26196.032,410,287.292
26229.350,470,280.207
26262.689,410,288.327
26296.007,470,279.059
26329.347,410,287.932
26362.662,470,280.281
26396.010,410,288.965
26429.326,470,279.452
26462.663,410,288.847
26495.982,470,280.278
26529.326,410,288.919
26562.637,470,279.142
26595.984,410,289.449
26629.293,470,282.550
26662.639,410,292.226
26695.956,470,283.077
26729.302,410,293.758
26762.613,470,284.070
26795.960,410,295.479
26829.269,470,286.232
26862.619,410,298.911
26895.926,470,289.957
26929.274,410,299.576
26962.583,470,285.550
26995.938,410,297.260
27029.239,470,286.901
27062.595,410,298.371
27095.900,470,286.550
27129.255,410,298.347
27162.556,470,286.370
27195.913,410,296.461
27229.219,470,286.705
27262.570,410,298.117
27295.871,470,287.691
27329.229,410,299.841
27362.534,470,289.593
27395.890,410,305.461
27429.189,470,294.690
27462.546,410,302.978
27495.848,470,287.461
27529.204,410,297.948
27562.507,470,286.644
27595.863,410,296.273
27629.166,470,287.366
27662.520,410,297.326
27695.820,470,282.835
27729.183,410,287.518
27762.475,470,277.220
27795.840,410,282.657
27829.138,470,275.731
27862.495,410,287.066
27895.797,470,279.894
27929.159,410,285.943
27962.455,470,274.623
27995.815,410,283.591
28029.107,470,275.796
28062.478,410,285.307
28095.765,470,276.175
28129.136,410,284.750
28162.423,470,276.814
28195.791,410,288.065
28229.086,470,277.939
28262.448,410,287.220
28295.739,470,275.737
28329.111,410,283.852
28362.400,470,275.050
28395.767,410,286.917
28429.056,470,280.634
28462.428,410,288.015
28495.714,470,276.945
28529.089,410,283.772
28562.371,470,274.766
28595.742,410,284.196
28629.027,470,272.255
28662.405,410,284.894
28695.691,470,274.573
28729.063,410,288.205
28762.345,470,278.312
28795.720,410,288.993
28829.003,470,278.997
28862.382,410,289.780
28895.659,470,280.942
28929.040,410,292.142
28962.320,470,282.993
28995.697,410,293.824
29028.978,470,285.057
29062.354,410,298.654
29095.637,470,289.475
29129.013,410,300.283
29162.293,470,288.516
29195.677,410,300.051
29228.952,470,286.143
29262.335,410,294.882
29295.609,470,283.720
29328.994,410,296.458
29362.265,470,286.748
29395.655,410,294.122
29428.927,470,282.927
29462.309,410,290.881
29495.582,470,282.885
29528.973,410,289.541
29562.243,470,282.479
29595.627,410,289.067
29628.896,470,281.393
29662.287,410,290.707
29695.558,470,281.496
29728.944,410,288.667
29762.213,470,279.955
29795.604,410,287.138
29828.872,470,278.241
29862.268,410,285.970
29895.530,470,276.583
29928.925,410,285.965
29962.191,470,276.208
29995.586,410,283.832
30028.844,470,276.028
30062.243,410,286.961
30095.506,470,278.169
30128.900,410,287.428
30162.164,470,278.238
30195.561,410,285.086
30228.825,470,275.366
30262.218,410,284.695
30295.477,470,275.908
30328.877,410,284.946
30362.135,470,276.832
30395.535,410,285.684
30428.799,470,277.513
30462.198,410,285.578
30495.452,470,275.373
30528.856,410,282.149
30562.115,470,274.123
30595.519,410,282.254
30628.772,470,273.135
30662.173,410,284.177
30695.427,470,279.043
30728.834,410,282.914
30762.086,470,277.552
30795.492,410,290.966
30828.743,470,277.705
30862.150,410,291.059
30895.400,470,281.378
30928.811,410,289.330
30962.061,470,282.456
30995.472,410,294.514
31028.716,470,289.371
31062.129,410,303.838
31095.378,470,298.181
31128.790,410,309.467
31162.035,470,297.396
31195.445,410,306.285
31228.695,470,295.177
31262.110,410,303.170
31295.351,470,296.580
31328.768,410,306.620
31362.008,470,296.359
31395.428,410,306.796
31428.668,470,297.133
31462.083,410,306.667
31495.325,470,297.089
31528.742,410,305.757
31561.985,470,296.843
31595.403,410,307.503
31628.638,470,296.771
31662.061,410,305.125
31695.301,470,296.284
31728.721,410,304.990
31761.959,470,297.251
31795.384,410,306.481
31828.619,470,300.599
31862.041,410,308.185
31895.274,470,301.547
31928.701,410,306.361
31961.931,470,299.710
31995.357,410,304.590
32028.594,470,299.118
32062.019,410,305.820
32095.249,470,300.146
32128.679,410,307.852
32161.912,470,300.823
32195.335,410,304.466
32228.573,470,296.569
32261.995,410,302.697
32295.232,470,293.880
32328.653,410,298.839
32361.887,470,291.345
32395.307,410,297.351
32428.550,470,291.178
32461.970,410,299.135
32495.211,470,292.699
32528.628,410,302.568
32561.869,470,298.954
32595.284,410,306.469
32628.528,470,302.590
32661.944,410,314.290
32695.189,470,303.701
32728.602,410,309.921
32761.845,470,300.504
32795.260,410,308.250
32828.512,470,301.313
32861.917,410,309.695
32895.164,470,302.212
32928.578,410,311.330
32961.825,470,301.225
32995.230,410,312.086
33028.488,470,305.099
33061.895,410,313.116
33095.149,470,301.777
33128.550,410,312.057
33161.807,470,302.013
33195.210,410,309.337
33228.470,470,298.026
33261.868,410,309.033
33295.123,470,298.860
33328.526,410,309.029
33361.788,470,296.928
33395.185,410,305.732
33428.447,470,297.483
33461.839,410,311.773
33495.105,470,301.841
33528.497,410,311.198
33561.767,470,300.726
33595.158,410,313.847
33628.423,470,307.808
33661.818,410,318.772
33695.089,470,301.679
33728.478,410,312.196
33761.746,470,295.739
33795.134,410,302.692
33828.405,470,290.123
33861.789,410,299.673
33895.064,470,289.470
33928.453,410,299.865
33961.725,470,289.998
33995.106,410,300.669
34028.385,470,291.540
34061.766,410,305.325
34095.047,470,295.252
34128.426,410,308.637
34161.704,470,295.240
34195.086,410,306.915
34228.365,470,292.274
34261.740,410,302.808
34295.027,470,289.095
34328.403,410,295.899
34361.688,470,285.285
34395.056,410,296.271
34428.346,470,286.800
34461.716,410,297.587
34495.004,470,286.149
34528.379,410,298.921
34561.663,470,289.810
34595.033,410,304.922
34628.329,470,292.077
34661.694,410,307.173
34694.988,470,292.746
34728.355,410,301.714
34761.644,470,287.353
34795.012,410,300.483
34828.308,470,289.199
34861.668,410,301.270
34894.969,470,288.052
34928.326,410,297.362
34961.623,470,284.989
34994.985,410,295.431
35028.284,470,284.719
35061.645,410,294.101
35094.946,470,282.312
35128.304,410,290.200
35161.610,470,280.369
35194.962,410,290.969
35228.270,470,282.864
35261.618,410,294.652
35294.930,470,287.012
35328.275,410,300.144
35361.585,470,287.641
35394.939,410,298.697
35428.245,470,286.269
35461.595,410,300.100
35494.911,470,284.731
35528.256,410,293.893
35561.567,470,281.177
35594.909,410,295.133
35628.232,470,284.475
35661.572,410,296.748
35694.889,470,283.691
35728.227,410,294.617
35761.550,470,281.772
35794.891,410,293.745
35828.209,470,282.639
35861.546,410,294.685
35894.872,470,283.373
35928.205,410,295.460
35961.527,470,284.217
35994.865,410,295.315
36028.193,470,281.796
36061.518,410,288.785
36094.850,470,278.643
36128.179,410,290.408
36161.511,470,277.134
36194.837,410,285.547
36228.169,470,275.012
36261.499,410,284.316
36294.834,470,274.125
36328.153,410,283.098
36361.490,470,276.327
36394.816,410,288.730
36428.152,470,278.639
36461.471,410,289.335
36494.812,470,278.221
36528.134,410,288.402
36561.472,470,277.678
36594.793,410,286.892
36628.136,470,275.534
36661.446,410,284.877
36694.792,470,274.702
36728.109,410,284.939
36761.458,470,276.027
36794.769,410,285.793
36828.116,470,274.616
36861.422,410,283.470
36894.777,470,273.374
36928.081,410,284.188
36961.438,470,274.011
36994.743,410,283.342
37028.097,470,272.441
37061.401,410,286.028
37094.759,470,275.581
37128.058,410,282.242
37161.417,470,275.868
37194.717,410,285.065
37228.076,470,277.018
37261.374,410,287.994
37294.738,470,280.535
37328.037,410,291.343
37361.402,470,284.182
37394.693,410,298.384
37428.063,470,289.446
37461.351,410,301.475
37494.719,470,291.019
37528.009,410,301.294
37561.381,470,288.187
37594.669,410,299.376
37628.041,470,288.306
37661.326,410,298.313
37694.701,470,287.727
37727.990,410,297.482
37761.366,470,287.939
37794.645,410,298.240
37828.022,470,286.555
37861.302,410,294.620
37894.684,470,283.689
37927.964,410,294.201
37961.348,470,284.355
37994.622,410,294.400
38028.008,470,285.929
38061.280,410,296.332
38094.666,470,285.389
38127.937,410,296.861
38161.329,470,287.426
38194.599,410,298.038
38227.988,470,285.164
38261.256,410,296.733
38294.652,470,284.881
38327.912,410,296.986
38361.311,470,285.496
38394.576,410,298.052
38427.967,470,284.501
38461.235,410,294.812
38494.634,470,280.634
38527.894,410,291.755
38561.294,470,280.638
38594.553,410,294.689
38627.954,470,283.330
38661.209,410,299.113
38694.612,470,287.515
38727.870,410,302.716
38761.274,470,290.394
38794.526,410,307.227
38827.935,470,290.867
38861.187,410,305.736
38894.596,470,291.533
38927.847,410,307.484
38961.258,470,291.832
38994.506,410,305.210
39027.915,470,290.804
39061.162,410,304.300
39094.579,470,288.716
39127.819,410,300.263
39161.237,470,285.914
39194.476,410,297.316
39227.896,470,282.952
39261.136,410,294.395
39294.564,470,281.216
39327.799,410,293.245
39361.225,470,281.371
39394.459,410,293.780
39427.879,470,282.652
39461.112,410,297.000
39494.545,470,285.528
39527.771,410,299.046
39561.207,470,287.087
39594.433,410,300.895
39627.864,470,289.248
39661.089,410,304.889
39694.529,470,290.576
39727.748,410,304.840
39761.191,470,290.340
39794.408,410,305.108
39827.851,470,291.826
39861.065,410,304.054
39894.509,470,289.721
39927.724,410,301.979
39961.171,470,288.546
39994.387,410,303.969
40027.828,470,289.267
40061.040,410,304.904
40094.483,470,287.565
40127.698,410,298.537
40161.141,470,284.641
40194.356,410,298.443
40227.799,470,289.031
40261.012,410,301.569
40294.452,470,289.394
40327.669,410,299.844
40361.114,470,287.376
40394.326,410,300.061
40427.770,470,287.757
40460.984,410,298.452
40494.423,470,285.865
40527.642,410,299.633
40561.085,470,289.015
40594.306,410,301.456
40627.736,470,288.833
40660.962,410,300.279
40694.394,470,286.846
40727.620,410,298.842
40761.054,470,287.699
40794.272,410,299.631
40827.711,470,288.022
40860.933,410,299.731
40894.366,470,286.171
40927.589,410,296.120
40961.022,470,282.856
40994.248,410,293.391
41027.680,470,280.999
41060.905,410,292.333
41094.336,470,281.862
41127.561,410,294.013
41160.991,470,282.377
41194.220,410,293.779
41227.648,470,281.447
41260.876,410,293.042
41294.310,470,281.241
41327.539,410,291.678
41360.962,470,280.453
41394.191,410,291.617
41427.619,470,280.392
41460.850,410,290.857
41494.279,470,279.892
41527.506,410,290.069
41560.934,470,280.163
41594.170,410,289.432
41627.591,470,279.550
41660.827,410,288.877
41694.250,470,279.768
41727.479,410,289.594
41760.903,470,279.339
41794.140,410,288.597
41827.560,470,279.149
41860.794,410,288.955
41894.220,470,279.618
41927.456,410,288.115
41960.874,470,279.186
41994.112,410,287.850
42027.531,470,280.195
42060.773,410,288.322
42094.190,470,279.784
42127.429,410,287.850
42160.847,470,280.768
42194.086,410,288.365
42227.504,470,280.985
42260.740,410,287.826
42294.159,470,283.076
42327.399,410,289.464
42360.817,470,285.187
42394.055,410,288.508
42427.469,470,283.947
42460.718,410,288.507
42494.126,470,284.495
42527.374,410,287.514
42560.788,470,283.648
42594.032,410,287.314
42627.442,470,284.137
42660.689,410,287.790
42694.101,470,283.375
42727.345,410,287.168
42760.757,470,282.807
42794.007,410,287.194
42827.413,470,283.838
42860.659,410,287.836
42894.069,470,283.126
42927.319,410,287.842
42960.728,470,283.736
42993.980,410,288.271
43027.380,470,283.067
43060.634,410,287.914
43094.041,470,283.250
43127.295,410,289.224
43160.694,470,283.579
43193.950,410,288.542
43227.353,470,283.746
43260.605,410,288.964
43294.007,470,282.814
43327.268,410,288.204
43360.666,470,283.422
43393.922,410,287.853
43427.321,470,282.657
43460.579,410,288.712
43493.980,470,282.241
43527.237,410,285.784
43560.635,470,283.186
43593.895,410,287.698
43627.296,470,283.031
43660.553,410,287.781
43693.950,470,282.872
43727.214,410,285.995
43760.606,470,284.151
43793.872,410,285.554
43827.264,470,283.775
43860.530,410,286.333
43893.920,470,283.518
43927.181,410,284.926
43960.577,470,286.087
43993.841,410,284.543
44027.235,470,286.300
44060.500,410,286.434
44093.893,470,287.120
44127.156,410,286.688
44160.548,470,291.060
44193.816,410,288.256
44227.205,470,290.582
44260.471,410,288.349
44293.864,470,289.292
44327.133,410,286.970
44360.516,470,290.504
44393.790,410,286.735
44427.176,470,287.576
44460.447,410,286.536
44493.829,470,287.743
44527.103,410,285.840
44560.487,470,288.962
44593.759,410,287.088
44627.144,470,287.596
44660.420,410,286.638
44693.800,470,288.634
44727.079,410,286.111
44760.457,470,286.440
44793.731,410,287.377
44827.118,470,286.676
44860.390,410,286.530
44893.770,470,288.249
44927.047,410,287.454
44960.431,470,285.152
44993.709,410,287.988
45027.086,470,284.551
45060.362,410,285.353
45093.742,470,284.591
45127.025,410,284.882
45160.402,470,283.103
45193.682,410,286.468
45227.052,470,282.257
45260.341,410,286.029
45293.714,470,281.621
45326.993,410,283.927
45360.369,470,282.172
45393.650,410,284.110
45427.026,470,282.265
45460.309,410,285.534
45493.683,470,281.573
45526.971,410,286.889
45560.339,470,283.337
45593.624,410,288.048
45626.994,470,284.367
45660.286,410,287.001
45693.653,470,284.895
45726.939,410,286.854
45760.311,470,282.284
45793.599,410,286.476
45826.962,470,283.651
45860.259,410,286.142
45893.625,470,285.989
45926.914,410,287.839
45960.277,470,286.688
45993.575,410,287.946
46026.936,470,284.221
46060.233,410,285.709
46093.593,470,285.210
46126.884,410,286.763
46160.250,470,283.820
46193.544,410,287.554
46226.905,470,283.587
46260.201,410,284.814
46293.560,470,282.393
46326.861,410,285.953
46360.217,470,280.808
46393.516,410,283.967
46426.876,470,281.919
46460.175,410,286.032
46493.529,470,281.553
46526.834,410,285.755
46560.188,470,281.964
46593.492,410,287.717
46626.845,470,281.527
46660.150,410,286.145
46693.503,470,280.687
46726.807,410,286.921
46760.156,470,281.346
46793.467,410,286.520
46826.815,470,280.785
46860.119,410,285.941
46893.469,470,281.792
46926.778,410,287.019
46960.128,470,280.988
46993.439,410,286.166
47026.782,470,280.088
47060.094,410,287.279
47093.441,470,280.597
47126.751,410,286.434
47160.095,470,280.175
47193.411,410,286.810
47226.752,470,280.168
47260.066,410,287.549
47293.411,470,280.549
47326.729,410,287.077
47360.068,470,280.636
47393.382,410,287.447
47426.727,470,281.207
47460.041,410,286.574
47493.383,470,280.392
47526.699,410,287.188
47560.034,470,280.626
47593.355,410,289.121
47626.696,470,282.097
47660.015,410,289.191
47693.347,470,282.919
47726.676,410,292.145
47760.010,470,284.238
47793.330,410,289.337
47826.666,470,280.843
47859.985,410,285.187
47893.322,470,279.813
47926.648,410,283.811
47959.974,470,277.853
47993.307,410,283.054
48026.635,470,278.077
48059.962,410,284.830
48093.296,470,278.245
48126.619,410,285.549
48159.950,470,278.883
48193.277,410,283.651
48226.613,470,277.900
48259.936,410,282.398
48293.269,470,276.616
48326.597,410,284.596
48359.929,470,276.842
48393.253,410,284.377
48426.592,470,278.294
48459.908,410,284.929
48493.247,470,278.046
48526.568,410,284.832
48559.908,470,276.422
48593.225,410,285.143
48626.568,470,276.573
48659.885,410,282.958
48693.222,470,276.282
48726.546,410,285.366
48759.884,470,277.040
48793.203,410,285.606
48826.544,470,277.901
48859.861,410,285.651
48893.202,470,278.618
48926.515,410,286.916
48959.858,470,277.944
48993.174,410,286.802
49026.520,470,278.106
49059.833,410,286.750
49093.177,470,277.922
49126.489,410,286.668
49159.836,470,276.695
49193.148,410,285.549
49226.496,470,277.473
49259.806,410,286.665
49293.155,470,279.663
49326.465,410,288.477
49359.814,470,279.039
49393.129,410,287.379
49426.474,470,277.506
49459.785,410,285.338
49493.134,470,275.891
49526.439,410,285.613
49559.791,470,276.023
49593.100,410,283.748
49626.448,470,276.705
49659.760,410,286.551
49693.106,470,277.550
49726.419,410,286.437
49759.768,470,278.757
49793.075,410,288.069
49826.426,470,280.031
49859.731,410,288.350
49893.084,470,278.893
49926.394,410,286.922
49959.744,470,280.036
49993.052,410,285.795
50026.402,470,278.008
50059.708,410,285.458
50093.058,470,277.963
50126.368,410,284.076
50159.719,470,279.108
50193.023,410,283.927
50226.381,470,279.229
50259.681,410,284.319
50293.035,470,276.717
50326.344,410,283.472
50359.698,470,278.200
50392.999,410,285.128
50426.353,470,279.398
50459.660,410,285.563
50493.012,470,278.844
50526.318,410,284.464
50559.673,470,277.523
50592.977,410,284.662
50626.333,470,276.504
50659.632,410,283.328
50692.991,470,277.737
50726.290,410,282.492
50759.648,470,279.435
50792.952,410,285.208
50826.308,470,279.233
50859.608,410,285.488
50892.969,470,279.982
50926.265,410,284.096
50959.626,470,280.752
50992.920,410,282.460
51026.290,470,277.751
51059.582,410,282.064
51092.947,470,278.309
51126.243,410,280.650
51159.606,470,279.050
51192.901,410,282.966
51226.266,470,280.915
51259.554,410,285.847
51292.920,470,282.569
51326.214,410,286.154
51359.580,470,283.867
51392.875,410,285.085
51426.244,470,284.614
51459.529,410,283.995
51492.896,470,282.585
51526.186,410,283.836
51559.559,470,281.984
51592.851,410,282.732
51626.216,470,284.784
51659.505,410,286.095
51692.879,470,286.368
51726.167,410,289.095
51759.536,470,285.579
51792.823,410,288.010
51826.192,470,286.213
51859.481,410,286.332
51892.854,470,285.337
51926.139,410,286.200
51959.515,470,283.633
51992.799,410,286.600
52026.171,470,283.620
52059.454,410,286.781
52092.833,470,284.173
52126.116,410,288.015
52159.487,470,284.970
52192.773,410,288.996
52226.147,470,285.213
52259.429,410,290.200
52292.806,470,286.994
52326.087,410,290.409
52359.470,470,289.273
52392.750,410,294.180
52426.127,470,285.791
52459.402,410,289.951
52492.783,470,284.013
52526.067,410,286.486
52559.441,470,283.007
52592.721,410,285.639
52626.103,470,281.400
52659.382,410,288.194
52692.762,470,283.430
52726.039,410,288.875
52759.418,470,284.893
52792.699,410,290.063
52826.081,470,288.834
52859.356,410,293.165
52892.740,470,292.230
52926.013,410,298.116
52959.401,470,294.127
52992.675,410,296.923
53026.056,470,291.191
53059.320,410,294.871
53092.716,470,289.971
53125.988,410,293.873
53159.373,470,288.553
53192.648,410,292.110
53226.033,470,285.657
53259.309,410,284.363
53292.694,470,284.056
53325.964,410,288.867
53359.352,470,288.829
53392.623,410,291.774
53426.016,470,287.366
53459.281,410,292.046
53492.670,470,287.648
53525.939,410,289.054
53559.328,470,285.669
53592.597,410,287.132
53625.990,470,283.131
53659.257,410,287.588
53692.650,470,280.478
53725.917,410,286.166
53759.305,470,282.375
53792.574,410,287.046
53825.970,470,282.957
53859.229,410,288.292
53892.624,470,282.843
53925.891,410,288.738
53959.284,470,282.021
53992.551,410,287.778
54025.945,470,283.963
54059.209,410,287.183
54092.604,470,280.075
54125.866,410,287.179
54159.260,470,281.722
54192.523,410,288.116
54225.925,470,282.593
54259.181,410,286.695
54292.580,470,278.492
54325.838,410,285.605
54359.239,470,278.285
54392.498,410,285.154
54425.901,470,278.897
54459.159,410,285.359
54492.561,470,278.993
54525.813,410,285.771
54559.216,470,278.054
54592.476,410,283.109
54625.876,470,276.112
54659.128,410,283.185
54692.540,470,275.619
54725.792,410,283.442
54759.195,470,275.600
54792.447,410,283.907
54825.856,470,277.156
54859.107,410,286.774
54892.517,470,281.063
54925.762,410,291.940
54959.172,470,285.322
54992.423,410,290.269
55025.834,470,282.827
55059.079,410,289.106
55092.495,470,286.139
55125.738,410,289.103
55159.148,470,284.436
55192.399,410,286.754
55225.813,470,284.489
55259.055,410,287.554
55292.472,470,281.878
55325.718,410,283.994
55359.132,470,282.593
55392.372,410,287.502
55425.785,470,286.711
55459.032,410,288.152
55492.446,470,287.912
55525.691,410,288.356
55559.105,470,286.049
55592.351,410,285.531
55625.768,470,282.124
55659.009,410,282.068
55692.426,470,281.055
55725.663,410,283.958
55759.082,470,282.856
55792.324,410,282.707
55825.744,470,284.053
55858.979,410,285.405
55892.405,470,284.949
55925.640,410,285.628
55959.062,470,285.386
55992.299,410,285.894
56025.720,470,284.085
