{"Light":{"Led410Enable":true;"Led470Enable":true;"Led560Enable":false;"Led410Value":50.0;"Led470Value":50.0;"Led560Value":100.0};"Excitation":{"mode":1;"discontinuous":false;"interval_time":1;"continuous_time":1};"Channels":[{"Name":"CH1";"ChanelColor":"#00000000";"Roi1":"337.456338028169;222.898591549295;102.304225352113;102.304225352113";"Roi2":"319;227;102.304225352113;102.304225352113"}];"AllMarking":[{"id":0;"type":1;"opened":true;"name":"STIM";"Levels":0;"color":"#FFFF0000";"key":0;"threshold":0.0;"ID":"0";"all":true;"channels":["AllChannel";"CH1"];"enable":true};{"id":0;"type":2;"opened":true;"name":"Input1";"Levels":0;"color":"#FFFF0000";"key":0;"threshold":0.0;"ID":"0";"all":true;"channels":["AllChannel";"CH1"];"enable":true};{"id":0;"type":2;"opened":true;"name":"Input2";"Levels":0;"color":"#FF604A7B";"key":0;"threshold":0.0;"ID":"0";"all":true;"channels":["AllChannel";"CH1"];"enable":true};{"id":0;"type":2;"opened":true;"name":"Input3";"Levels":0;"color":"#FF92D050";"key":0;"threshold":0.0;"ID":"0";"all":true;"channels":["AllChannel";"CH1"];"enable":true};{"id":0;"type":2;"opened":true;"name":"Input4";"Levels":0;"color":"#FF0099FF";"key":0;"threshold":0.0;"ID":"0";"all":true;"channels":["AllChannel";"CH1"];"enable":true}];"Fps":30.0}
TimeStamp,Events,CH1-410,CH1-470,
0.000,,331.384,356.416,
66.665,,328.437,360.566,
133.336,,328.008,356.219,
200.001,,329.616,358.088,
266.665,,327.479,361.256,
333.337,,329.800,364.407,
399.999,,331.412,367.012,
466.670,,332.409,360.783,
533.336,,328.307,357.273,
600.001,,325.741,356.505,
666.665,,324.777,353.471,
733.338,,323.392,347.329,
800.004,,323.372,347.881,
866.665,,323.215,352.400,
933.337,,323.261,349.820,
1000.002,,324.652,348.481,
1066.668,,321.228,348.985,
1133.337,,321.197,349.032,
1199.998,,323.873,351.976,
1266.667,,324.033,356.459,
1333.334,,323.987,359.286,
1400.001,,324.102,355.322,
1466.667,,323.825,354.298,
1533.336,,322.545,358.012,
1600.005,,322.994,357.454,
1666.670,,323.946,353.943,
1733.338,,321.656,349.507,
1800.001,,320.515,351.506,
1866.667,,321.825,356.000,
1933.335,,325.453,369.815,
1999.998,,334.747,374.642,
2066.665,,329.044,366.925,
2133.337,,326.961,376.885,
2200.001,,327.708,372.273,
2266.666,,328.882,364.959,
2333.337,,325.820,374.546,
2400.004,,324.377,371.189,
2466.667,,325.556,372.384,
2533.331,,327.062,372.729,
2600.004,,326.454,375.582,
2666.667,,325.716,379.022,
2733.335,,326.098,374.422,
2800.002,,327.802,369.761,
2866.669,,329.603,366.040,
2933.334,,326.766,372.631,
3000.003,,326.553,371.126,
3066.667,,329.674,361.181,
3133.337,,327.694,368.413,
3200.005,,326.386,363.963,
3266.671,,328.484,354.364,
3333.332,,323.065,350.752,
3400.000,,320.210,345.375,
3466.671,,319.827,346.262,
3533.334,,317.892,341.956,
3599.999,,313.394,338.492,
3666.666,,316.566,341.956,
3733.337,,317.586,341.128,
3800.003,,315.384,341.147,
3866.671,,315.978,341.425,
3933.333,,316.664,340.797,
4000.000,,316.070,339.378,
4066.666,,314.956,335.708,
4133.331,,314.850,335.558,
4199.999,,313.939,339.004,
4266.667,,320.731,343.037,
4333.338,,318.249,340.207,
4400.004,,316.188,333.255,
4466.668,,315.018,335.708,
4533.332,,315.006,341.273,
4599.999,,314.929,335.866,
4666.665,,315.485,336.525,
4733.332,,316.279,338.176,
4799.998,,316.767,338.346,
4866.669,,315.464,336.987,
4933.334,,316.093,337.946,
5000.001,,316.538,342.126,
5066.665,,316.865,339.306,
5133.333,,316.895,338.205,
5200.002,,314.692,335.517,
5266.669,,314.321,333.885,
5333.333,,313.700,332.727,
5400.004,,313.084,331.628,
5466.670,,314.002,329.752,
5533.332,,313.865,333.310,
5600.000,,313.550,330.583,
5666.667,,312.933,326.322,
5733.337,,313.177,332.843,
5800.002,,315.198,337.669,
5866.670,,317.029,334.076,
5933.332,,314.716,331.762,
6000.000,,311.611,333.232,
6066.671,,311.978,331.549,
6133.331,,313.873,333.891,
6200.004,,311.074,334.258,
6266.666,,310.855,330.924,
6333.338,,313.367,334.200,
6400.002,,313.126,339.115,
6466.666,,312.004,337.473,
6533.332,,315.459,343.567,
6600.000,,320.443,353.297,
6666.671,,321.356,347.131,
6733.335,,322.340,350.108,
6800.004,,320.212,347.692,
6866.668,,326.622,359.427,
6933.334,,323.796,354.105,
7000.003,,321.221,352.102,
7066.671,,322.619,347.155,
7133.335,,316.615,338.702,
7200.003,,309.846,336.807,
7266.668,,311.391,333.663,
7333.335,,310.837,331.637,
7399.998,,308.708,332.746,
7466.670,,309.928,335.827,
7533.334,,311.052,334.242,
7600.001,,311.391,333.342,
7666.666,,310.589,334.289,
7733.337,,311.636,334.035,
7799.998,,310.418,334.753,
7866.671,,315.432,344.936,
7933.338,,318.547,354.725,
7999.998,,321.630,346.595,
8066.670,,315.570,335.035,
8133.333,,310.282,334.472,
8200.003,,310.081,334.651,
8266.671,,308.832,330.085,
8333.334,,308.384,330.454,
8400.003,,309.328,331.818,
8466.670,,310.106,337.188,
8533.333,,312.309,334.635,
8599.999,,312.379,330.232,
8666.669,,308.835,330.708,
8733.337,,310.532,329.889,
8799.999,,311.540,332.583,
8866.671,,312.001,333.208,
8933.332,,312.081,333.149,
9000.002,,312.257,329.065,
9066.665,,312.324,327.685,
9133.331,,309.933,330.818,
9200.003,,312.686,332.183,
9266.671,,313.657,331.923,
9333.338,,312.832,329.883,
9399.998,,311.209,328.604,
9466.670,,312.511,331.330,
9533.336,,315.261,334.855,
9600.004,,314.195,332.902,
9666.671,,312.804,329.974,
9733.337,,317.308,336.728,
9800.001,,313.593,328.546,
9866.665,,311.718,333.648,
9933.338,,310.283,330.705,
10000.005,,312.452,332.822,
10066.670,,310.691,335.337,
10133.337,,311.558,336.994,
10200.005,,312.349,336.577,
10266.667,,313.432,336.241,
10333.337,,312.807,337.626,
10400.000,,311.225,333.449,
10466.665,,311.900,334.140,
10533.336,,312.021,332.475,
10600.002,,311.711,330.859,
10666.668,,311.729,329.513,
10733.333,,311.915,328.893,
10800.003,,310.356,325.513,
10866.665,,309.758,323.473,
10933.335,,309.715,324.337,
11000.000,,312.018,326.574,
11066.668,,313.583,327.297,
11133.333,,313.483,327.753,
11200.000,,314.189,327.517,
11266.671,,316.082,329.284,
11333.337,,316.092,328.963,
11400.001,,313.972,323.330,
11466.670,,310.802,320.758,
11533.333,,310.135,323.698,
11600.001,,309.519,320.376,
11666.667,,309.504,317.569,
11733.335,,307.114,320.830,
11800.000,,309.063,319.557,
11866.668,,309.794,320.409,
11933.336,,309.367,324.671,
12000.005,,309.309,323.854,
12066.671,,311.060,325.779,
12133.338,,312.171,329.368,
12200.000,,313.436,327.647,
12266.668,,314.753,331.851,
12333.335,,312.617,322.164,
12399.999,,310.588,323.533,
12466.667,,306.497,323.647,
12533.333,,308.885,321.698,
12600.005,,307.990,324.816,
12666.667,,307.571,323.699,
12733.336,,307.830,324.287,
12799.998,,308.305,325.900,
12866.665,,308.146,328.589,
12933.334,,310.124,335.780,
13000.004,,312.970,335.778,
13066.669,,310.355,333.446,
13133.333,,310.039,331.267,
13199.998,,308.425,332.483,
13266.671,,308.747,329.180,
13333.338,,309.703,329.680,
13399.999,,308.824,330.078,
13466.669,,308.439,328.082,
13533.338,,307.930,326.968,
13600.002,,307.192,324.748,
13666.665,,308.869,326.024,
13733.337,,307.499,321.538,
13799.999,,306.562,319.896,
13866.671,,307.659,324.806,
13933.337,,309.771,324.762,
14000.001,,308.990,323.006,
14066.667,,310.606,327.691,
14133.337,,310.322,331.315,
14200.003,,310.982,328.648,
14266.668,,312.730,328.681,
14333.337,,314.128,331.363,
14400.000,,312.900,331.888,
14466.669,,311.168,330.896,
14533.332,,312.704,331.842,
14600.003,,310.894,329.521,
14666.665,,310.081,331.299,
14733.337,,310.123,329.775,
14800.003,,309.690,329.851,
14866.668,,310.551,333.179,
14933.331,,310.129,330.676,
14999.998,,311.073,332.305,
15066.669,,308.517,331.957,
15133.336,,306.344,332.391,
15199.999,,305.322,325.943,
15266.665,,306.095,327.274,
15333.334,,305.118,329.503,
15400.005,,303.396,328.260,
15466.667,,306.358,326.441,
15533.338,,304.641,325.676,
15600.003,,304.347,329.599,
15666.667,,304.560,331.000,
15733.337,,306.617,331.775,
15800.000,,307.544,338.217,
15866.670,,311.045,339.949,
15933.331,,312.121,338.784,
15999.982,,307.894,334.862,
16066.632,,310.515,338.190,
16133.274,,311.072,341.228,
16199.927,,312.063,334.057,
16266.569,,308.347,327.698,
16333.216,,308.287,337.228,
16399.864,,310.943,338.178,
16466.515,,312.489,334.949,
16533.159,,309.182,336.478,
16599.803,,310.927,339.983,
16666.453,,312.621,340.897,
16733.096,,312.880,340.380,
16799.746,,311.210,341.553,
16866.390,,311.662,339.233,
16933.036,,312.634,342.066,
16999.684,,310.843,339.361,
17066.326,,312.491,340.098,
17132.972,,314.522,347.787,
17199.616,,317.336,350.138,
17266.261,,319.903,343.713,
17332.908,,316.328,344.541,
17399.548,,318.786,340.680,
17466.197,,319.884,342.302,
17532.839,,317.746,335.819,
17599.481,,316.546,331.317,
17666.124,,310.793,330.738,
17732.770,,313.899,331.338,
17799.412,,316.430,334.657,
17866.056,,314.659,328.465,
17932.703,,316.338,335.285,
17999.341,,316.722,327.853,
18065.988,,313.011,331.011,
18132.628,,313.716,328.303,
18199.270,,314.114,335.653,
18265.912,,318.611,331.573,
18332.554,,311.383,327.468,
18399.202,,316.599,331.963,
18465.843,,314.646,325.112,
18532.485,,313.850,330.654,
18599.126,,315.266,325.371,
18665.768,,313.443,333.051,
18732.410,,318.113,329.037,
18799.051,,312.807,327.449,
18865.693,,317.398,333.096,
18932.329,,315.209,323.557,
18998.971,,312.274,329.567,
19065.612,,314.563,326.267,
19132.250,,309.429,323.684,
19198.894,,310.685,319.750,
19265.532,,309.245,323.142,
19332.174,,316.925,330.704,
19398.816,,314.781,322.993,
19465.451,,310.776,318.957,
19532.094,,308.989,317.961,
19598.734,,309.075,319.770,
19665.369,,308.074,316.646,
19732.013,,308.448,319.971,
19798.648,,313.287,326.726,
19865.285,,311.572,321.611,
19931.927,,309.497,321.306,
19998.568,,309.538,317.025,
20065.205,,306.326,316.195,
20131.838,,305.309,315.024,
20198.480,,306.435,322.667,
20265.119,,313.450,323.586,
20331.758,,308.466,317.559,
20398.393,,310.324,328.145,
20465.029,,317.072,330.578,
20531.667,,312.950,323.644,
20598.302,,311.449,324.317,
20664.940,,309.270,317.943,
20731.579,,305.039,315.384,
20798.215,,303.355,315.534,
20864.850,,303.577,314.358,
20931.489,,303.531,316.343,
20998.126,,302.770,315.560,
21064.756,,302.966,313.809,
21131.392,,303.125,316.008,
21198.027,,302.173,313.784,
21264.667,,303.903,312.989,
21331.298,,301.987,313.020,
21397.935,,303.354,313.622,
21464.570,,304.215,314.220,
21531.206,,303.823,311.683,
21597.837,,302.631,311.118,
21664.472,,301.628,313.018,
21731.110,,303.127,313.581,
21797.741,,302.972,313.857,
21864.378,,304.453,314.420,
21931.014,,305.217,313.568,
21997.647,,304.711,313.507,
22064.280,,304.887,313.555,
22130.914,,306.282,313.932,
22197.543,,305.478,313.016,
22264.176,,305.450,312.019,
22330.808,,305.249,311.664,
22397.444,,306.074,312.322,
22464.075,,306.105,312.397,
22530.710,,305.242,311.366,
22597.338,,305.024,311.570,
22663.971,,304.582,311.861,
22730.608,,304.494,313.725,
22797.240,,304.381,313.587,
22863.871,,303.819,313.240,
22930.503,,303.685,313.962,
22997.133,,306.030,317.311,
23063.760,,306.191,318.295,
23130.393,,305.245,314.858,
23197.022,,304.457,315.042,
23263.656,,301.003,318.115,
23330.285,,304.135,314.670,
23396.915,,301.661,316.480,
23463.549,,302.671,316.376,
23530.174,,304.239,320.069,
23596.808,,301.480,321.444,
23663.436,,304.584,321.025,
23730.068,,303.269,321.052,
23796.695,,304.413,322.180,
23863.327,,304.767,324.388,
23929.953,,306.581,325.958,
23996.616,,307.480,333.561,
24063.274,,315.520,342.142,
24129.932,,314.534,336.729,
24196.587,,309.107,334.507,
24263.250,,310.319,337.460,
24329.909,,307.275,332.478,
24396.568,,305.087,324.409,
24463.227,,303.842,329.600,
24529.884,,303.591,327.786,
24596.538,,305.430,327.015,
24663.201,,300.787,324.139,
24729.858,,305.063,335.562,
24796.515,,311.884,338.131,
24863.179,,314.251,348.604,
24929.839,,317.791,346.143,
24996.497,,312.713,333.002,
25063.156,,310.571,335.073,
25129.811,,309.905,332.292,
25196.467,,310.782,335.741,
25263.130,,319.166,341.562,
25329.789,,314.582,329.767,
25396.448,,307.921,324.876,
25463.105,,307.506,326.277,
25529.762,,311.998,335.652,
25596.426,,314.478,331.597,
25663.086,,309.843,321.256,
25729.741,,302.366,316.010,
25796.404,,298.948,306.970,
25863.061,,296.856,308.265,
25929.719,,297.871,309.637,
25996.380,,298.539,314.523,
26063.036,,299.280,314.348,
26129.699,,299.399,312.231,
26196.355,,298.571,309.588,
26263.013,,298.479,316.645,
26329.670,,303.874,319.587,
26396.331,,303.831,320.865,
26462.990,,303.946,320.475,
26529.647,,306.293,318.305,
26596.310,,303.468,319.053,
26662.969,,302.919,318.304,
26729.625,,302.801,316.188,
26796.283,,303.060,313.664,
26862.943,,302.756,318.197,
26929.606,,303.492,315.431,
26996.261,,304.657,319.725,
27062.919,,306.692,319.579,
27129.579,,306.062,321.863,
27196.242,,307.265,319.168,
27262.900,,305.036,319.690,
27329.559,,307.423,324.632,
27396.214,,310.354,322.908,
27462.878,,308.459,318.726,
27529.538,,306.136,319.350,
27596.196,,303.323,317.030,
27662.854,,303.879,318.643,
27729.516,,301.406,320.367,
27796.173,,305.223,320.784,
27862.833,,304.493,321.786,
27929.488,,303.364,317.821,
27996.147,,303.602,318.493,
28062.811,,302.258,317.564,
28129.465,,303.866,317.378,
28196.129,,301.802,316.010,
28262.789,,304.156,314.289,
28329.445,,302.468,316.284,
28396.102,,304.498,315.249,
28462.767,,303.985,315.363,
28529.423,,304.853,315.547,
28596.080,,305.752,315.800,
28662.740,,305.327,314.986,
28729.400,,305.993,312.187,
28796.060,,304.558,314.182,
28862.716,,305.563,314.525,
28929.379,,305.967,314.557,
28996.041,,305.829,313.052,
29062.694,,306.247,313.215,
29129.355,,306.233,312.586,
29196.020,,306.894,315.392,
29262.673,,307.611,313.595,
29329.332,,307.121,312.632,
29395.996,,306.258,310.772,
29462.651,,305.551,311.534,
29529.312,,305.717,310.427,
29595.971,,304.812,310.555,
29662.628,,305.609,310.791,
29729.292,,305.731,310.833,
29795.952,,307.054,316.465,
29862.608,,308.099,316.665,
29929.268,,307.873,318.506,
29995.928,,306.412,315.996,
30062.588,,306.996,317.308,
30129.249,,305.580,319.186,
30195.905,,305.090,317.942,
30262.568,,304.294,316.619,
30329.224,,304.878,315.917,
30395.888,,305.043,317.060,
30462.544,,305.170,316.795,
30529.201,,306.120,315.159,
30595.864,,304.592,314.003,
30662.522,,304.976,314.675,
30729.182,,306.349,315.667,
30795.840,,305.878,313.855,
30862.501,,305.857,313.213,
30929.158,,306.496,312.709,
30995.819,,305.645,311.653,
31062.478,,307.521,311.324,
31129.139,,307.466,313.257,
31195.798,,308.021,311.230,
31262.457,,306.564,311.062,
31329.122,,304.746,308.886,
31395.779,,304.697,307.571,
31462.436,,304.193,308.420,
31529.097,,304.516,308.025,
31595.760,,303.662,306.271,
31662.420,,301.843,305.450,
31729.075,,303.987,307.014,
31795.733,,304.146,310.158,
31862.396,,306.880,307.201,
31929.059,,302.492,308.150,
31995.714,,303.878,305.553,
32062.372,,303.661,305.041,
32129.031,,301.390,306.369,
32195.690,,301.420,301.925,
32262.347,,302.374,305.750,
32329.009,,300.387,306.316,
32395.662,,301.647,305.882,
32462.322,,302.544,305.914,
32528.981,,300.695,306.469,
32595.642,,301.671,303.468,
32662.296,,301.289,303.212,
32728.957,,299.815,304.167,
32795.617,,300.397,302.716,
32862.274,,300.605,303.020,
32928.934,,299.671,302.680,
32995.592,,300.490,302.472,
33062.248,,300.283,303.868,
33128.909,,300.491,303.162,
33195.566,,300.787,303.766,
33262.227,,300.721,303.065,
33328.880,,301.225,304.020,
33395.541,,300.592,303.009,
33462.203,,301.256,303.401,
33528.861,,300.615,303.160,
33595.521,,301.599,303.477,
33662.174,,300.821,302.691,
33728.833,,301.565,303.637,
33795.493,,300.949,302.814,
33862.152,,301.513,301.671,
33928.810,,298.861,303.816,
33995.467,,299.730,302.681,
34062.128,,300.684,301.920,
34128.788,,300.524,303.440,
34195.443,,299.588,302.141,
34262.101,,301.348,302.101,
34328.763,,300.323,301.973,
34395.417,,301.054,301.575,
34462.080,,300.367,302.395,
34528.736,,301.117,301.826,
34595.395,,300.512,302.879,
34662.051,,301.104,301.987,
34728.717,,301.366,303.216,
34795.375,,300.348,303.270,
34862.030,,302.162,301.940,
34928.688,,300.691,303.306,
34995.345,,300.964,302.883,
35062.004,,301.934,303.380,
35128.664,,300.228,300.919,
35195.325,,299.864,301.570,
35261.979,,299.569,301.166,
35328.639,,300.740,302.389,
35395.300,,303.909,305.840,
35461.955,,304.766,305.959,
35528.615,,305.504,304.568,
35595.277,,304.686,305.017,
35661.937,,302.925,301.445,
35728.590,,300.296,298.157,
35795.254,,300.226,298.363,
35861.908,,298.443,297.123,
35928.568,,298.900,294.507,
35995.228,,295.012,291.227,
36061.888,,291.350,285.674,
36128.544,,290.222,282.482,
36195.203,,288.428,280.724,
36261.863,,288.163,280.572,
36328.519,,290.032,282.975,
36395.176,,290.199,283.534,
36461.840,,291.210,288.391,
36528.496,,297.361,291.589,
36595.153,,295.862,290.982,
36661.814,,295.731,291.667,
36728.472,,295.551,292.573,
36795.130,,296.624,296.506,
36861.792,,297.658,295.881,
36928.449,,295.861,294.077,
36995.107,,295.681,295.389,
37061.763,,295.635,290.195,
37128.427,,291.895,289.116,
37195.086,,291.112,289.157,
37261.739,,291.609,288.004,
37328.402,,289.640,286.234,
37395.061,,288.655,282.734,
37461.721,,286.951,282.039,
37528.375,,286.371,281.404,
37595.032,,286.449,280.903,
37661.694,,286.206,280.181,
37728.350,,285.591,279.990,
37795.012,,286.940,281.459,
37861.669,,287.073,279.964,
37928.330,,286.977,281.821,
37994.991,,289.194,286.045,
38061.645,,294.797,289.310,
38128.305,,294.750,288.299,
38194.963,,293.955,288.727,
38261.621,,294.596,289.788,
38328.280,,296.929,289.238,
38394.937,,296.563,289.868,
38461.601,,294.498,289.390,
38528.259,,295.205,286.803,
38594.919,,293.019,286.895,
38661.572,,292.673,284.548,
38728.237,,292.016,285.681,
38794.891,,292.392,285.008,
38861.550,,292.605,286.658,
38928.211,,294.271,285.896,
38994.871,,293.886,286.541,
39061.525,,294.277,285.759,
39128.184,,294.055,286.482,
39194.843,,294.908,285.476,
39261.502,,294.985,286.572,
39328.162,,295.719,286.108,
39394.819,,297.555,290.206,
39461.480,,297.339,286.966,
39528.141,,298.417,287.461,
39594.799,,297.338,286.907,
39661.458,,297.304,286.662,
39728.117,,297.082,286.705,
39794.772,,297.589,287.077,
39861.436,,298.183,291.805,
39928.091,,304.265,300.559,
39994.750,,308.435,299.541,
40061.404,,308.310,299.191,
40128.067,,307.691,302.393,
40194.724,,309.719,303.245,
40261.382,,312.513,305.631,
40328.034,,311.291,302.541,
40394.695,,308.242,299.525,
40461.351,,305.308,299.826,
40528.008,,306.760,301.453,
40594.667,,308.769,302.590,
40661.324,,309.050,302.821,
40727.978,,310.218,304.661,
40794.637,,312.698,308.370,
40861.293,,317.942,313.771,
40927.954,,323.861,311.427,
40994.608,,317.990,308.651,
41061.265,,318.367,309.301,
41127.927,,309.943,297.681,
41194.585,,304.279,300.878,
41261.242,,312.559,306.080,
41327.897,,314.901,305.329,
41394.554,,310.563,303.496,
41461.212,,310.791,302.759,
41527.866,,311.389,301.057,
41594.526,,310.196,302.218,
41661.187,,308.362,300.238,
41727.843,,308.843,298.535,
41794.501,,304.913,299.148,
41861.155,,305.753,296.939,
41927.812,,305.617,297.780,
41994.469,,304.196,297.663,
42061.129,,305.696,295.743,
42127.784,,301.846,293.720,
42194.441,,302.304,292.902,
42261.100,,298.543,291.913,
42327.756,,300.589,292.816,
42394.415,,299.912,295.324,
42461.075,,303.311,294.925,
42527.732,,305.458,296.404,
42594.386,,306.141,298.093,
42661.045,,307.697,301.564,
42727.702,,311.658,302.608,
42794.361,,312.707,300.846,
42861.013,,308.449,297.118,
42927.674,,305.352,296.544,
42994.329,,307.999,298.527,
43060.985,,310.406,300.664,
43127.643,,310.360,299.472,
43194.302,,310.425,299.297,
43260.960,,310.522,301.016,
43327.616,,313.642,303.469,
43394.275,,316.695,306.572,
43460.930,,315.713,301.996,
43527.591,,313.359,303.560,
43594.246,,320.059,308.011,
43660.904,,323.128,306.206,
43727.562,,322.269,306.858,
43794.218,,316.435,302.459,
43860.877,,317.541,305.074,
43927.531,,318.250,306.215,
43994.188,,322.389,309.638,
44060.847,,321.871,305.396,
44127.507,,314.646,301.034,
44194.166,,316.845,303.941,
44260.819,,317.636,304.133,
44327.477,,319.999,305.031,
44394.132,,315.460,301.885,
44460.789,,314.872,303.321,
44527.450,,318.115,307.028,
44594.104,,323.366,308.241,
44660.762,,321.294,303.605,
44727.419,,314.289,295.506,
44794.082,,306.178,294.736,
44860.739,,307.292,294.768,
44927.395,,307.129,298.412,
44994.054,,310.850,298.821,
45060.708,,312.658,299.645,
45127.364,,309.195,299.367,
45194.022,,307.707,296.184,
45260.679,,307.249,297.601,
45327.337,,305.232,294.744,
45393.993,,305.893,296.801,
45460.649,,304.723,295.628,
45527.310,,304.478,297.661,
45593.969,,305.142,296.026,
45660.621,,303.545,296.895,
45727.280,,305.478,296.641,
45793.936,,303.431,297.372,
45860.593,,305.594,298.175,
45927.249,,303.672,296.317,
45993.912,,304.843,297.316,
46060.565,,303.667,295.717,
46127.221,,304.857,296.564,
46193.880,,303.493,294.892,
46260.537,,304.266,296.706,
46327.196,,304.453,294.955,
46393.851,,304.808,296.489,
46460.510,,304.949,294.912,
46527.168,,304.134,296.465,
46593.824,,306.505,296.879,
46660.481,,307.395,297.620,
46727.137,,306.931,296.162,
46793.797,,306.792,296.023,
46860.451,,305.052,295.868,
46927.113,,305.822,294.464,
46993.766,,304.286,296.641,
47060.425,,304.315,296.004,
47127.085,,305.399,295.688,
47193.737,,303.460,295.720,
47260.395,,304.287,295.295,
47327.057,,304.618,295.314,
47393.708,,302.192,292.784,
47460.367,,302.190,292.733,
47527.029,,299.026,292.345,
47593.681,,298.918,292.312,
47660.336,,301.585,292.040,
47726.997,,299.481,292.691,
47793.654,,296.049,292.300,
47860.314,,298.023,290.462,
47926.972,,296.720,292.616,
47993.627,,295.477,294.428,
48060.283,,295.374,293.040,
48126.945,,297.130,295.603,
48193.602,,296.984,296.315,
48260.260,,298.578,299.282,
48326.917,,299.999,299.523,
48393.573,,299.453,298.634,
48460.236,,300.506,299.840,
48526.889,,300.622,298.300,
48593.549,,296.733,296.604,
48660.206,,298.555,298.552,
48726.864,,301.323,303.367,
48793.521,,304.556,304.678,
48860.181,,305.122,305.564,
48926.840,,302.772,305.124,
48993.495,,302.958,302.787,
49060.156,,303.819,303.364,
49126.813,,302.743,305.462,
49193.470,,302.349,306.897,
49260.128,,302.996,303.165,
49326.783,,303.332,306.606,
49393.443,,305.551,307.699,
49460.104,,302.238,305.581,
49526.757,,301.691,302.081,
49593.416,,302.296,302.622,
49660.075,,303.981,305.681,
49726.733,,305.297,307.906,
49793.391,,303.912,304.781,
49860.048,,304.311,302.006,
49926.705,,303.649,304.611,
49993.364,,302.889,303.680,
50060.022,,300.464,302.144,
50126.682,,301.930,301.381,
50193.343,,302.532,302.540,
50259.999,,303.388,301.334,
50326.655,,296.709,295.196,
50393.312,,297.449,299.075,
50459.969,,299.283,298.519,
50526.629,,295.653,299.884,
50593.289,,296.993,296.353,
50659.946,,298.242,299.642,
50726.603,,298.755,299.442,
50793.260,,298.566,295.043,
50859.918,,297.387,296.661,
50926.575,,297.738,298.321,
50993.236,,300.887,298.984,
51059.897,,301.437,300.800,
51126.551,,301.131,298.525,
51193.209,,302.442,297.321,
51259.868,,300.363,296.536,
51326.529,,297.631,297.766,
51393.187,,299.995,298.619,
51459.838,,299.002,295.431,
51526.498,,297.826,293.329,
51593.156,,293.877,292.816,
51659.815,,293.737,292.141,
51726.474,,294.401,291.989,
51793.134,,295.397,293.037,
51859.789,,294.031,293.572,
51926.447,,296.030,297.061,
51993.103,,298.607,300.908,
52059.765,,302.440,300.621,
52126.424,,301.601,298.816,
52193.082,,299.858,298.922,
52259.737,,297.605,298.469,
52326.398,,298.948,294.310,
52393.053,,298.255,296.624,
52459.710,,297.524,294.984,
52526.370,,299.163,296.228,
52593.030,,298.341,294.783,
52659.689,,298.747,296.627,
52726.344,,299.171,296.204,
52793.000,,301.638,299.306,
52859.658,,303.246,298.581,
52926.320,,302.781,299.477,
52992.979,,300.399,297.400,
53059.635,,302.609,300.288,
53126.291,,302.065,299.928,
53192.951,,302.926,304.433,
53259.605,,302.041,298.526,
53326.269,,301.074,297.151,
53392.923,,301.541,298.951,
53459.578,,300.920,297.933,
53526.237,,297.266,297.169,
53592.895,,298.257,294.617,
53659.559,,299.170,294.444,
53726.213,,296.522,295.736,
53792.872,,298.790,294.944,
53859.531,,301.306,297.097,
53926.189,,299.359,295.604,
53992.846,,300.070,294.426,
54059.504,,299.744,294.787,
54126.163,,298.986,295.684,
54192.818,,299.238,296.348,
54259.478,,300.572,296.867,
54326.138,,299.363,296.804,
54392.793,,299.977,295.883,
54459.452,,298.621,299.201,
54526.112,,302.150,297.728,
54592.772,,298.772,295.616,
54659.423,,298.003,296.140,
54726.085,,299.320,295.154,
54792.740,,297.349,292.835,
54859.401,,296.906,296.069,
54926.060,,297.726,296.214,
54992.715,,299.029,295.875,
55059.373,,297.764,298.753,
55126.035,,301.496,302.284,
55192.693,,303.654,303.872,
55259.351,,303.646,303.328,
55326.003,,302.425,303.371,
55392.665,,301.292,305.411,
55459.321,,302.096,305.891,
55525.981,,303.313,306.159,
55592.641,,301.552,303.600,
55659.297,,301.652,302.137,
55725.952,,301.853,302.066,
55792.615,,302.275,301.514,
55859.267,,301.332,301.592,
55925.927,,300.610,299.119,
55992.584,,300.563,300.640,
56059.245,,302.231,299.272,
56125.904,,301.508,301.411,
56192.562,,304.289,303.601,
56259.221,,304.447,302.167,
56325.879,,305.332,300.081,
56392.538,,304.149,302.389,
56459.199,,303.704,300.679,
56525.851,,303.713,300.530,
56592.514,,302.772,299.250,
56659.170,,303.609,299.355,
56725.831,,303.712,301.366,
56792.485,,305.213,300.063,
56859.143,,306.090,299.519,
56925.807,,305.375,302.695,
56992.460,,305.754,300.220,
57059.122,,304.816,300.175,
57125.782,,304.400,300.139,
57192.437,,305.996,301.541,
57259.097,,305.154,299.277,
57325.753,,305.610,301.513,
57392.414,,302.883,302.023,
57459.070,,301.944,300.234,
57525.727,,302.604,300.579,
57592.385,,304.402,301.226,
57659.048,,301.041,298.694,
57725.704,,303.589,300.083,
57792.366,,304.296,301.323,
57859.022,,304.904,301.549,
57925.676,,303.849,300.650,
57992.338,,302.107,300.504,
58058.993,,301.080,301.154,
58125.653,,302.569,301.184,
58192.312,,303.132,302.530,
58258.972,,304.265,301.786,
58325.627,,303.042,302.345,
58392.287,,305.037,301.781,
58458.946,,305.425,303.109,
58525.603,,304.957,303.214,
58592.260,,305.175,303.174,
58658.922,,305.507,302.538,
58725.580,,306.705,302.542,
58792.241,,303.328,298.173,
58858.894,,300.810,297.753,
58925.557,,299.311,299.781,
58992.215,,298.427,297.067,
59058.871,,301.099,299.483,
59125.527,,301.587,297.430,
59192.192,,299.715,297.161,
59258.848,,297.859,295.383,
59325.507,,297.956,294.987,
59392.164,,298.510,295.183,
59458.822,,299.077,298.279,
59525.480,,300.236,300.673,
59592.136,,298.833,296.581,
59658.799,,297.440,292.809,
59725.458,,293.065,290.938,
59792.113,,295.136,294.541,
59858.769,,294.951,291.581,
59925.433,,293.721,294.594,
59992.091,,296.474,293.416,
60058.745,,294.392,292.693,
60125.408,,294.922,293.567,
60192.068,,295.406,293.849,
60258.722,,293.898,291.398,
60325.384,,293.851,292.256,
60392.042,,294.449,290.954,
60458.695,,293.842,291.487,
60525.354,,293.121,291.929,
60592.017,,295.033,293.092,
60658.673,,296.701,296.057,
60725.334,,299.794,298.007,
60791.992,,299.957,298.575,
60858.648,,300.785,298.957,
60925.311,,298.607,296.825,
60991.967,,297.708,295.706,
61058.627,,297.797,296.520,
61125.285,,298.506,297.421,
61191.943,,298.454,297.006,
61258.603,,297.847,297.261,
61325.254,,298.145,297.219,
61391.914,,299.116,296.958,
61458.577,,298.026,295.875,
61525.230,,298.052,295.502,
61591.892,,298.364,294.687,
61658.548,,299.155,295.817,
61725.206,,298.515,294.442,
61791.868,,298.942,293.546,
61858.527,,299.262,296.744,
61925.184,,300.224,295.158,
61991.840,,298.845,294.184,
62058.501,,298.024,294.662,
62125.162,,299.512,297.490,
62191.814,,299.530,296.856,
62258.477,,300.066,296.291,
62325.136,,300.452,295.503,
62391.794,,299.537,297.727,
62458.450,,299.763,297.731,
62525.111,,300.361,297.036,
62591.769,,300.816,297.856,
62658.425,,301.377,297.307,
62725.086,,299.913,298.954,
62791.743,,299.792,300.213,
62858.402,,301.631,300.752,
62925.064,,300.499,302.458,
62991.722,,301.936,304.868,
63058.380,,302.498,306.851,
63125.036,,304.582,306.968,
63191.693,,304.427,304.726,
63258.351,,303.670,305.402,
63325.011,,301.721,301.250,
63391.671,,301.039,302.776,
63458.327,,302.033,303.549,
63524.984,,305.233,305.299,
63591.642,,304.085,305.543,
63658.305,,306.275,304.186,
63724.959,,303.436,302.468,
63791.621,,301.069,298.394,
63858.279,,300.860,300.867,
63924.935,,302.735,301.809,
63991.592,,301.410,298.940,
64058.251,,301.855,296.779,
64124.907,,299.174,298.359,
64191.570,,299.357,297.753,
64258.227,,300.004,297.215,
64324.881,,301.616,298.255,
64391.541,,301.705,299.348,
64458.196,,302.413,295.100,
64524.857,,300.553,297.488,
64591.513,,300.161,296.465,
64658.171,,298.742,293.272,
64724.830,,297.439,293.751,
64791.487,,296.529,292.965,
64858.146,,295.715,290.871,
64924.799,,294.266,291.548,
64991.460,,293.541,291.655,
65058.114,,293.545,293.210,
65124.775,,296.240,296.212,
65191.428,,294.144,294.963,
65258.084,,295.485,297.081,
65324.742,,296.641,298.192,
65391.402,,293.172,296.267,
65458.059,,293.737,297.007,
65524.717,,294.677,299.444,
65591.373,,295.192,299.090,
65658.035,,295.790,299.172,
65724.691,,295.652,299.310,
65791.346,,296.003,300.493,
65858.005,,296.378,300.583,
65924.659,,297.137,299.477,
65991.320,,294.454,297.608,
66057.979,,294.326,297.169,
66124.635,,294.169,296.543,
66191.295,,295.765,298.742,
66257.950,,295.177,296.884,
66324.608,,295.974,299.350,
66391.263,,298.555,300.003,
66457.922,,299.191,301.370,
66524.579,,300.010,301.008,
66591.234,,299.743,299.808,
66657.892,,299.395,300.117,
66724.554,,300.364,302.661,
66791.207,,300.872,302.024,
66857.869,,302.885,302.734,
66924.523,,301.985,302.030,
66991.179,,301.192,299.155,
67057.837,,301.085,300.301,
67124.500,,297.893,298.137,
67191.152,,297.962,297.517,
67257.811,,297.709,297.178,
67324.466,,298.423,299.504,
67391.126,,300.283,299.649,
67457.782,,300.384,297.941,
67524.441,,298.692,298.244,
67591.102,,299.418,300.370,
67657.754,,302.794,302.105,
67724.416,,305.754,304.013,
67791.069,,304.627,300.235,
67857.732,,301.587,299.337,
67924.387,,302.158,299.093,
67991.041,,302.002,297.848,
68057.699,,299.878,297.218,
68124.356,,301.976,298.683,
68191.017,,303.058,298.015,
68257.671,,302.371,297.845,
68324.334,,302.041,298.738,
68390.991,,300.638,295.089,
68457.647,,299.445,293.855,
68524.306,,298.952,295.858,
68590.959,,299.538,295.437,
68657.618,,299.190,294.146,
68724.279,,297.949,292.644,
68790.934,,295.171,293.726,
68857.593,,296.053,290.709,
68924.251,,296.945,291.650,
68990.902,,294.360,290.908,
69057.565,,297.432,295.902,
69124.220,,298.405,293.540,
69190.879,,296.798,294.371,
69257.533,,297.205,295.126,
69324.195,,298.454,296.328,
69390.851,,297.790,297.104,
69457.505,,302.129,297.464,
69524.167,,298.555,294.627,
69590.823,,297.841,299.461,
69657.480,,304.154,295.853,
69724.138,,299.250,295.959,
69790.793,,298.873,294.332,
69857.455,,295.649,292.324,
69924.109,,296.602,295.566,
69990.770,,295.760,295.287,
70057.427,,298.387,298.714,
70124.081,,298.757,295.663,
70190.738,,296.846,292.764,
70257.400,,294.043,292.862,
70324.050,,293.388,293.790,
70390.711,,295.925,291.914,
70457.369,,294.203,293.151,
70524.024,,294.809,292.976,
70590.681,,295.252,292.036,
70657.341,,293.749,293.429,
70723.997,,294.899,292.815,
70790.658,,296.244,292.327,
70857.312,,294.354,293.046,
70923.971,,295.364,294.107,
70990.625,,296.768,294.486,
71057.287,,297.751,292.589,
71123.942,,298.647,295.638,
71190.597,,297.383,295.155,
71257.256,,298.656,294.840,
71323.915,,297.766,293.136,
71390.570,,297.184,293.850,
71457.229,,297.523,294.368,
71523.889,,297.605,293.393,
71590.548,,296.065,290.791,
71657.200,,297.687,291.887,
71723.863,,296.606,292.404,
71790.520,,296.723,293.038,
71857.177,,298.018,294.471,
71923.833,,299.859,296.050,
71990.489,,301.502,295.394,
72057.146,,299.930,296.803,
72123.805,,299.605,296.513,
72190.467,,301.667,296.651,
72257.122,,298.945,298.646,
72323.781,,300.936,296.778,
72390.436,,299.463,298.281,
72457.097,,300.041,297.068,
72523.755,,299.594,297.907,
72590.410,,298.479,300.031,
72657.069,,300.205,301.943,
72723.727,,299.103,301.409,
72790.389,,299.144,301.166,
72857.046,,299.522,299.824,
72923.704,,299.342,298.394,
72990.365,,298.750,297.356,
73057.023,,296.421,298.016,
73123.678,,297.842,295.442,
73190.336,,295.765,295.773,
73256.997,,295.903,294.847,
73323.653,,296.316,294.939,
73390.314,,294.772,293.808,
73456.967,,295.100,293.361,
73523.627,,294.317,292.997,
73590.288,,295.120,294.388,
73656.945,,294.262,291.932,
73723.602,,293.881,293.189,
73790.257,,296.533,295.130,
73856.916,,296.965,295.886,
73923.574,,298.987,297.700,
73990.234,,298.382,296.531,
74056.896,,297.291,293.460,
74123.551,,295.053,292.560,
74190.210,,295.632,292.660,
74256.865,,295.589,293.675,
74323.526,,294.116,292.456,
74390.187,,294.124,293.265,
74456.841,,293.642,294.792,
74523.500,,294.808,297.799,
74590.160,,298.807,299.727,
74656.813,,298.920,303.279,
74723.476,,300.312,303.817,
74790.130,,301.722,301.973,
74856.788,,298.602,301.043,
74923.449,,299.577,301.123,
74990.106,,298.802,298.279,
75056.766,,296.217,296.216,
75123.422,,295.532,294.739,
75190.081,,295.229,295.484,
75256.743,,294.630,295.593,
75323.399,,295.284,295.349,
75390.055,,296.027,298.177,
75456.712,,297.982,298.117,
75523.370,,297.357,299.277,
75590.029,,301.258,303.485,
75656.688,,304.355,304.648,
75723.346,,303.358,300.468,
75790.004,,298.649,296.454,
75856.667,,295.551,298.607,
75923.320,,297.149,296.084,
75989.983,,297.696,294.899,
76056.636,,294.115,295.352,
76123.300,,296.259,295.607,
76189.958,,296.203,297.038,
76256.613,,296.000,293.782,
76323.269,,296.103,293.990,
76389.929,,296.229,297.727,
76456.587,,295.780,297.003,
76523.247,,296.909,294.248,
76589.905,,295.870,295.953,
76656.562,,296.533,294.835,
76723.221,,297.707,300.190,
76789.881,,299.510,297.619,
76856.539,,297.900,296.640,
76923.194,,293.733,295.515,
76989.855,,295.074,292.974,
77056.510,,295.700,294.127,
77123.173,,294.827,293.201,
77189.825,,293.748,292.259,
77256.484,,293.516,293.036,
77323.141,,295.013,294.029,
77389.805,,295.741,294.853,
77456.458,,294.825,295.629,
77523.117,,293.688,296.395,
77589.778,,295.817,297.634,
77656.433,,299.833,299.447,
77723.095,,296.467,299.877,
77789.752,,295.554,299.202,
77856.413,,297.427,299.990,
77923.066,,298.109,301.119,
77989.724,,297.154,300.400,
78056.383,,295.846,297.310,
78123.045,,295.416,299.993,
78189.703,,297.979,300.046,
78256.356,,295.473,296.648,
78323.014,,297.460,297.965,
78389.676,,295.780,297.509,
78456.332,,296.215,294.202,
78522.992,,294.211,296.620,
78589.651,,295.294,294.177,
78656.306,,293.810,293.280,
78722.966,,292.214,290.154,
78789.628,,292.517,293.774,
78856.284,,292.925,291.583,
78922.940,,292.490,292.904,
78989.598,,294.470,296.245,
79056.260,,299.775,298.384,
79122.916,,297.628,297.904,
79189.577,,295.522,298.202,
79256.229,,298.561,298.712,
79322.890,,300.568,301.251,
79389.548,,297.717,301.525,
79456.203,,299.575,300.223,
79522.861,,300.971,300.372,
79589.522,,301.267,301.352,
79656.180,,300.163,301.977,
79722.837,,300.958,298.746,
79789.499,,300.990,300.582,
79856.157,,301.298,298.954,
79922.812,,300.007,298.278,
79989.470,,301.272,297.607,
80056.134,,296.845,294.710,
80122.793,,296.332,296.532,
80189.446,,296.321,293.243,
80256.109,,294.789,295.508,
80322.764,,296.544,292.259,
80389.427,,296.346,296.980,
80456.086,,299.122,297.792,
80522.746,,299.602,297.662,
80589.403,,297.871,298.618,
80656.063,,297.668,297.883,
80722.718,,298.967,295.773,
80789.379,,294.905,293.014,
80856.037,,292.906,295.046,
80922.694,,297.545,299.152,
80989.352,,295.918,297.619,
81056.010,,295.753,298.169,
81122.672,,294.363,298.240,
81189.331,,294.262,296.752,
81255.985,,295.441,299.133,
81322.649,,294.769,298.336,
81389.305,,296.088,298.624,
81455.965,,294.877,298.984,
81522.626,,294.539,298.136,
81589.284,,295.438,297.085,
81655.940,,292.634,296.569,
81722.602,,293.564,294.471,
81789.255,,291.722,295.878,
81855.915,,293.649,296.585,
81922.574,,293.216,299.236,
81989.236,,294.526,304.121,
82055.894,,295.653,306.764,
82122.553,,296.649,307.936,
82189.210,,295.439,303.717,
82255.868,,293.981,303.063,
82322.528,,293.883,304.997,
82389.187,,296.009,303.764,
82455.844,,296.231,301.887,
82522.508,,293.313,300.805,
82589.165,,292.221,296.794,
82655.823,,294.830,300.902,
82722.480,,294.846,299.533,
82789.139,,296.791,299.733,
82855.799,,296.034,298.590,
82922.455,,295.841,299.757,
82989.119,,295.388,297.513,
83055.773,,295.444,299.043,
83122.431,,296.222,296.948,
83189.089,,295.404,298.044,
83255.748,,296.688,296.138,
83322.407,,295.182,296.518,
83389.067,,297.109,296.084,
83455.725,,295.073,295.715,
83522.385,,296.795,295.159,
83589.047,,294.714,294.228,
83655.702,,296.496,294.712,
83722.365,,295.216,293.661,
83789.021,,296.171,294.041,
83855.679,,294.889,292.714,
83922.341,,295.716,295.185,
83988.995,,295.504,290.709,
84055.659,,292.832,291.025,
84122.315,,292.414,291.321,
84188.975,,292.692,290.552,
84255.635,,292.965,289.695,
84322.289,,292.796,291.306,
84388.952,,292.761,290.830,
84455.611,,294.017,290.772,
84522.269,,293.419,291.018,
84588.923,,293.586,290.304,
84655.583,,292.872,290.992,
84722.247,,293.138,290.158,
84788.903,,293.054,290.606,
84855.559,,292.360,289.536,
84922.217,,293.365,290.245,
84988.877,,292.987,290.347,
85055.537,,293.932,289.356,
85122.197,,292.303,289.560,
85188.858,,291.582,288.239,
85255.517,,292.495,288.659,
85322.172,,290.050,288.033,
85388.832,,292.431,288.547,
85455.492,,293.223,288.713,
85522.151,,291.441,289.305,
85588.807,,290.967,289.410,
85655.468,,291.579,286.483,
85722.123,,289.600,287.250,
85788.784,,292.049,288.435,
85855.445,,291.515,290.573,
85922.101,,292.748,286.607,
85988.758,,292.998,289.411,
86055.420,,293.067,287.132,
86122.081,,292.694,286.716,
86188.740,,290.753,285.144,
86255.395,,289.863,284.818,
86322.052,,291.646,287.153,
86388.716,,294.095,287.197,
86455.376,,293.387,286.549,
86522.031,,293.943,286.049,
86588.692,,291.154,283.322,
86655.351,,290.122,282.596,
86722.009,,288.004,281.279,
86788.665,,290.003,283.595,
86855.328,,288.762,284.272,
86921.987,,289.143,286.174,
86988.642,,290.315,285.431,
87055.302,,291.526,287.034,
87121.961,,307.935,290.135,
87188.620,,299.194,294.315,
87255.281,,299.332,294.603,
87321.939,,301.052,293.241,
87388.599,,298.485,292.558,
87455.254,,299.366,292.591,
87521.917,,299.504,294.848,
87588.576,,300.844,295.174,
87655.229,,301.429,295.772,
87721.887,,300.103,297.133,
87788.547,,302.264,299.002,
87855.208,,302.822,299.560,
87921.870,,303.928,301.137,
87988.524,,304.757,300.858,
88055.182,,303.942,301.050,
88121.841,,304.598,302.508,
88188.500,,304.955,302.435,
88255.161,,306.296,304.421,
88321.814,,307.878,304.591,
88388.473,,309.332,303.003,
88455.133,,304.335,295.288,
88521.789,,298.477,292.177,
88588.451,,296.015,290.291,
88655.103,,293.461,290.361,
88721.766,,295.104,289.353,
88788.419,,294.756,289.322,
88855.078,,295.480,289.953,
88921.738,,296.123,290.915,
88988.397,,297.791,292.861,
89055.056,,298.058,292.107,
89121.709,,298.873,292.243,
89188.369,,297.990,290.881,
89255.030,,301.449,295.627,
89321.683,,308.681,301.461,
89388.343,,311.667,300.756,
89455.003,,311.401,298.228,
89521.657,,304.081,294.595,
89588.317,,302.791,293.571,
89654.976,,300.879,293.067,
89721.636,,301.102,289.931,
89788.293,,295.210,286.277,
89854.951,,294.309,287.176,
89921.608,,298.421,293.591,
89988.263,,311.058,302.486,
90054.921,,318.008,307.611,
90121.584,,323.627,304.725,
90188.241,,315.515,298.962,
90254.901,,312.008,298.954,
90321.557,,308.475,295.370,
90388.214,,304.939,295.241,
90454.874,,307.093,296.774,
90521.531,,302.432,290.141,
90588.190,,300.622,288.486,
90654.844,,298.949,291.223,
90721.502,,299.618,288.521,
90788.160,,300.831,291.025,
90854.824,,301.183,288.943,
90921.479,,299.658,287.852,
90988.134,,296.787,287.271,
91054.793,,297.965,286.574,
91121.455,,296.515,286.912,
91188.110,,298.341,286.987,
91254.770,,296.826,285.748,
91321.427,,297.161,286.955,
91388.088,,296.670,285.530,
91454.743,,295.635,286.060,
91521.399,,296.829,285.481,
91588.062,,295.343,284.851,
91654.715,,296.456,285.687,
91721.379,,295.582,284.668,
91788.032,,295.157,285.404,
91854.692,,295.883,284.854,
91921.350,,294.868,284.241,
91988.006,,295.800,285.583,
92054.663,,296.014,284.986,
92121.324,,294.703,284.936,
92187.984,,295.658,286.468,
92254.643,,295.830,286.063,
92321.301,,294.588,286.405,
92387.955,,295.945,287.525,
92454.612,,295.569,286.269,
92521.271,,294.926,286.742,
92587.931,,296.642,286.631,
92654.588,,295.489,285.826,
92721.249,,294.745,286.314,
92787.902,,295.078,284.976,
92854.560,,293.461,284.552,
92921.222,,294.075,284.561,
92987.877,,293.438,283.600,
93054.535,,293.933,284.201,
93121.192,,292.805,283.167,
93187.853,,293.842,282.675,
93254.511,,288.122,279.286,
93321.166,,289.818,281.805,
93387.827,,290.989,283.872,
93454.482,,294.594,284.041,
93521.144,,294.389,285.841,
93587.804,,295.888,285.536,
93654.457,,293.328,282.449,
93721.114,,291.854,284.657,
93787.772,,293.989,283.790,
93854.433,,293.022,283.801,
93921.090,,293.248,283.973,
93987.749,,294.545,285.623,
94054.406,,297.358,289.035,
94121.067,,300.559,291.334,
94187.724,,301.666,289.327,
94254.381,,300.301,291.247,
94321.041,,305.855,294.005,
94387.696,,303.950,289.981,
94454.352,,302.728,290.754,
94521.016,,303.760,294.165,
94587.672,,307.812,293.554,
94654.327,,305.329,295.867,
94720.987,,308.942,293.964,
94787.646,,307.591,297.964,
94854.301,,312.294,299.704,
94920.960,,313.450,298.173,
94987.618,,310.608,298.561,
95054.280,,315.014,301.446,
95120.938,,316.540,301.784,
95187.594,,310.483,296.054,
95254.250,,306.260,294.442,
95320.908,,301.530,292.436,
95387.567,,305.389,294.157,
95454.225,,307.156,293.181,
95520.882,,303.447,291.603,
95587.542,,302.825,290.587,
95654.201,,302.471,289.369,
95720.861,,296.604,288.139,
95787.513,,297.976,286.007,
95854.172,,295.580,285.624,
95920.831,,294.841,284.986,
95987.488,,296.166,285.792,
96054.148,,295.420,283.462,
96120.809,,291.892,282.614,
96187.466,,291.751,282.833,
96254.121,,293.477,282.624,
96320.780,,292.443,282.368,
96387.435,,291.432,281.551,
96454.094,,290.287,284.292,
96520.750,,292.024,282.620,
96587.404,,289.834,280.035,
96654.066,,291.140,284.888,
96720.719,,290.766,281.725,
96787.377,,288.166,281.820,
96854.038,,294.070,282.613,
96920.692,,289.134,281.178,
96987.352,,288.119,279.970,
97054.008,,289.516,280.899,
97120.670,,289.400,283.242,
97187.324,,293.957,283.025,
97253.983,,291.774,283.360,
97320.641,,290.452,281.707,
97387.298,,287.866,280.150,
97453.954,,288.951,282.237,
97520.610,,287.444,279.138,
97587.271,,287.011,279.519,
97653.926,,286.956,281.203,
97720.584,,291.478,284.670,
97787.244,,293.117,285.623,
97853.896,,295.399,287.379,
97920.555,,293.882,287.434,
97987.213,,295.308,288.030,
98053.871,,294.924,289.088,
98120.529,,295.527,288.722,
98187.184,,292.905,286.918,
98253.846,,293.815,287.207,
98320.500,,292.928,287.216,
98387.162,,295.758,287.882,
98453.818,,291.531,283.629,
98520.475,,290.356,284.549,
98587.131,,291.338,284.216,
98653.791,,288.989,281.445,
98720.443,,286.979,280.497,
98787.106,,290.841,284.536,
98853.761,,292.787,284.144,
98920.418,,291.352,284.764,
98987.080,,292.258,283.571,
99053.737,,291.634,284.188,
99120.389,,291.199,282.419,
99187.050,,290.456,283.040,
99253.708,,294.466,290.569,
99320.366,,301.481,292.270,
99387.024,,302.557,291.755,
99453.681,,305.472,297.228,
99520.333,,306.566,299.156,
99586.993,,312.682,305.118,
99653.650,,318.483,307.788,
99720.308,,314.383,303.318,
99786.968,,311.079,304.235,
99853.624,,319.344,309.487,
99920.284,,317.562,302.562,
99986.939,,307.829,294.066,
100053.593,,299.785,290.255,
100120.256,,292.165,279.193,
100186.912,,286.285,278.737,
100253.564,,286.589,290.170,
100320.227,,293.185,288.475,
100386.886,,296.142,282.870,
100453.543,,292.851,289.046,
100520.199,,295.067,290.577,
100586.854,,301.161,294.692,
100653.511,,305.150,299.890,
100720.170,,309.877,299.579,
100786.825,,312.570,305.121,
100853.487,,317.049,305.992,
100920.139,,305.379,295.466,
100986.803,,306.676,300.192,
101053.459,,313.507,310.195,
101120.111,,323.169,312.801,
101186.773,,315.770,302.970,
101253.432,,306.528,298.571,
101320.084,,306.147,299.822,
101386.743,,305.976,298.094,
101453.405,,300.232,288.508,
101520.059,,289.456,280.326,
101586.717,,285.649,277.761,
101653.375,,283.579,281.963,
101720.029,,288.385,280.070,
101786.689,,286.818,274.496,
101853.345,,284.652,280.921,
101920.005,,281.726,271.374,
101986.664,,281.127,275.518,
102053.320,,282.940,277.626,
102119.975,,286.940,277.293,
102186.635,,285.377,282.338,
102253.290,,292.736,285.408,
102319.945,,294.421,284.847,
102386.609,,294.229,285.880,
102453.263,,292.304,284.876,
102519.918,,293.491,285.055,
102586.575,,289.394,282.189,
102653.234,,290.075,283.450,
102719.890,,294.921,286.332,
102786.548,,293.121,283.946,
102853.205,,295.281,284.668,
102919.862,,292.802,289.848,
102986.522,,299.688,289.351,
103053.177,,299.467,290.282,
103119.835,,300.028,289.006,
103186.496,,296.773,290.005,
103253.150,,300.150,290.457,
103319.813,,300.147,289.850,
103386.470,,298.629,289.206,
103453.127,,300.926,294.357,
103519.782,,307.121,296.303,
103586.441,,308.244,298.200,
103653.096,,304.015,294.484,
103719.752,,303.487,298.086,
103786.409,,306.414,295.929,
103853.072,,308.236,302.409,
103919.729,,311.416,299.236,
103986.388,,303.927,294.653,
104053.043,,304.262,296.417,
104119.702,,306.221,298.799,
104186.358,,300.979,293.806,
104253.016,,299.089,290.374,
104319.676,,295.538,288.991,
104386.337,,295.956,287.945,
104452.995,,296.569,287.182,
104519.653,,295.232,285.568,
104586.307,,293.526,285.242,
104652.968,,294.627,287.998,
104719.630,,293.810,286.850,
104786.283,,294.546,287.762,
104852.946,,293.366,286.786,
104919.604,,290.710,286.387,
104986.262,,292.192,288.760,
105052.917,,293.163,289.572,
105119.574,,294.569,289.733,
105186.232,,294.874,289.408,
105252.895,,294.133,289.425,
105319.551,,294.969,290.452,
105386.212,,295.129,289.890,
105452.870,,294.351,288.606,
105519.527,,293.451,288.710,
105586.182,,291.555,287.782,
105652.845,,292.422,288.739,
105719.502,,294.730,291.261,
105786.159,,295.988,290.323,
105852.821,,293.125,288.868,
105919.479,,291.395,285.067,
105986.137,,289.577,285.002,
106052.797,,289.119,285.302,
106119.450,,290.515,288.528,
106186.110,,292.715,291.334,
106252.772,,294.559,294.303,
106319.426,,293.301,293.072,
106386.084,,293.562,290.857,
106452.745,,290.897,290.836,
106519.400,,290.916,287.988,
106586.063,,290.908,289.836,
106652.721,,291.457,289.453,
106719.376,,292.967,290.297,
106786.036,,291.703,288.345,
106852.693,,292.300,290.186,
106919.351,,293.492,290.458,
106986.008,,294.124,290.479,
107052.669,,293.602,289.299,
107119.329,,293.084,289.222,
107185.988,,293.831,288.377,
107252.646,,292.835,287.902,
107319.304,,293.705,288.779,
107385.960,,294.591,289.910,
107452.621,,295.357,289.526,
107519.281,,294.786,288.310,
107585.935,,293.663,287.948,
107652.593,,294.200,287.618,
107719.256,,293.752,287.719,
107785.912,,294.359,287.902,
107852.573,,293.717,287.016,
107919.230,,293.773,287.435,
107985.888,,293.659,286.722,
108052.544,,293.287,286.984,
108119.201,,294.386,287.398,
108185.862,,295.526,290.563,
108252.520,,297.155,291.195,
108319.181,,297.203,289.092,
108385.835,,296.470,288.287,
108452.494,,293.807,287.214,
108519.157,,293.185,285.293,
108585.810,,292.363,287.111,
108652.473,,292.317,286.203,
108719.130,,293.299,287.442,
108785.787,,292.428,289.571,
108852.447,,292.470,288.495,
108919.106,,292.127,288.806,
108985.763,,290.740,289.613,
109052.422,,291.500,288.694,
109119.081,,291.960,290.433,
109185.739,,292.198,289.152,
109252.398,,291.733,289.430,
109319.052,,292.847,289.734,
109385.715,,291.671,288.918,
109452.371,,292.562,290.966,
109519.031,,291.952,289.882,
109585.689,,292.242,290.508,
109652.345,,292.290,288.913,
109719.007,,292.075,289.936,
109785.664,,293.262,288.939,
109852.323,,292.245,288.232,
109918.978,,293.445,288.610,
109985.641,,291.551,286.664,
110052.297,,292.578,287.424,
110118.952,,292.142,286.684,
110185.612,,292.231,286.631,
110252.269,,291.137,286.406,
110318.931,,292.593,287.792,
110385.587,,294.163,288.274,
110452.250,,294.125,289.134,
110518.902,,294.598,289.130,
110585.564,,293.119,288.087,
110652.223,,291.208,288.141,
110718.884,,290.658,287.479,
110785.540,,290.312,289.010,
110852.201,,291.789,290.121,
110918.854,,294.627,295.030,
110985.517,,298.890,297.650,
111052.175,,298.789,297.125,
111118.830,,296.610,294.340,
111185.488,,297.480,299.166,
111252.145,,296.016,292.341,
111318.808,,295.090,291.583,
111385.462,,290.724,287.913,
111452.124,,289.249,285.241,
111518.782,,291.097,290.810,
111585.442,,294.864,291.511,
111652.101,,293.560,288.788,
111718.757,,292.479,287.658,
111785.415,,291.052,285.795,
111852.077,,292.957,287.898,
111918.732,,292.398,288.338,
111985.390,,290.125,283.238,
112052.051,,290.871,286.555,
112118.709,,292.466,287.833,
112185.361,,294.303,289.785,
112252.020,,296.120,291.083,
112318.677,,294.811,288.056,
112385.337,,293.941,287.104,
112451.996,,291.138,285.880,
112518.653,,288.322,282.340,
112585.312,,288.376,282.706,
112651.966,,286.178,284.303,
112718.628,,288.183,282.898,
112785.284,,288.553,282.368,
112851.943,,285.982,282.163,
112918.597,,285.792,279.697,
112985.255,,286.061,282.562,
113051.911,,288.252,282.667,
113118.574,,289.765,283.492,
113185.227,,289.219,283.499,
113251.890,,289.782,281.175,
113318.548,,287.818,282.200,
113385.200,,290.073,282.990,
113451.863,,290.439,282.436,
113518.519,,287.437,281.672,
113585.175,,287.225,278.553,
113651.836,,287.060,281.857,
113718.493,,288.893,280.913,
113785.151,,288.719,280.564,
113851.809,,285.793,281.245,
113918.464,,294.175,285.763,
113985.124,,293.935,284.944,
114051.784,,293.999,284.688,
114118.435,,292.208,285.492,
114185.099,,291.051,282.869,
114251.751,,291.676,282.418,
114318.408,,287.671,282.005,
114385.071,,287.234,281.852,
114451.726,,288.435,280.317,
114518.384,,285.089,279.016,
114585.041,,286.428,281.594,
114651.699,,284.190,280.272,
114718.358,,285.868,285.111,
114785.014,,288.389,284.053,
114851.676,,288.708,282.673,
114918.332,,286.737,282.531,
114984.988,,286.093,280.861,
115051.644,,286.484,281.152,
115118.305,,287.071,282.011,
115184.965,,287.418,282.412,
115251.621,,288.071,282.792,
115318.279,,287.504,284.813,
115384.935,,288.075,284.463,
115451.590,,289.402,288.311,
115518.250,,289.838,288.966,
115584.911,,293.030,291.543,
115651.569,,291.049,290.465,
115718.222,,289.201,290.097,
115784.882,,288.770,288.587,
115851.540,,288.251,288.452,
115918.200,,288.533,289.677,
115984.854,,289.367,292.153,
116051.511,,292.159,292.661,
116118.172,,291.610,292.501,
116184.830,,290.454,292.061,
116251.484,,292.619,292.811,
116318.145,,293.707,293.950,
116384.803,,294.556,293.243,
116451.457,,293.438,290.658,
116518.116,,291.706,290.234,
116584.776,,292.450,289.164,
116651.429,,289.921,285.678,
116718.088,,288.528,287.927,
116784.746,,291.577,290.192,
116851.408,,292.724,288.763,
116918.063,,291.253,287.845,
116984.720,,291.410,286.649,
117051.380,,290.816,287.296,
117118.037,,290.429,285.831,
117184.694,,290.348,285.312,
117251.354,,290.173,287.050,
117318.010,,291.700,287.373,
117384.666,,293.670,286.823,
117451.328,,291.572,287.124,
117517.981,,291.545,284.530,
117584.641,,290.805,285.319,
117651.296,,290.744,285.505,
117717.956,,292.610,286.950,
117784.612,,295.843,289.007,
117851.269,,294.401,287.852,
117917.929,,293.492,286.286,
117984.586,,295.385,285.156,
118051.246,,290.505,283.522,
118117.906,,286.971,281.238,
118184.559,,290.176,282.642,
118251.215,,290.064,285.594,
118317.874,,292.823,286.002,
118384.535,,293.452,285.597,
118451.193,,293.877,285.466,
118517.847,,290.084,284.121,
118584.509,,289.975,281.259,
118651.163,,291.306,282.397,
118717.823,,287.419,281.812,
118784.483,,290.163,282.919,
118851.139,,291.505,284.196,
118917.797,,291.372,283.313,
118984.450,,291.913,283.897,
119051.113,,291.719,282.642,
119117.767,,291.069,283.177,
119184.425,,291.126,281.054,
119251.082,,290.577,282.408,
119317.740,,290.248,281.771,
119384.397,,291.569,282.338,
119451.055,,290.313,281.680,
119517.716,,290.876,282.865,
119584.370,,290.562,281.272,
119651.031,,290.314,281.523,
119717.686,,289.810,281.232,
119784.344,,290.788,282.589,
119851.006,,290.659,281.591,
119917.658,,290.312,281.685,
119984.317,,291.844,282.153,
120050.975,,290.763,281.289,
120117.632,,291.233,282.161,
120184.295,,290.619,282.727,
120250.949,,295.303,285.495,
120317.606,,294.559,283.359,
120384.266,,292.031,283.293,
120450.926,,290.320,282.454,
120517.581,,289.843,281.826,
120584.239,,290.851,282.372,
120650.900,,291.200,283.538,
120717.556,,288.340,283.119,
120784.217,,289.457,280.989,
120850.869,,286.319,283.239,
120917.527,,287.129,282.065,
120984.186,,288.867,282.766,
121050.845,,287.645,281.776,
121117.503,,286.404,279.399,
121184.161,,285.152,278.212,
121250.817,,284.476,280.661,
121317.475,,286.433,282.265,
121384.135,,284.809,281.550,
121450.796,,284.552,281.872,
121517.454,,284.971,282.618,
121584.109,,283.472,282.252,
121650.771,,284.402,285.900,
121717.428,,290.164,291.382,
121784.081,,293.063,293.493,
121850.745,,293.399,293.137,
121917.401,,292.355,293.791,
121984.057,,295.173,293.920,
122050.713,,294.783,293.218,
122117.374,,292.038,294.066,
122184.034,,291.592,289.587,
122250.692,,289.953,286.161,
122317.347,,287.566,283.727,
122384.008,,285.346,286.021,
122450.663,,287.181,287.376,
122517.323,,287.161,285.906,
122583.976,,284.956,285.674,
122650.637,,286.504,288.691,
122717.293,,290.561,294.017,
122783.953,,291.777,293.016,
122850.612,,290.165,291.596,
122917.268,,290.472,289.893,
122983.926,,286.922,288.195,
123050.586,,288.800,287.809,
123117.242,,286.998,288.658,
123183.899,,287.842,287.110,
123250.561,,289.485,287.434,
123317.213,,289.085,287.901,
123383.877,,289.505,286.778,
123450.534,,290.332,294.289,
123517.190,,295.975,294.066,
123583.849,,295.840,294.512,
123650.503,,293.972,292.678,
123717.161,,292.753,289.104,
123783.824,,291.140,288.711,
123850.481,,289.233,287.231,
123917.136,,290.411,286.910,
123983.794,,290.582,288.592,
124050.452,,292.140,287.904,
124117.110,,291.441,289.405,
124183.770,,292.323,288.675,
124250.424,,294.163,289.039,
124317.083,,291.273,287.410,
124383.745,,291.083,284.985,
124450.400,,289.757,285.572,
124517.061,,288.638,285.409,
124583.716,,290.983,288.120,
124650.377,,292.024,287.123,
124717.036,,291.510,286.347,
124783.689,,288.885,283.950,
124850.348,,289.796,285.846,
124917.004,,288.745,283.534,
124983.666,,287.578,284.433,
125050.322,,287.167,283.513,
125116.980,,287.058,285.699,
125183.642,,288.863,284.482,
125250.299,,290.467,289.920,
125316.954,,294.254,290.205,
125383.614,,294.360,288.438,
125450.268,,293.897,289.560,
125516.931,,292.161,287.426,
125583.583,,291.153,287.736,
125650.246,,292.275,291.937,
125716.904,,296.849,294.465,
125783.557,,298.246,296.650,
125850.215,,299.388,296.843,
125916.876,,294.324,290.224,
125983.535,,295.043,297.237,
126050.194,,296.462,292.259,
126116.853,,291.395,288.879,
126183.505,,290.668,288.416,
126250.168,,290.860,290.129,
126316.822,,290.922,288.608,
126383.483,,289.403,286.225,
126450.140,,285.141,285.130,
126516.799,,288.931,286.145,
126583.455,,290.456,286.666,
126650.112,,288.045,286.982,
126716.773,,289.286,287.584,
126783.426,,290.531,285.448,
126850.086,,289.828,284.823,
126916.743,,288.824,284.735,
126983.401,,288.636,285.376,
127050.062,,288.722,284.130,
127116.717,,289.402,284.582,
127183.380,,288.642,284.740,
127250.034,,289.845,285.127,
127316.691,,289.925,285.216,
127383.351,,290.944,285.250,
127450.011,,289.404,284.537,
127516.668,,286.496,282.673,
127583.327,,287.463,282.596,
127649.983,,287.746,282.261,
127716.639,,287.368,283.358,
127783.298,,287.423,282.523,
127849.956,,290.069,287.233,
127916.615,,294.502,289.940,
127983.269,,295.350,290.117,
128049.928,,295.896,291.597,
128116.587,,294.054,288.946,
