Time,55C_SHAM_F,56C_SHAM_F,59F_SHAM_F,536_SHAMF,A0D_SHAMF,A04_SHAMF,55C_SH_M,56C_SH_M,59F_SH_M,536_SH_M,A0D_SH_M,A04_SH_M,B65_SNI_F,B5F_SNI_F,A22_SNI_F,50E_SNIF,50D_SNIF,B65_SNI_F,56F_SNI_M,B6F_SNI_Male,B5F_SNI_Male,A22_SNI_Male,50E_SNI_Male,50D_SNI_Male,,,CTRL,SNI,CTRL_SEM,SNI_SEM,,,,,,,,,,
5/6/2024 11:00,3.86,16,5.05,0.73,6.9,1.62,5.45,0.802,5.61,0.0244,3.27,0.0244,11.7,0.441,8.82,7.76,1.74,0.384,0.138,0.306,0.416,4.71,7.03,3.81,,1,4.111733333,3.937916667,1.281586028,1.163166137,,,,,,,,,,
5/6/2024 12:00,10,1.44,7.63,3.57,0.0244,0.585,1.67,0.429,3.07,0.793,2.36,17.7,8.44,20.5,13.6,0.0244,3.8,0.487,4.35,0.379,1.36,6.11,0.608,0.311,,2,4.10595,4.99745,1.514972261,1.846662658,,,,,,,,,,
5/6/2024 13:00,0.63,3.74,1.63,6.24,11.5,1.19,2.65,0.811,7.1,4.08,0.319,1.08,1.72,0.442,4.35,0.454,2.2,0.708,0.0371,1.54,6.44,3.37,0.561,1.06,,3,3.414166667,1.906841667,0.976122018,0.554819789,,,,,,,,,,
5/6/2024 14:00,13.2,8.74,2.85,3.86,2.95,6.16,4.43,0.637,7.45,1.48,1.72,9.34,14.6,1.06,2.55,0.492,3.4,0.32,0.129,1.5,2.75,8.92,5.22,0.414,,4,5.23475,3.44625,1.098842636,1.252229019,,,,,,,,,,
5/6/2024 15:00,2.9,2.47,1.24,8.5,0.0244,0.392,1.93,0.592,1.43,7.64,0.433,4.74,32.1,25.2,27.3,18,22.5,11.8,13,0.751,0.0586,3.02,0.264,0.0648,,5,2.69095,12.8382,0.819752224,3.460993879,,,,,,,,,,
5/6/2024 16:00,45.3,21.3,62.5,39.9,43.4,1.66,8.16,5.3,5.61,22.1,0.932,68.6,27.6,57.1,59.5,51.2,58.5,8.7,43.9,2.46,21.6,3.68,8.54,3.89,,6,27.0635,28.88916667,6.975360063,6.83585705,,,,,,,,,,
5/6/2024 17:00,17.6,43.5,21.9,22.2,45.7,0.114,4.53,17.3,3.32,9.67,0.194,43.2,13.5,37.1,16.8,25.7,24.4,0.0244,6.03,0.321,0.0244,6.58,0.397,0.728,,7,19.10233333,10.96706667,4.904229132,3.624287296,,,,,,,,,,
5/6/2024 18:00,5.76,3.56,3.13,14.5,43,0.468,1.86,5.63,3.55,5.1,0.223,4.81,11.4,5,6.23,0.0244,4.5,0.288,5.28,0.0244,3.81,10.7,1.81,0.793,,8,7.632583333,4.154983333,3.385571002,1.127244716,,,,,,,,,,
5/6/2024 19:00,29.2,1.91,8.93,42.5,1.52,9.4,16.8,16.3,22.8,19.8,1.58,33.1,27.8,34,19.1,20.5,9.97,10.9,4.13,22.8,24.3,31.7,15.1,15,,9,16.98666667,19.60833333,3.822092544,2.616319655,,,,,,,,,,
5/6/2024 20:00,26.8,31.8,19.1,45.8,28.8,5.43,19.5,20.6,18.1,31,18.2,27.1,55.4,41.5,37,15.7,25.6,9.18,22.8,22.4,40.1,16.4,28.8,14.7,,10,24.3525,27.465,2.8778067,3.929991229,,,,,,,,,,
5/6/2024 21:00,20.6,43,18.8,45.8,40,13.4,8.23,13.6,8.69,14.8,5.44,27.9,39.9,14.9,39.5,34.3,16.4,19.9,15.1,25.4,38,30.7,14.2,5.21,,11,21.68833333,24.45916667,4.096050358,3.399157752,,,,,,,,,,
5/6/2024 22:00,2.82,35.8,25.2,36.9,0.742,22.1,4.95,2.25,16.8,14,3.08,3.26,2.18,50.4,24.4,36.2,12.2,4.92,12,11.4,43.9,3.9,20,6.89,,12,13.99183333,19.0325,3.847337887,4.720023614,,,,,,,,,,
5/6/2024 23:00,17.1,22.1,7.93,23.5,25.9,7.22,4.73,19.7,28.6,13.9,17.8,36,27.5,13.2,20.9,7.07,5.02,2.46,3.29,12.3,36.8,15.3,9.4,5.45,,13,18.70666667,13.22416667,2.688490715,3.038266666,,,,,,,,,,
5/7/2024 0:00,4.28,30.3,27,8.08,8.63,31.6,16.4,2.3,2.2,4.39,0.797,0.291,2.27,9.3,9.77,8.75,9.43,17.5,5.28,11,9.64,10.5,7.98,13.3,,14,11.35566667,9.56,3.432685697,1.082709844,,,,,,,,,,
5/7/2024 1:00,3.52,14.1,8.71,6.22,1.92,2.92,3.75,1.84,28.6,0.528,8.64,14.6,14.7,11.1,6.5,8.04,3.47,19.2,1.83,19,36.8,12.7,10.1,7.6,,15,7.945666667,12.58666667,2.309169401,2.704417355,,,,,,,,,,
5/7/2024 2:00,8.04,0.0244,3.05,6.01,17.2,27.3,23.8,18.3,7.36,5.52,0.108,8.59,5.65,7.46,2.77,4.54,1.27,4.63,2.46,5.21,27.1,6.54,7.62,1.53,,16,10.44186667,6.398333333,2.614895568,1.981786321,,,,,,,,,,
5/7/2024 3:00,25.7,3.26,6.26,2.66,4.73,6.75,0.413,0.284,15.5,0.0244,1.45,1.74,17.6,2.9,17.5,1.06,13.8,0.0244,1.87,5.15,4.63,7.23,0.501,0.583,,17,5.73095,6.0707,2.196454901,1.903074672,,,,,,,,,,
5/7/2024 4:00,5.24,4.3,16.6,4.2,0.567,8.75,3.38,0.349,7.85,4.86,0.213,12.3,1.29,10.1,0.444,3.18,0.654,9.29,1.36,15.5,12.2,17.4,11.6,7.01,,18,5.717416667,7.502333333,1.435188244,1.746631144,,,,,,,,,,
5/7/2024 5:00,8.24,2.11,6.71,6.04,1.23,13.5,3.88,14.1,6.42,0.0244,5.65,15.9,17.3,9.01,8.83,9.43,6.9,2.86,11.2,0.0244,29.6,2.39,0.741,0.646,,19,6.9837,8.244283333,1.487746433,2.455380764,,,,,,,,,,
5/7/2024 6:00,8.81,2.14,3.71,1.07,9.38,5.45,23.2,9.86,32,1.89,0.141,1.94,13.3,17.7,5.49,0.532,3.96,0.0244,12.9,2.08,2.44,14.6,5.23,6.87,,20,8.29925,7.093866667,2.827189651,1.733820855,,,,,,,,,,
5/7/2024 7:00,2.06,13.3,7.31,11.1,3.92,1.63,0.302,3.58,1.38,0.0892,6.23,5.66,4.5,2.75,2.69,1.54,0.567,0.0244,2.13,1.34,6.07,5.55,0.201,4.96,,21,4.713433333,2.693533333,1.215038393,0.611150948,,,,,,,,,,
5/7/2024 8:00,1.48,0.175,12.5,0.0244,0.297,1.98,1.26,0.534,16.4,3.23,0.543,0.359,7.2,3.95,12.8,2.84,9.91,3.83,6.15,0.742,2.32,3.87,4.26,1.13,,22,3.231866667,4.916833333,1.554149065,1.030882836,,,,,,,,,,
5/7/2024 9:00,1.22,2.87,4.04,0.0244,6.73,3.32,10.7,7.61,4.97,0.755,0.609,5.18,6.29,3.5,1.79,3.52,0.0723,0.0244,0.549,4.78,5.76,4.71,1.4,0.798,,23,4.002366667,2.766141667,0.933435468,0.655421741,,,,,,,,,,
5/7/2024 10:00,12.2,6.78,1.3,9.69,0.376,3.33,0.771,0.0244,1.91,0.293,7.17,9.87,1.67,9.95,6.19,0.0244,0.251,7.14,0.0244,7.19,0.727,1.84,0.266,11.2,,24,4.4762,3.872733333,1.274288762,1.206973158,,,,,,,,,,
5/7/2024 11:00,3.27,0.801,4.18,3.13,0.102,9.28,7.89,0.442,8.66,0.637,0.276,0.67,16,2.98,3.74,2.4,1.01,0.0244,0.822,0.213,7.09,5.09,0.0883,0.692,,25,3.278166667,3.345808333,1.008111021,1.316271733,,,,,,,,,,
5/7/2024 12:00,4.52,3.99,1.4,1.22,12.4,0.229,2.58,0.0728,2.56,0.0244,0.171,5.83,0.877,3.3,10.3,0.0244,0.312,0.362,6.18,2.75,1.09,14.2,0.597,3.73,,26,2.916433333,3.643533333,1.02535425,1.295465283,,,,,,,,,,
5/7/2024 13:00,7.87,0.559,13.2,6.13,0.0244,2.63,2.78,0.0244,1.73,2.63,0.0401,0.0407,2.31,12.3,7.78,0.0244,2.97,10.5,0.613,3.33,0.977,2.34,0.493,0.17,,27,3.138216667,3.650616667,1.16919096,1.213774222,,,,,,,,,,
5/7/2024 14:00,11.2,0.507,1.26,1.22,0.698,0.202,1.49,0.369,4.53,6.79,0.157,14.1,3.88,5.91,10.6,4.9,0.445,0.0244,1.91,0.317,15.3,5.22,5.41,0.0244,,28,3.543583333,4.495066667,1.366352069,1.344008344,,,,,,,,,,
5/7/2024 15:00,4.36,9.31,2.37,4.83,9.43,1.37,4.71,4.5,5.95,9.38,0.205,0.0244,1.81,0.696,3.09,1.12,0.645,0.695,0.0244,0.52,14.5,7.43,0.104,1.17,,29,4.703283333,2.650366667,0.97641285,1.225593102,,,,,,,,,,
5/7/2024 16:00,13.1,0.341,8.19,20.8,30.3,10.6,16.6,14.3,11.1,22.2,7.46,29,7.34,10.1,22,6.98,11.4,12.2,5.98,7.27,18.1,7.11,5.19,2.64,,30,15.33258333,9.6925,2.572563044,1.606691559,,,,,,,,,,
5/7/2024 17:00,4.58,9.17,3.04,0.306,0.93,0.568,7.28,1.28,2.25,2.77,0.554,0.677,4.95,1.16,2.7,5.16,3.39,0.0244,1.01,0.416,3.01,1.47,3.62,0.461,,31,2.78375,2.28095,0.829084637,0.511642317,,,,,,,,,,
5/7/2024 18:00,10.8,0.739,2.16,1.48,12.9,2.03,2.84,3.9,3.16,6.65,0.59,14.2,6.26,1.61,2.15,4.04,2.82,0.157,1.15,0.901,3.48,7.13,0.263,3.11,,32,5.12075,2.755916667,1.401784183,0.641865173,,,,,,,,,,
5/7/2024 19:00,16,2.56,7.42,30.7,3.63,0.763,25.7,12.9,13.6,22.8,1.08,23.7,24,36.3,33.7,6.62,19.9,17,2.91,7.93,51.7,25.6,10.4,13.5,,33,13.40441667,20.79666667,3.030495053,4.136140848,,,,,,,,,,
5/7/2024 20:00,46.2,24.1,19.1,32.5,10.4,13.6,25.2,27.1,29.2,26.4,24.4,44.3,29,28.3,32.1,29.8,18.8,18.4,26.2,31.4,53.4,19,32.3,28.2,,34,26.875,28.90833333,3.063893468,2.67922587,,,,,,,,,,
5/7/2024 21:00,37.6,46.7,5.95,17.5,24.2,10.5,1.84,7.77,7.22,23.9,18.8,5.3,44.9,11.8,34.4,14.1,23.9,12.4,25.2,26.2,44,15.3,31,1.36,,35,17.27333333,23.71333333,4.007949361,3.86215463,,,,,,,,,,
5/7/2024 22:00,29.6,30.6,16.8,6.27,8.22,23.1,5.75,14.6,21.9,8.65,0.786,35.3,26.1,43.4,29.5,20.3,9.38,6.88,4.73,16.4,30.4,16.8,2.58,13.8,,36,16.798,18.35583333,3.252668424,3.518370288,,,,,,,,,,
5/7/2024 23:00,11,0.546,12.8,9.73,7.71,20.1,19.4,0.315,13.4,37,21.1,9.43,9,20.8,16.7,0.0244,15,23,19.2,6.05,12.6,11.9,5.91,1.51,,37,13.54425,11.80786667,2.888140253,2.160672442,,,,,,,,,,
5/8/2024 0:00,31.1,0.0244,16.7,3.72,1.68,13.4,12.2,13.1,10.5,4.74,1.88,8.07,20.3,10.4,12.8,37.7,8.56,8.52,8.48,20.5,7.31,15.9,10.8,2.3,,38,9.759533333,13.63083333,2.494184759,2.67137618,,,,,,,,,,
5/8/2024 1:00,3.26,18,2.33,1.48,23,20.9,2.35,9.95,3.86,1.28,6.98,17.7,15.4,23.9,17.1,2.84,8.36,7.38,19.9,4.79,10.9,8.27,5.21,7,,39,9.2575,10.92083333,2.403776424,1.91549798,,,,,,,,,,
5/8/2024 2:00,1.76,5.3,3.72,11.7,0.242,6.24,5.96,1.14,35.2,26.2,0.181,20.2,10.4,16,1.34,0.108,13,0.916,6.38,7.5,7.75,9.07,5.97,0.327,,40,9.82025,6.563416667,3.296047224,1.4921377,,,,,,,,,,
5/8/2024 3:00,16.7,3.68,8.41,2.38,5.09,8.05,4.12,1.58,4.65,0.602,0.573,5.16,12.3,4.45,10.7,18.2,3.25,13,6.17,9.92,1.82,8.37,0.187,3.3,,41,5.082916667,7.638916667,1.284855348,1.549481817,,,,,,,,,,
5/8/2024 4:00,6.33,0.137,9.22,8.23,18.6,8.24,3.76,13.2,6.12,0.488,4.21,10.3,29.1,14.8,15.3,0.0244,5.54,6.5,15.7,9.33,1.05,6.78,0.302,10.2,,42,7.402916667,9.5522,1.504872669,2.403735889,,,,,,,,,,
5/8/2024 5:00,29.4,19.4,2.02,1.21,2.88,6.42,16.6,6.47,22.8,6.73,2.35,5.67,14.8,10.2,6.32,4.01,8.68,3.61,13.8,18.5,32,10.3,4.74,2.65,,43,10.1625,10.80083333,2.72013205,2.399259816,,,,,,,,,,
5/8/2024 6:00,3.36,1.44,5.51,3.88,12.8,3.57,9.24,14.1,6.21,0.975,0.245,12.3,20.5,13.4,3.84,3.81,9.6,0.362,9.06,0.0728,10.4,17.9,10.1,6.37,,44,6.135833333,8.784566667,1.399766056,1.843467594,,,,,,,,,,
5/8/2024 7:00,7.41,11.2,1.39,2.44,4.44,6.12,1.3,0.202,6.46,0.0244,0.708,1.9,5.8,0.441,2.37,0.224,1.24,1.56,1.9,2.53,0.76,12.1,2.88,2.68,,45,3.632866667,2.87375,1.009813292,0.940852242,,,,,,,,,,
5/8/2024 8:00,2.44,0.0244,3.35,0.774,4.32,0.636,9.84,0.579,2.51,3.84,5.29,8.58,4.31,4.77,1.78,0.637,4.37,0.284,1.94,1.23,0.256,3.13,0.206,0.86,,46,3.515283333,1.981083333,0.906053319,0.499282841,,,,,,,,,,
5/8/2024 9:00,6.23,1.52,1.9,1.69,0.147,2.54,7.03,1.73,4.85,0.0624,5.69,5.27,3.55,2.61,19.7,1.78,3.69,0.37,3.1,0.92,0.96,4.28,0.457,0.979,,47,3.221616667,3.533,0.704993205,1.521324737,,,,,,,,,,
5/8/2024 10:00,14.7,0.0484,1.79,0.0653,0.163,0.345,4.25,0.869,8.87,0.852,0.245,8.91,1.72,6.16,5.12,3.98,6.48,0.333,2.41,9.16,1.77,3.87,0.267,1.63,,48,3.425641667,3.575,1.393422429,0.789343216,,,,,,,,,,
5/8/2024 11:00,1.78,14.8,2.51,1.05,0.561,0.333,4.35,0.0732,3.42,1.14,0.2,6.14,4.81,2.88,3.23,0.236,0.554,11.6,19.6,1.2,0.0244,2.7,0.491,0.0244,,49,3.029766667,3.945816667,1.198313953,1.70357168,,,,,,,,,,
5/8/2024 12:00,0.243,0.0244,2.14,0.277,2.97,13.1,2.64,9.05,1.74,10.2,2.29,2.68,10.8,1.75,7.89,0.341,1.49,0.479,10.2,1.06,10.8,2.83,0.581,2.73,,50,3.9462,4.245916667,1.251190766,1.248604321,,,,,,,,,,
5/8/2024 13:00,18.4,1.45,12.6,10.7,19.5,0.281,2.15,0.523,3.91,0.54,2.52,40.1,13.1,15.2,26.6,6.3,12.2,0.2,16.1,3.93,0.173,13.8,0.296,0.0244,,51,9.3895,8.993616667,3.449994584,2.451609477,,,,,,,,,,
5/8/2024 14:00,2.49,18.8,4.77,0.0244,0.146,0.157,5.37,0.0687,3.68,0.373,0.132,0.0244,1.17,0.749,0.376,0.409,2.67,0.0244,4.3,0.305,0.0244,3.98,0.46,0.195,,52,3.002958333,1.2219,1.549114174,0.444880163,,,,,,,,,,
5/8/2024 15:00,2.02,1.74,1.22,10.5,1.08,1.52,2.07,1.05,3.5,16,0.357,2.21,6.34,4.9,1.71,0.277,2.24,0.429,1.44,3.27,2.34,7.98,0.237,0.379,,53,3.605583333,2.6285,1.362288001,0.736608902,,,,,,,,,,
5/8/2024 16:00,12.6,0.916,5.1,10.8,36.3,8.65,16.3,18.3,20.8,28,6.01,27.1,5.42,16.3,8.98,4.87,2.86,8.91,5.9,10.7,13.1,14.6,20,11.2,,54,15.90633333,10.23666667,3.072821197,1.479734995,,,,,,,,,,
5/8/2024 17:00,7.24,12.5,1.76,0.0244,0.0244,0.246,1.28,0.0244,9.57,18.9,0.21,12.7,1.65,0.525,0.213,0.221,5.12,0.0244,0.569,0.544,0.0337,5.05,0.548,0.0244,,55,5.373266667,1.210208333,1.901217644,0.537645765,,,,,,,,,,
5/8/2024 18:00,10.7,0.593,1.77,13.7,2.77,2.72,13,3.32,6.99,15,0.336,7.37,26.4,9.48,11.6,16.5,6.36,0.505,3.24,0.86,1.07,10.4,0.286,2.09,,56,6.522416667,7.39925,1.553454398,2.306693512,,,,,,,,,,
5/8/2024 19:00,25.4,2.57,6.43,29.9,3.82,2.32,10.8,14.2,35.2,1.38,1.36,41.2,26.7,44.4,6.16,14.2,17.7,6.28,11.3,13.9,34.7,20.7,13.4,20.6,,57,14.54833333,19.17,4.197546692,3.284602739,,,,,,,,,,
5/8/2024 20:00,44.6,43.5,20.3,40.2,31.7,13.4,32.5,27.3,21.7,32.5,20.4,23.8,60.9,35.5,24.2,1.47,34.3,20.5,35.2,18.9,47.3,9.79,28.1,15,,58,29.325,27.59666667,2.868061456,4.734370512,,,,,,,,,,
5/8/2024 21:00,20.2,42.1,2.35,33.7,6.75,4.97,3.31,20,26.5,8.21,2.09,27,42.4,52.5,44.2,35.2,18.8,0.392,16.6,22.1,38.7,14.3,9.63,12.2,,59,16.43166667,25.58516667,3.956111657,4.729662621,,,,,,,,,,
5/8/2024 22:00,19.5,39,11.5,2.74,16.6,8.43,5.9,1.1,14.5,4.41,14.2,9.1,7.49,46.2,12.6,11.5,2.99,6.17,19.6,8.87,29.1,19.1,7.03,0.338,,60,12.24833333,14.249,2.93559731,3.709266786,,,,,,,,,,
5/8/2024 23:00,29.8,13,19.2,27.7,11.5,21.6,10.8,16.5,19.4,2.29,0.524,27.9,17.1,3.24,14.2,11.1,12.1,18.2,16.7,18.9,7.66,6.84,0.455,14.3,,61,16.6845,11.73291667,2.753081184,1.740188563,,,,,,,,,,
5/9/2024 0:00,13.8,3.03,1.17,8.27,32.1,3.17,3.66,0.536,32.5,7.67,13.1,17.6,39.5,24.6,21.9,2.38,20.1,2.58,6.13,7.88,38.7,11.3,9.49,10.9,,62,11.38383333,16.28833333,3.215579334,3.70457801,,,,,,,,,,
5/9/2024 1:00,9.91,30.1,13.3,19.4,4.37,17.4,4.85,11.8,25.6,1.43,3.58,6.43,15.3,26.3,9.14,1.66,17.4,17,2.5,13.7,8.84,22.4,7.71,4.73,,63,12.3475,12.22333333,2.645929729,2.247185557,,,,,,,,,,
5/9/2024 2:00,25.5,6.23,1.67,0.734,4.9,1.71,8.26,8.02,32.1,4.37,1.34,20.3,9.97,3.42,3.79,0.519,1.69,0.0393,19.5,10.3,2.18,6.66,3.15,0.532,,64,9.5945,5.145858333,3.028415919,1.643360456,,,,,,,,,,
5/9/2024 3:00,0.197,1.3,4.1,0.251,29.8,4.91,11.4,1.77,5.52,0.115,0.242,17.8,24.1,7.76,25.2,0.477,7.09,3.97,0.627,0.473,27.3,7.66,0.299,6.68,,65,6.450416667,9.303,2.628414802,2.955565731,,,,,,,,,,
5/9/2024 4:00,18.3,31.9,13.2,25.6,13.7,19.9,1.13,11.7,36.3,5.01,0.286,7.7,2.25,6,8.48,9.45,18.3,3.61,4.75,19.2,0.483,20.6,10.3,1.56,,66,15.39383333,8.748583333,3.328580938,2.052464086,,,,,,,,,,
5/9/2024 5:00,0.65,2.03,1.36,0.918,0.878,0.118,3.96,1.87,15.5,0.369,18.5,20.2,34.7,6.14,7.65,4.06,9.7,11.5,12.3,0.647,25.7,1.84,2.08,10.1,,67,5.529416667,10.53475,2.220738699,2.93010086,,,,,,,,,,
5/9/2024 6:00,20.2,3.64,12.9,0.0244,27.6,14.7,9.08,7.9,20.7,0.222,0.0244,1.59,12.6,5.99,9.92,4.43,11.7,5.73,4.91,11.3,4.7,17.8,10.3,7.04,,68,9.881733333,8.868333333,2.710376708,1.183875143,,,,,,,,,,
5/9/2024 7:00,0.746,6.04,8.48,12.9,6,5.92,1.27,7.56,1.68,1.51,0.354,2.03,5.05,15.8,12.9,8.66,0.995,0.704,0.5,0.0244,2.47,0.999,0.337,0.765,,69,4.540833333,4.100366667,1.125093005,1.567486769,,,,,,,,,,
5/9/2024 8:00,4.08,16.1,1.38,1.6,20.5,0.54,3.09,0.0244,10.6,0.314,0.674,0.844,0.179,22.1,2.08,0.684,5.96,0.0447,0.539,1.95,6.66,8.53,1.27,0.133,,70,4.978866667,4.177475,1.997284035,1.830268312,,,,,,,,,,
5/9/2024 9:00,1.05,2.26,2.35,0.0244,0.0244,0.75,13.1,24.8,1.85,7.39,0.152,4.02,14.5,17.5,8.1,3.47,2.77,7.12,4.92,5.94,8.4,17.6,9.97,0.482,,71,4.814233333,8.397666667,2.123180654,1.618341273,,,,,,,,,,
5/9/2024 10:00,7.23,6.13,1.74,8.2,3.31,12.8,5.04,7.84,18.7,11.2,13.4,0.0244,12.4,1.61,7.86,0.0244,1.1,14.1,5.32,12.2,12.5,24.1,5.16,12.5,,72,7.967866667,9.072866667,1.543874761,1.9989152,,,,,,,,,,
5/9/2024 11:00,7.83,1.39,3.34,5.4,2.27,28.8,29.4,19.8,25.6,16.1,23.2,12.2,8.61,9.7,16.2,3.12,7.17,18.4,10.2,27.2,9.97,20.9,2.49,24.3,,73,14.61083333,13.18833333,3.058126397,2.3354332,,,,,,,,,,
5/9/2024 12:00,0.874,16.5,2.76,0.0244,0.0244,34,15.6,22.3,23,33,37,3.39,10.7,22.9,5.68,0.0244,4.76,19.6,1.11,39.5,22.8,22.8,3.34,24.5,,74,15.70606667,14.80953333,4.096939365,3.544822264,,,,,,,,,,
5/9/2024 13:00,14.2,1.16,1.98,1.69,2.04,8.87,36.1,5.98,35,20.4,20.6,1.87,2,0.076,3.95,0.726,0.346,18.4,0.932,33.5,29,15.6,3.66,19.6,,75,12.49083333,10.64916667,3.721698142,3.484807159,,,,,,,,,,
5/9/2024 14:00,1.64,0.168,13.2,8.73,6.88,2.98,25.2,3.76,18,10.8,12.8,0.664,1.66,2.44,8.66,2.96,3.87,1.29,0.0451,15.4,1.93,6.66,5.29,3.81,,76,8.735166667,4.501258333,2.215384192,1.211417324,,,,,,,,,,
5/9/2024 15:00,0.671,0.812,4.57,3.24,3.1,1.02,10.8,1.53,11,15.6,10.7,2.87,1.67,3.66,7.26,1.61,1.41,0.614,0.71,12.6,15.1,15.8,1.77,0.604,,77,5.49275,5.234,1.474959307,1.708987029,,,,,,,,,,
5/9/2024 16:00,2.77,2.22,1.22,0.0244,3.42,0.617,8.27,0.0289,3.54,5.11,10.5,0.809,1.08,0.156,4.98,0.151,1.45,0.885,13.7,9.51,2.51,1.33,0.488,1.57,,78,3.210775,3.150833333,0.955051908,1.226811578,,,,,,,,,,
5/9/2024 17:00,13.6,1.03,1.92,15.7,5.06,0.0555,15,6.22,1.36,1.86,6.65,1.9,4.46,5.22,7.81,22.3,21.2,0.0244,0.0244,5.8,11.9,3.21,26,0.0244,,79,5.862958333,8.997766667,1.665475442,2.675512308,,,,,,,,,,
5/9/2024 18:00,10.8,6.62,7.3,35.2,13.2,2.45,6.49,3.17,2.85,4.89,2.87,27.3,5.19,1.62,14.8,15.6,8.43,0.0244,5.07,9.19,7.15,3.65,15.3,0.804,,80,10.26166667,7.2357,3.024077328,1.614574148,,,,,,,,,,
5/9/2024 19:00,33.9,6.27,10.2,23.3,27.8,0.615,13.9,0.161,3.98,3.34,6.92,19.8,2.04,3.92,35.8,14.9,7.4,6.29,13.1,23.4,15.2,11.1,5.69,0.765,,81,12.5155,11.63375,3.244081514,2.886428217,,,,,,,,,,
5/9/2024 20:00,30.2,50.2,11.3,21.4,50,0.0244,7.6,4.62,1.76,0.234,5.68,42,0.1,2.48,28,15.7,19.9,3.98,11.9,22.7,13.9,2.84,20,3.02,,82,18.75153333,12.04333333,5.625166478,2.718196632,,,,,,,,,,
5/9/2024 21:00,25.1,45.1,12.6,31.4,47.1,0.0244,9.72,4.01,4.66,1.41,6.2,44.4,2.59,11.9,29.1,4.22,20.8,1.84,10.1,21,7.32,0.292,0.0714,1.12,,83,19.31036667,9.196116667,5.291881765,2.796204843,,,,,,,,,,
5/9/2024 22:00,30.3,32.1,11.3,9.94,37.7,1.14,1.03,4.72,2.75,3.26,11.1,37.3,2.33,13.7,13.5,7.72,9.66,0.0244,19.8,8.79,9.42,1.77,0.0244,0.879,,84,15.22,7.301483333,4.240704451,1.8473778,,,,,,,,,,
5/9/2024 23:00,32.1,20.5,8.84,24.1,18.2,5.69,7.66,4.79,2.35,1.48,0.448,22.1,0.422,1.71,8.6,5.14,3.91,0.488,17.7,5.55,5.49,7.44,0.0244,0.2,,85,12.35483333,4.722866667,3.039477781,1.458956634,,,,,,,,,,
5/10/2024 0:00,21.1,11.2,6.81,5.23,8.49,0.712,1,18.3,4.53,0.0244,3.29,11.2,2.96,2.09,28.1,5.21,7.57,0.0442,8.62,12,1.52,0.0573,0.0244,0.0922,,86,7.6572,5.690675,1.957985006,2.334219177,,,,,,,,,,
5/10/2024 1:00,7.06,7.64,10.2,4.61,10.7,0.0747,1.94,9.68,4.59,0.536,3.93,15.6,17.8,2.33,16.1,2.01,6.75,1.36,31.5,11.5,0.0244,0.0244,7.79,0.562,,87,6.380058333,8.1459,1.340413335,2.782744439,,,,,,,,,,
5/10/2024 2:00,13.7,9.8,13.8,0.111,1.51,0.0244,0.199,2.73,1.27,2.24,0.0244,13.9,3.8,4.96,5.29,3.04,7.21,0.0244,6.98,11.8,0.108,0.526,17,0.0524,,88,4.9424,5.0659,1.720352324,1.501371513,,,,,,,,,,
5/10/2024 3:00,8.81,7.36,11.3,9.74,4.88,0.0244,0.356,12,1.15,0.0535,2.18,2.72,0.0637,0.455,26.6,0.0371,11.1,0.0244,4.52,10.9,12.7,2.08,29.1,0.0787,,89,5.047825,8.138241667,1.319994108,2.999853935,,,,,,,,,,
5/10/2024 4:00,11.5,7.46,7.74,0.0457,1.84,0.531,0.0244,17.8,1.12,0.0244,0.136,10.9,31.3,0.589,31.9,6.73,0.0244,0.0244,21.9,21.1,7.23,0.363,6.98,0.713,,90,4.926791667,10.73781667,1.734506354,3.573668398,,,,,,,,,,
5/10/2024 5:00,1.9,7.1,4.07,0.0244,0.78,9.45,6.24,2.49,4.92,0.356,1.31,0.758,9.52,2.5,9.53,2.59,3.26,5.57,18,8.96,0.261,0.997,2.15,2,,91,3.2832,5.444833333,0.882940458,1.493099303,,,,,,,,,,
5/10/2024 6:00,3.87,6.94,7.99,8.75,13.6,4.26,1.07,18.9,1.54,0.593,0.0244,0.085,25.8,28.3,12.6,2.91,23.6,2.66,22.2,5.24,2.04,2.81,3.42,0.13,,92,5.6352,10.97583333,1.711527142,3.133682232,,,,,,,,,,
5/10/2024 7:00,31.5,3.5,1.99,0.0244,15,8.73,14.1,6.88,1.98,0.0244,0.454,15.9,28.2,2.55,8.34,9.01,22,0.865,14.7,24.7,0.166,0.0301,0.383,0.0244,,93,8.340233333,9.247375,2.722021867,3.061756822,,,,,,,,,,
5/10/2024 8:00,8,18.8,6.43,11.9,7.67,0.0669,2.7,1.73,1.22,0.0244,1.2,11.3,22.4,7.71,15.2,5.43,9.81,0.0244,10.3,15.7,0.989,1.33,0.917,0.0244,,94,5.920108333,7.486233333,1.695712014,2.13486556,,,,,,,,,,
5/10/2024 9:00,1.35,17.3,12.2,1.29,5.58,8.83,5.74,24.2,4.66,4.46,16.4,1.78,16.2,0.0547,29.8,3.15,10.1,1.21,6.05,32,2.91,0.922,19.5,3.84,,95,8.649166667,10.47805833,2.123726163,3.269833884,,,,,,,,,,
5/10/2024 10:00,6.19,9.31,5.52,0.0244,4.27,0.0324,0.034,2.34,1.27,0.0244,0.581,2.21,1.2,1.64,12.2,1.79,6.22,0.0244,3.92,1.89,0.422,0.0244,3.2,7.33,,96,2.650516667,3.321733333,0.877782132,1.050042664,,,,,,,,,,
5/10/2024 11:00,8.69,3.82,4.78,11.9,6.17,15.9,0.722,2.31,1.41,0.0244,1.35,18.5,46,4.85,17.7,7.63,11.9,0.0244,5.89,9.28,1.25,0.163,1.27,0.798,,97,6.298033333,8.896283333,1.786696827,3.720910387,,,,,,,,,,
5/10/2024 12:00,13.8,23.4,6.38,6.03,23.9,0.47,0.169,7.15,2.37,0.0244,0.0942,10.1,11.6,0.966,17,1.18,0.33,0.847,15.8,24.4,0.0244,0.0244,0.0284,0.0642,,98,7.823966667,6.022033333,2.478254177,2.517423163,,,,,,,,,,
5/10/2024 13:00,5.92,4.44,4.98,0.0244,1.16,0.0244,2.88,0.828,1.35,8.95,0.355,0.0913,7.26,0.284,2.84,1.95,12.6,0.0244,1.88,1.47,0.633,0.715,0.367,0.0244,,99,2.583591667,2.503983333,0.834153466,1.083345895,,,,,,,,,,
5/10/2024 14:00,7.94,0.38,4,0.179,0.154,0.487,0.0244,6.8,1.3,2.47,0.306,0.0244,10.7,1.02,22.6,1.62,0.388,1.82,5.8,12.8,0.77,0.516,0.0293,0.118,,100,2.0054,4.848441667,0.804095119,2.038721828,,,,,,,,,,
5/10/2024 15:00,5.92,0.0244,5.2,4.51,5.98,2.89,2.49,14.9,2.44,5.79,6.08,1.1,25.3,3.81,8.4,0.0244,1.65,2.29,0.676,6.59,6.09,6.03,6.7,11.7,,101,4.777033333,6.605033333,1.096009379,1.963164165,,,,,,,,,,
5/10/2024 16:00,3.45,4.09,13.2,5.05,14.4,0.0244,0.295,4.88,1.38,5.42,2.94,15.7,20.7,8.78,12.8,5.96,13,0.171,11.8,16.9,5.63,0.0244,1.39,4.38,,102,5.90245,8.461283333,1.576298234,1.931621725,,,,,,,,,,
5/10/2024 17:00,9.28,4.05,1.39,15.1,11.4,0.435,0.0432,10.5,1.58,0.0244,0.0461,21.7,4.25,0.734,16.1,4.1,9.5,0.0244,4.35,4.14,0.198,0.0244,0.353,0.0244,,103,6.295725,3.64985,2.079152239,1.4068073,,,,,,,,,,
5/10/2024 18:00,12.3,1.07,4.85,12.6,2.18,0.307,0.0244,8.75,6,7.22,0.0405,4.83,20.9,3.72,21.1,6.83,16.9,1.32,3.31,5.63,1.55,1.36,1.64,0.219,,104,5.014325,7.039916667,1.308088538,2.277653699,,,,,,,,,,
5/10/2024 19:00,12,15.6,1.44,19.9,3.67,15,17.9,15.5,16.5,4.02,4.08,5.31,9.41,16.1,20.8,11.3,15.3,3.65,2.59,5.43,23.2,3.99,10.3,0.714,,105,10.91,10.232,1.925680124,2.125116054,,,,,,,,,,
5/10/2024 20:00,22.6,22,4.18,20,6.85,4.27,3.56,17.5,21.7,1.5,15.9,1.48,24.8,0.236,17,19,16,3.84,12.9,13.7,26.4,2.3,19.9,3.83,,106,11.795,13.3255,2.545030065,2.570288854,,,,,,,,,,
5/10/2024 21:00,8.9,28.5,2.59,26.2,2.14,23.1,0.0697,24.1,7.13,9.74,16.2,23.7,6.86,0.68,26.1,1.3,9.49,0.708,1.44,13.9,14.6,1.71,0.863,0.0341,,107,14.36414167,6.473758333,3.011976433,2.351953463,,,,,,,,,,
5/10/2024 22:00,30.1,5.42,5.98,18,8.58,25.1,5.84,19,27,6.95,6.01,33.7,42.7,13.5,27.9,9.69,7.43,14,3.6,18,1.42,13.7,11.3,0.0244,,108,15.97333333,13.60536667,3.115482922,3.440110959,,,,,,,,,,
5/10/2024 23:00,24.8,18,2.53,22.1,31.2,5.32,0.0364,9.9,26.4,0.0502,21.2,43.1,35.9,6.98,34.7,23,15.6,14.1,18.3,9.98,3.59,0.125,14.5,2.54,,109,17.05305,14.94291667,3.938869025,3.368073164,,,,,,,,,,
5/11/2024 0:00,18.6,44.4,9.25,6.22,26.2,10.4,1.49,18.1,14.7,8.62,13.9,37.6,38,15.1,22.7,21.8,24.6,0.0244,11,1.47,15,0.804,7.99,15.3,,110,17.45666667,14.48236667,3.699450068,3.253867955,,,,,,,,,,
5/11/2024 1:00,7.23,35.4,9.28,7.95,6.36,1.39,5.58,8.17,6.7,7.44,1.47,47.5,4.6,15.4,26.6,16.5,30.8,0.0244,18.2,16.6,14,1.27,5.17,0.959,,111,12.03916667,12.51028333,4.095800595,2.939730207,,,,,,,,,,
5/11/2024 2:00,10.7,29.1,12.4,7.97,1.89,1.31,14.6,24.2,1.43,0.227,1.75,5.15,22.9,10.8,14.3,19.1,26.8,10.3,2.61,26.9,0.629,0.574,13.6,0.0244,,112,9.22725,12.37811667,2.742268496,2.902682336,,,,,,,,,,
5/11/2024 3:00,8.7,2.98,17.5,6.62,5.35,3.77,0.0244,4.19,20,0.0244,0.526,18.4,28.6,13.4,21.3,3.3,15,0.809,6.99,2.58,5.98,16.2,1.47,0.307,,113,7.3404,9.661333333,2.109316457,2.645221805,,,,,,,,,,
5/11/2024 4:00,6.49,6.91,1.83,0.0244,47.2,18.4,0.0405,5.28,5.67,0.0244,13.4,1.96,5.87,6.75,4.22,16.9,7.97,0.386,3.65,16.6,10.4,0.0244,8.11,0.0244,,114,8.935775,6.742066667,3.838473431,1.661639231,,,,,,,,,,
5/11/2024 5:00,10.3,19.1,1.45,4.59,18.8,0.344,4.99,18.2,9.85,1.96,0.0244,6.23,32.4,3.38,7.45,8.1,21.4,11.4,3.9,18.4,3.59,0.0244,1.82,4.4,,115,7.986533333,9.6887,2.092609751,2.797587033,,,,,,,,,,
5/11/2024 6:00,7.81,4.9,3,0.32,4.31,7.67,3.43,10.9,2.05,2,19.4,7.1,6.04,0.541,11.5,0.665,8.78,0.61,2.94,4.97,1.86,7.5,10.8,5.7,,116,6.074166667,5.158833333,1.493204028,1.134007274,,,,,,,,,,
5/11/2024 7:00,1.1,0.898,2.66,6.16,1.81,0.793,0.145,2.14,1.16,0.0244,5.08,0.189,2.41,0.294,1.45,1.46,2.2,0.0244,1.99,5.93,0.354,0.061,0.361,0.051,,117,1.846616667,1.382116667,0.562809356,0.487986219,,,,,,,,,,
5/11/2024 8:00,7.7,13.8,1.42,3.11,0.0244,1.54,0.613,11.5,1.19,1.82,0.0244,6.41,11.4,7.59,3.84,7.03,3.55,0.104,3.11,2.6,5.83,0.516,1.42,0.0773,,118,4.095983333,3.922275,1.35095002,1.001690439,,,,,,,,,,
5/11/2024 9:00,1.99,4.62,2.34,1.74,0.254,1.09,6.11,6.36,7.89,0.189,1.61,9,5.42,0.595,12.1,0.514,2.81,0.0244,0.646,6.79,1.97,0.0244,11.5,2.21,,119,3.599416667,3.716983333,0.884428993,1.249383929,,,,,,,,,,
5/11/2024 10:00,14,0.763,7.4,3.24,16,0.585,0.0318,5.7,1.16,1.44,0.4,1.37,24.9,10.5,1.09,0.0433,3.52,1.66,0.0613,10.4,0.239,0.0244,0.349,0.314,,120,4.340816667,4.425083333,1.581179156,2.167356818,,,,,,,,,,
5/11/2024 11:00,0.0244,28.2,8.89,0.0244,0.0641,0.402,0.0244,6.24,1.41,10.8,0.667,14.2,2.89,0.0244,6.95,1.86,25.1,0.308,6.24,6.83,0.708,1.35,0.305,1.16,,121,5.912191667,4.477116667,2.484256587,2.020789046,,,,,,,,,,
5/11/2024 12:00,2.06,21,1.39,5.09,0.0746,3.16,0.561,3.45,11,18.2,2.23,0.903,2.26,0.0484,9.66,0.552,4.38,0.297,0.0521,3.4,0.413,0.0244,9.17,0.0519,,122,5.759883333,2.525733333,2.050878273,1.019790462,,,,,,,,,,
5/11/2024 13:00,0.0244,0.85,1.35,0.0244,0.0469,4.76,0.136,6.53,1.33,28.3,1.03,2.71,18.7,9.8,6.44,3.18,3.01,0.89,1.11,7.29,2.92,1.37,0.123,0.431,,123,3.924308333,4.605333333,2.293150102,1.551244487,,,,,,,,,,
5/11/2024 14:00,0.337,4.56,1.46,5.58,9.56,0.0244,0.801,0.836,1.58,23.8,7.13,1.28,5.65,20.1,1.47,2.33,4.19,0.138,0.0746,8.95,0.953,0.0244,0.075,0.87,,124,4.7457,3.735416667,1.942470973,1.686480975,,,,,,,,,,
5/11/2024 15:00,3.66,0.525,2,5.02,0.0244,0.946,0.469,11.7,1.28,22.4,0.0723,1.3,5.29,0.868,5.12,0.0244,3.56,0.544,3.73,2.95,0.356,0.813,0.43,0.0244,,125,4.116391667,1.975816667,1.912151256,0.581693177,,,,,,,,,,
5/11/2024 16:00,11.3,1.73,7.33,19.8,12.3,13.2,3.56,14.8,9.37,24.3,11.9,28.2,21.5,26.8,27,2.97,15,6.74,5.25,12.6,5.79,0.514,8.8,17.8,,126,13.14916667,12.56366667,2.259701797,2.624160262,,,,,,,,,,
5/11/2024 17:00,2.78,28.6,1.94,27.4,0.291,1.19,0.612,12.8,1.54,29.8,0.562,10.4,7.7,9.36,8.04,0.178,5.93,0.0401,0.0244,2.38,0.0244,0.085,1.03,0.301,,127,9.82625,2.924408333,3.466454503,1.069330503,,,,,,,,,,
5/11/2024 18:00,3.2,2.97,11.6,0.3,0.975,1.19,5.92,19.1,8.19,0.485,2.66,0.416,2.1,0.134,1.42,0.0995,1.91,2.03,1.33,7.24,3.61,0.521,1.03,0.0692,,128,4.7505,1.791141667,1.650727578,0.579189116,,,,,,,,,,
5/11/2024 19:00,0.765,1.35,10.8,23,18.6,15.3,12,8.18,22.5,2.38,14.8,5.81,26.4,20.9,10,12.1,18.6,14.5,0.844,16,22.2,7.61,12,6.68,,129,11.29041667,13.98616667,2.259723976,2.105408871,,,,,,,,,,
5/11/2024 20:00,23,0.689,6.99,36.8,25.4,10.3,20.8,22.5,19.5,38.8,9.22,2.15,34.8,29.6,5.74,18.6,19.3,15.6,1.55,24.3,25.7,7.07,10.1,16,,130,18.01241667,17.36333333,3.593628485,2.920033814,,,,,,,,,,
5/11/2024 21:00,12.6,38.7,4.82,27.6,0.165,8.7,15.4,8.81,6.98,8.3,3.84,36.9,2.69,1.85,18.6,0.445,11.1,27.7,3.64,6.97,25,0.164,3.15,12,,131,14.40125,9.442416667,3.730656887,2.777323939,,,,,,,,,,
5/11/2024 22:00,17.9,17.6,20.7,14.2,32.3,19.3,0.506,9.42,17.9,0.246,14,51.8,14.3,3.58,7.21,6.82,2.6,0.132,12.8,16,4.18,4.37,13.8,0.0244,,132,17.98933333,7.151366667,3.970907066,1.641612467,,,,,,,,,,
5/11/2024 23:00,20.7,32.2,1.57,36.9,59.6,7.75,1.25,9.75,2.49,0.0244,0.466,56.4,36.8,15,22.7,3.85,18.6,20.4,10.2,10.6,3.1,17.5,0.28,9.66,,133,19.0917,14.0575,6.367361225,2.920365825,,,,,,,,,,
5/12/2024 0:00,9.62,47.8,18.1,25.8,57.2,1.51,17.5,10.6,27.8,0.0244,8.74,26.5,15.1,3.62,23.7,16.9,14.8,15.7,12.9,10.7,2.06,0.0244,17.2,16.6,,134,20.93286667,12.44203333,5.042714376,2.046501586,,,,,,,,,,
5/12/2024 1:00,0.502,6.55,2.31,10.2,7.92,0.872,3.24,1.1,29.4,0.974,13.6,9.01,16.9,0.866,19.4,0.0244,12,0.605,1.29,2.76,2.89,0.0244,1.92,0.658,,135,7.139833333,4.944816667,2.379596228,2.014014898,,,,,,,,,,
5/12/2024 2:00,5.9,18.5,2.49,15.7,16,12.1,0.0244,12.6,6.94,0.378,0.0244,8.09,2.2,11,7.97,7.5,8.33,0.303,14.6,17.2,17.8,5.77,3.62,1.5,,136,8.2289,8.149416667,1.930807517,1.724649734,,,,,,,,,,
5/12/2024 3:00,4.27,33.3,2.34,14,37.5,2.32,5.74,3.06,1.11,1.01,1.44,31.3,26.3,1.62,11.6,0.753,1,10.9,1.87,1.95,2.02,0.0768,1.29,3.12,,137,11.44916667,5.208316667,4.076500367,2.213109798,,,,,,,,,,
5/12/2024 4:00,13.9,0.781,2.37,2.3,0.0244,0.279,0.289,2.16,14,0.499,8.31,4.09,26.5,8.32,8.83,10.3,18,0.426,2.05,2.89,1.41,0.875,9.37,16.5,,138,4.083533333,8.78925,1.486007172,2.348527931,,,,,,,,,,
5/12/2024 5:00,3.85,5.89,1.14,8.43,23.1,15.9,0.499,3.99,1.17,0.214,0.937,2.26,5.58,2.17,3.17,1.39,19,2.66,3.79,10.2,15.7,0.603,15.8,1.66,,139,5.615,6.81025,2.047781072,1.900958985,,,,,,,,,,
5/12/2024 6:00,3.75,4.9,18.8,0.309,1.6,1.15,5.53,8.27,1.42,0.0244,0.0244,15.7,1.71,10.2,9.75,0.0244,1.56,14.9,3.39,0.554,0.798,0.805,1.72,2.07,,140,5.12315,3.956783333,1.800698267,1.400552727,,,,,,,,,,
5/12/2024 7:00,5.02,3.43,2.6,20.6,2.22,1.45,0.0519,0.808,1.25,0.0244,0.255,5.59,11.5,9.24,1.43,1.92,7.24,3.89,0.0244,1.22,0.644,1.09,0.987,0.497,,141,3.608275,3.306866667,1.633949009,1.114631355,,,,,,,,,,
5/12/2024 8:00,8.37,15,1.37,0.0244,10.6,1.11,5.2,0.177,1.24,0.172,10.8,4.5,5.25,0.411,4.09,0.63,6.4,2.72,0.0762,0.417,2.09,0.0244,0.0244,0.366,,142,4.880283333,1.874916667,1.482854085,0.649673654,,,,,,,,,,
5/12/2024 9:00,0.0244,13.6,4.45,22.5,19.6,14.3,1.09,0.231,12.9,3.56,0.0345,12.4,16.2,1.53,14.7,0.0244,16.6,0.779,0.241,3.01,5.06,0.0244,5.19,0.793,,143,8.724158333,5.345983333,2.336174812,1.899703342,,,,,,,,,,
5/12/2024 10:00,8.55,2.57,1.28,28.7,0.292,0.229,0.0244,2.26,1.28,2.25,0.364,0.718,3.66,7.21,2.79,0.344,0.627,0.237,0.0244,1.01,0.522,0.662,0.127,0.293,,144,4.043116667,1.458866667,2.337878331,0.615613343,,,,,,,,,,
5/12/2024 11:00,0.0706,2.57,2.07,0.0244,0.325,1.17,5.77,1.21,2.79,2.03,2.84,0.249,4.64,5.02,0.967,0.228,1.81,0.375,7.86,6.12,0.509,0.718,0.139,2.48,,145,1.759916667,2.572166667,0.476666341,0.76830997,,,,,,,,,,
5/12/2024 12:00,14.8,0.51,1.33,15.5,3.06,0.582,0.975,0.333,1.29,6.82,0.119,15.6,30.9,0.0244,11.8,13.9,13.2,0.206,0.0341,0.129,1.14,0.0244,0.561,0.108,,146,5.076583333,6.002241667,1.855322236,2.794562571,,,,,,,,,,
5/12/2024 13:00,2.74,8.19,4.22,50.9,26,0.465,0.0244,0.0295,3.36,10.8,0.658,0.0854,2.67,9.43,3.73,1.93,0.91,0.253,1.73,0.877,0.0435,0.0244,0.655,0.0511,,147,8.956025,1.858666667,4.373876516,0.7653686,,,,,,,,,,
5/12/2024 14:00,0.533,5.52,1.36,39.6,0.0244,1.44,8.87,1.19,6.87,3.93,1.82,3.19,4.64,1,3.92,0.0244,0.814,0.608,0.463,1.33,4.19,0.694,0.483,0.3,,148,6.195616667,1.538866667,3.136338332,0.48348343,,,,,,,,,,
5/12/2024 15:00,6.21,0.0244,6.21,10.5,3.85,0.559,0.0244,2.15,7.51,0.0244,8.27,16.5,6.38,7.13,11.9,3.6,3.92,0.823,6.09,0.335,0.0615,0.356,0.789,0.449,,149,5.152683333,3.486125,1.470875643,1.081781584,,,,,,,,,,
5/12/2024 16:00,15,12,12.8,14.3,21.4,6.35,4.22,10.5,7.1,7.2,7.46,56.4,11.8,21.5,18.6,9.3,12,1.8,8.72,5.38,9.67,0.145,1.85,1.24,,150,14.56083333,8.500416667,4.043623948,1.980143519,,,,,,,,,,
5/12/2024 17:00,13.2,14.3,1.45,10.9,0.0244,0.708,20.9,5.95,25.9,8.23,0.332,3.11,16.9,2.45,3.09,0.765,4.12,0.508,0.68,2.04,0.103,0.0244,0.16,1.78,,151,8.750366667,2.718366667,2.464682477,1.343145577,,,,,,,,,,
5/12/2024 18:00,5.41,2.74,3.13,11.1,1.53,1.97,2.19,1.1,2.38,0.223,2.61,0.519,7.78,1.9,10.3,0.769,1.26,0.62,0.286,1.19,6.8,1.23,4.97,2.27,,152,2.9085,3.28125,0.840696064,0.964118133,,,,,,,,,,
5/12/2024 19:00,4.46,1.86,17.2,0.103,0.111,6.35,24,16.7,42.7,0.0244,11.2,1.05,5.27,28.9,14.3,1.87,2.55,15.2,7.22,19.2,35.5,3.47,18.6,6.41,,153,10.47986667,13.2075,3.739964816,3.132627691,,,,,,,,,,
5/12/2024 20:00,12.6,8.65,2,9,30.6,14.5,13.6,35,35,0.0244,21.5,9.83,40.2,6.04,5.65,23.1,28.1,26,0.355,15.8,44.6,0.905,28.7,25.2,,154,16.02536667,20.3875,3.456749517,4.258980952,,,,,,,,,,
5/12/2024 21:00,18.7,11.2,5.79,5.93,52.6,5.8,0.6,5.79,16.1,0.0244,6.64,31.9,19.2,24.1,15.5,5.41,20.8,0.185,5.35,9.52,30.6,3.71,12.3,4.81,,155,13.42286667,12.62375,4.38396968,2.729103327,,,,,,,,,,
5/12/2024 22:00,34.2,37.8,22.8,5.86,31.7,6.91,3.24,0.102,13.1,0.0244,0.567,34.3,36.4,13.6,4.85,15.7,2.85,27.1,23.3,10.3,1.13,15.2,4.94,17.7,,156,15.88361667,14.4225,4.383817044,3.071562411,,,,,,,,,,
5/12/2024 23:00,25.4,22.2,12.6,4.47,28,15.6,20.1,21.9,36.7,0.0244,16,21.9,7.83,9.82,13.4,9.87,25.3,5.25,5.76,19.6,1.61,0.0662,0.979,0.772,,157,18.7412,8.354766667,2.880749279,2.280074585,,,,,,,,,,
5/13/2024 0:00,4.55,13,3.27,9.35,33.9,6.21,0.0244,16.5,4.49,0.0244,10,40.9,14.7,15,23.9,0.508,27.5,20.3,9.16,7.37,27.7,5.51,16.9,2.87,,158,11.85156667,14.28483333,3.749037959,2.699522971,,,,,,,,,,
5/13/2024 1:00,23.9,11.2,2.51,18.3,17.8,17.1,5.96,11.7,18.3,0.0244,5.85,2.2,22.8,1.63,27.8,7.79,6.17,10.9,1.97,14.8,2.9,13,4.44,14.2,,159,11.23703333,10.7,2.266695261,2.400606615,,,,,,,,,,
5/13/2024 2:00,3.68,35.1,24.6,1.21,19,1.49,16.2,0.389,5.88,0.0944,11.5,35,31.3,3.16,22.2,0.305,0.534,0.0339,14.5,1.04,3.18,0.0244,14.3,0.268,,160,12.84528333,7.570441667,3.783742721,3.041583401,,,,,,,,,,
5/13/2024 3:00,18.7,7.1,10.2,7,1.43,3.35,0.362,0.351,1.33,0.0244,2.19,0.854,1.87,3.99,5.23,0.0244,6.9,8.03,0.84,10.1,0.955,0.509,4.11,0.918,,161,4.407616667,3.623033333,1.606878067,0.965175753,,,,,,,,,,
5/13/2024 4:00,15.9,2.85,1.31,14.2,48.3,16.6,3.17,1.39,1.6,1.25,2.24,19.7,19.9,3.22,11.2,21.3,5.03,0.316,5.52,7.2,13.1,4.96,0.341,0.908,,162,10.70916667,7.749583333,3.994043569,2.07747552,,,,,,,,,,
5/13/2024 5:00,5.39,19.7,14.4,16.5,5.82,0.702,0.0244,4.29,16.8,1.23,5.45,0.921,2.81,2.46,11,0.0244,0.514,22.2,1.26,7.93,1.83,2.59,8.26,17.4,,163,7.602283333,6.5232,2.078550445,2.065121488,,,,,,,,,,
5/13/2024 6:00,20.2,2.14,11.8,5.26,21.3,4.06,0.886,5.8,1.2,0.515,0.255,13.8,12.5,0.649,14.2,0.0244,1.78,6.63,8.98,0.839,2.43,0.194,2.98,2.69,,164,7.268,4.491366667,2.206138403,1.421618686,,,,,,,,,,
5/13/2024 7:00,0.473,1.61,1.24,0.865,0.208,7.73,2.29,2.02,1.18,0.866,1.8,0.397,3.99,1.06,1.09,12.1,17.7,3.51,0.523,2.24,11.6,2.76,4.03,1.58,,165,1.72325,5.181916667,0.578184176,1.591242141,,,,,,,,,,
5/13/2024 8:00,6.78,20,2.11,16.2,11.2,16.9,5.98,4.01,5.72,1.63,6.7,1.35,6.03,0.336,2.15,0.0244,4.25,8.19,0.728,4.53,1.73,0.753,4.59,3.08,,166,8.215,3.032616667,1.842273176,0.733606792,,,,,,,,,,
5/13/2024 9:00,0.221,5.37,2.3,2.05,0.216,0.0244,0.0244,0.407,1.65,0.69,0.0244,3.43,8.91,24.2,1.94,0.0244,0.221,0.312,0.394,0.0244,0.291,0.783,0.63,2.2,,167,1.367266667,3.327483333,0.485570692,2.026646801,,,,,,,,,,
5/13/2024 10:00,0.208,2.66,4.36,1.7,0.264,0.415,6.22,0.121,3.03,0.336,0.912,17.6,26.5,8.44,8.5,0.0244,8.74,1.17,7.7,2.08,5.27,0.0244,0.299,0.68,,168,3.152166667,5.78565,1.426521276,2.156293538,,,,,,,,,,
5/13/2024 11:00,10.6,6.64,1.33,2.65,8.98,0.673,0.0244,0.351,4.73,0.206,1.04,0.868,2.36,0.382,5.07,4.53,0.0244,0.168,1.55,0.644,1.01,0.0244,0.314,0.0244,,169,3.174366667,1.341766667,1.065254417,0.509777229,,,,,,,,,,
5/13/2024 12:00,12.5,1.08,2.07,4.27,36.1,0.646,2.12,2.78,1.1,1.56,2.2,33.3,10.2,3.42,8.61,0.0244,1.58,1.25,4.27,4.85,4.21,5.01,3.64,0.171,,170,8.3105,3.936283333,3.676692553,0.895504423,,,,,,,,,,
5/13/2024 13:00,0.367,7.18,5.09,3.89,0.148,0.0267,0.0244,0.0537,4.02,0.465,0.0244,0.492,5.24,2.85,5.68,0.424,2.55,2.19,4.36,0.0563,0.184,0.109,0.122,0.0244,,171,1.8151,1.982475,0.727373925,0.622996039,,,,,,,,,,
5/13/2024 14:00,2.94,1.04,3.6,7.9,0.0368,1.85,8.06,0.623,1.25,1.73,0.563,0.0613,11.4,2.83,26.8,10.2,0.356,0.297,0.123,1.12,1.07,0.506,0.91,0.0244,,172,2.471175,4.636366667,0.804657086,2.312699221,,,,,,,,,,
5/13/2024 15:00,6.45,4.47,1.16,3.58,3.95,2.47,1.52,2.19,4.88,4.15,4.07,19.2,2.88,13.9,5.63,0.92,0.588,1.78,0.408,2.05,3.51,1.66,0.726,0.15,,173,4.840833333,2.850166667,1.375084272,1.101220685,,,,,,,,,,
5/13/2024 16:00,8.34,1.13,5.72,21.9,6.24,7.95,20.5,13.5,9.37,7.47,9.75,22.1,25.8,14.6,14.3,2.12,7.15,3.92,19.7,10.2,6.99,4.77,7.85,10.8,,174,11.16416667,10.68333333,1.983278376,1.997489839,,,,,,,,,,
5/13/2024 17:00,2.33,7.54,4.73,12.8,10.8,1.41,23.5,14.8,18.1,10.7,9.5,0.0596,12,13.1,8.67,0.0244,2.66,0.838,5.46,8.49,0.538,0.175,4.75,3.35,,175,9.689133333,5.004616667,2.030475006,1.331437628,,,,,,,,,,
5/13/2024 18:00,2.56,8.02,1.19,5.2,0.934,2.77,0.0394,0.974,1.22,0.181,2.36,27.4,4.85,3.51,1.77,10.6,2.47,0.141,0.107,3.17,3.77,3.47,1.11,6.39,,176,4.404033333,3.4465,2.191461098,0.840699037,,,,,,,,,,
5/13/2024 19:00,17.8,0.532,14.9,13.1,20.4,3.69,26.8,16.1,33.8,1.77,14.9,0.52,31.8,25.2,3.09,13.1,8.83,26,0.394,1.36,35.9,24.1,23.4,14.4,,177,13.69266667,17.29783333,3.059947735,3.500401903,,,,,,,,,,
5/13/2024 20:00,1.53,18.5,9.06,5.33,1.53,7.75,24.1,30.7,14.4,0.698,6.73,10.4,16.2,36.3,4.53,0.229,24.3,25.2,6.19,7.65,46,13.8,5.17,6.92,,178,10.894,16.04075,2.721875568,4.097726009,,,,,,,,,,
5/13/2024 21:00,25.8,30.7,9.82,19.9,30.8,5.77,8.63,2.16,16.9,3.03,10.3,40.9,45.4,12.8,11.7,12.2,11.3,4.34,16.4,4.78,24.2,0.6,21.2,1.47,,179,17.05916667,13.86583333,3.63396925,3.567030099,,,,,,,,,,
5/13/2024 22:00,46.3,39.4,7.82,15.8,52.3,19.3,1.25,20.7,30.1,0.971,11,59.5,41.2,8.06,16.3,1.2,30.6,19.1,15,6.82,5.3,18.2,13.8,9.95,,180,25.37008333,15.46083333,5.766402298,3.236323311,,,,,,,,,,
5/13/2024 23:00,35.5,19.1,3.42,19.7,40.3,17.3,4.71,2.25,1.16,3.13,11.4,49.3,19.2,26.4,35.4,9.76,6.05,32,19.3,10.3,2.98,2.85,5.5,7.88,,181,17.2725,14.80166667,4.741015766,3.295400108,,,,,,,,,,
5/14/2024 0:00,15.7,23.6,32.4,28.6,1.09,0.305,0.0244,10.3,21.1,0.259,0.0686,9.06,25.9,0.13,5.89,7.2,4.38,0.0244,1.95,2.8,11.8,18.7,7.38,0.221,,182,11.87558333,7.19795,3.496267873,2.319064476,,,,,,,,,,
5/14/2024 1:00,8.84,18.5,15.2,18.8,6.56,5.15,5.54,0.754,12.8,1.01,15.3,32,40.2,20.9,23.6,0.0682,22.5,2.33,31.4,0.484,25.7,4.83,1.19,1.56,,183,11.7045,14.56351667,2.58887198,4.128801458,,,,,,,,,,
5/14/2024 2:00,35,1.91,1.87,1.68,53.4,18.4,0.0244,12.4,1.17,0.0648,1.27,6.59,1.52,0.532,17.6,4.62,14.1,13.9,6.81,0.51,2.06,0.995,16.6,0.0244,,184,11.14826667,6.60595,4.872507831,2.002811167,,,,,,,,,,
5/14/2024 3:00,1.23,15.1,7.47,4.56,33.4,6.18,0.282,2,17.5,1.98,0.227,22.3,6.56,0.522,1.19,0.0244,1.05,0.0244,1.79,3.16,12.8,4.08,2.72,10.1,,185,9.352416667,3.6684,3.04243832,1.191588169,,,,,,,,,,
5/14/2024 4:00,0.286,2.11,25.6,0.785,1.2,3.07,7.04,0.802,3.92,0.0244,2.24,13.6,35.4,13.4,25.3,0.0244,2.42,15.2,5.78,1.56,1.22,1.93,6.14,0.805,,186,5.05645,9.098283333,2.167445398,3.251765028,,,,,,,,,,
5/14/2024 5:00,26.4,28.9,1.68,8.63,33.2,3.1,0.0244,13,2.02,0.0244,1.99,0.488,2.68,16.5,7.65,0.0244,4.1,5.68,2.24,0.68,15.7,5.09,5.12,0.0244,,187,9.954733333,5.4574,3.598651416,1.590031479,,,,,,,,,,
5/14/2024 6:00,15.1,12.8,1.23,13.8,15.6,12.5,0.0244,2.91,2.73,0.0244,0.0244,12.3,6.96,0.176,0.356,0.637,15.1,1.72,12.7,0.0244,5.75,9.24,13.9,6.91,,188,7.420266667,6.122783333,1.926492726,1.630208593,,,,,,,,,,
5/14/2024 7:00,2.4,10.6,1.15,10.1,17.2,0.419,1.74,0.35,4.41,0.0244,2.05,0.3,23,0.0244,15.3,11.2,21,1.56,0.156,0.322,1,5.21,3.33,0.698,,189,4.228616667,6.900033333,1.580623605,2.46257887,,,,,,,,,,
5/14/2024 8:00,4.43,15.7,6.62,1.78,0.0244,0.477,0.0244,1.91,1.21,1.37,0.262,0.0653,1.59,16.1,1.4,0.0244,0.304,0.0886,1.57,0.0244,1.62,0.0244,0.0393,0.415,,190,2.822758333,1.933341667,1.304952259,1.303286933,,,,,,,,,,
5/14/2024 9:00,0.413,0.243,1.2,14.9,15.6,1.02,8.65,0.463,2.42,0.589,3.76,20.7,5.63,0.0742,8.18,0.0426,2.32,0.38,0.0738,0.0244,3.97,0.524,1.14,2.23,,191,5.829833333,2.049083333,2.10357619,0.759148886,,,,,,,,,,
5/14/2024 10:00,10.5,18.7,1.15,1.04,25.2,0.0425,0.386,0.362,1.48,1.21,5.24,0.666,11.6,1.67,4.5,0.5,0.766,4.42,4.47,0.827,0.65,0.776,0.822,1.12,,192,5.498041667,2.67675,2.409702698,0.935866793,,,,,,,,,,
5/14/2024 11:00,2.43,7.14,1.23,0.385,2.58,1.1,4.26,0.721,7.12,0.433,2.39,13.4,9.3,0.437,3.16,0.0244,0.639,0.0683,1.15,0.0244,2.67,0.831,3.33,0.423,,193,3.599083333,1.838091667,1.120716238,0.763502515,,,,,,,,,,
5/14/2024 12:00,7.53,4.38,2.94,8.11,10.4,0.359,4.65,2.59,4.66,0.793,2.04,17.2,6.64,25.3,19.1,0.0244,17.3,0.0244,1.15,0.0244,0.268,1.99,2.06,0.477,,194,5.471,6.196516667,1.376437095,2.607310691,,,,,,,,,,
5/14/2024 13:00,6.76,32.7,1.2,2.16,1.79,0.296,0.0244,0.0439,6.6,1.35,3.95,11.4,3.58,0.0841,5.81,3.41,0.561,0.563,4.31,0.4,1.02,0.0244,0.458,0.0244,,195,5.689525,1.687075,2.649877215,0.581743415,,,,,,,,,,
5/14/2024 14:00,1.5,3.16,1.24,0.479,5.54,2.17,6.86,4.5,3.79,1.12,6.08,0.131,4.79,0.454,0.948,1.06,0.672,1.66,0.0567,0.0791,5.91,0.76,6.06,2.07,,196,3.0475,2.043316667,0.662111676,0.644332281,,,,,,,,,,
5/14/2024 15:00,1.49,0.828,2.74,4.75,0.0244,12.5,34,5.61,13.5,5.76,7.55,11.5,12.8,0.511,14.1,0.0244,2.13,3.65,1.63,9.23,7.86,1.41,3.2,13.8,,197,8.354366667,5.862116667,2.673995522,1.558689413,,,,,,,,,,
5/14/2024 16:00,9.5,6.57,1.4,2.71,8.82,1.73,23.8,6.68,30.3,8.32,2.46,0.362,4.97,21,2.42,0.0244,0.195,1.63,0.391,1,2.97,0.139,1.19,1.42,,198,8.554333333,3.11245,2.682635405,1.677458129,,,,,,,,,,
5/14/2024 17:00,7.6,7.29,6,7.16,21.2,0.514,2.39,4.9,1.31,0.0244,1.35,26.2,32.5,20.8,19.8,16,5.57,0.188,3.62,3.71,0.756,0.0244,3.5,0.884,,199,7.161533333,8.946033333,2.387030098,3.074928162,,,,,,,,,,
5/14/2024 18:00,8.57,25.6,3.11,15.4,2.94,3.1,0.358,6.98,21.2,0.331,1.59,4.58,12.7,9.71,9.88,1.55,11.2,0.707,1.16,0.473,3.41,1.77,3.9,4.83,,200,7.81325,5.1075,2.435891222,1.30081968,,,,,,,,,,
5/14/2024 19:00,2.7,19.8,27.8,6.36,15.5,5.56,27.5,5.7,10.7,0.196,17.9,9.55,31,37.7,4.48,1.39,8.68,10.9,7.85,9.12,34.9,28.4,33.7,19,,201,12.43883333,18.92666667,2.671353674,3.859146226,,,,,,,,,,
5/14/2024 20:00,18.3,24.8,10.3,5.03,12.9,6.26,18.7,19.6,40.8,1.37,2.74,12.6,52,35.7,10.2,22.8,32.8,10.6,14.4,14.4,43.6,27.9,30.2,15.4,,202,14.45,25.83333333,3.195549699,3.917256564,,,,,,,,,,
5/14/2024 21:00,24.3,56.2,12.5,11.9,45.2,19.7,0.362,3.36,5.31,2.85,12.9,29.2,54.4,29.2,12,22,35.4,0.0244,25.3,13.3,5.78,3.73,5.37,5.11,,203,18.6485,17.63453333,5.053884357,4.671552938,,,,,,,,,,
5/14/2024 22:00,38.3,49.6,15.8,9.6,33.5,13.2,2.84,1.36,9.96,1.21,0.0244,57.3,32.4,11.4,38.9,0.642,25.1,12.7,1.05,13.6,1.25,0.0244,9.02,7.24,,204,19.3912,12.7772,5.804248605,3.740608119,,,,,,,,,,
5/14/2024 23:00,18.1,35.1,14,12.1,27.7,27.5,35.5,17.6,43.9,0.977,13.5,53.8,9.11,36.5,26.9,17.4,13.6,0.993,29.3,4.99,19.5,19.5,10,1.53,,205,24.98141667,15.77691667,4.362009185,3.241370776,,,,,,,,,,
5/15/2024 0:00,19.5,0.893,24.7,11.5,12.6,27.5,11.7,0.413,4.75,0.794,0.0244,15.5,43.7,31.7,21.4,0.0244,3.11,7.81,0.189,12.3,15,7.25,3.45,2.23,,206,10.82286667,12.34695,2.797845809,3.950073191,,,,,,,,,,
5/15/2024 1:00,3.98,41.9,1.23,13,1.71,7.18,0.108,1.3,1.16,2.17,9.28,30,21.5,1.59,20.7,0.824,4.42,23.6,14.1,7.98,1.73,0.0244,24,8.09,,207,9.418166667,10.7132,3.819697755,2.752552012,,,,,,,,,,
5/15/2024 2:00,24.6,1.32,5.46,4.11,47.2,1.04,0.0244,2.83,3.78,1.28,2.98,19.3,16.5,0.0244,34.7,0.458,1.2,1.14,5.74,9.46,25.1,15.2,0.649,0.0244,,208,9.4937,9.182983333,4.088296599,3.3157964,,,,,,,,,,
5/15/2024 3:00,12.5,4.05,8.59,2.7,41.6,0.45,1.11,1.01,16.8,0.0244,0.0244,7.05,10.3,20.5,2.54,0.382,26.3,0.322,1.15,7.62,1.83,0.581,2.5,2.18,,209,7.9924,6.350416667,3.429095094,2.484609394,,,,,,,,,,
5/15/2024 4:00,0.924,4.51,5.49,1.18,3.11,11.8,0.639,13,1.24,0.379,3.95,19.2,11.1,0.0244,8.45,12.6,23.4,1.39,2.44,6.26,1.62,0.461,12.6,1.68,,210,5.451833333,6.83545,1.741430746,2.044477402,,,,,,,,,,
5/15/2024 5:00,8.51,1.91,5.59,10.9,26.8,7.57,0.819,0.206,1.66,0.802,0.539,3.48,35.3,2.88,4.99,3.71,5.7,12.9,8.61,2.57,17,7.06,1.25,0.217,,211,5.732166667,8.515583333,2.174039854,2.810905272,,,,,,,,,,
5/15/2024 6:00,27,33.7,2.69,9.74,0.548,0.814,0.0283,6.14,1.57,0.138,0.36,23.1,2.21,15.6,6.34,0.0244,28.7,0.0244,0.264,5.67,11.5,0.0244,17.5,3.7,,212,8.819025,7.629766667,3.490656491,2.6082329,,,,,,,,,,
5/15/2024 7:00,0.321,14.5,3.35,4.91,0.0244,0.641,0.0244,0.207,2.62,0.286,3.3,16,5.08,0.0244,2.66,14.3,2,5.58,0.268,0.606,0.39,0.0244,0.233,2.16,,213,3.84865,2.77715,1.610170036,1.184719294,,,,,,,,,,
5/15/2024 8:00,0.355,0.287,1.28,2.05,19.1,10.3,4.23,0.819,1.5,0.0244,0.0244,0.0244,28.5,0.428,1.35,1.26,0.227,0.65,0.215,1.32,2.18,0.652,3.2,3.56,,214,3.33285,3.6285,1.661666906,2.283346983,,,,,,,,,,
5/15/2024 9:00,8.22,4.98,1.57,1.16,6.37,0.165,0.0244,0.0244,1.18,1.52,1.53,2.03,2.36,0.743,20.4,0.0244,3.52,0.216,1.49,1.56,2.96,3.26,0.171,0.0244,,215,2.397816667,3.060733333,0.768483939,1.619892847,,,,,,,,,,
5/15/2024 10:00,0.414,31.5,1.22,2.43,0.0244,0.285,0.947,0.306,6.24,0.0244,0.727,9.76,0.623,17.7,9.82,0.697,0.468,1.14,4.72,6.15,0.796,0.0244,9.7,0.155,,216,4.489816667,4.332783333,2.602024039,1.608895634,,,,,,,,,,
5/15/2024 11:00,10.2,1.47,21.7,2.84,0.675,11.3,0.252,0.233,4.09,1.83,0.214,30.7,5.44,0.325,11.1,0.0244,3.7,0.367,0.08,0.682,3.64,0.655,0.145,0.612,,217,7.125333333,2.230866667,2.842838174,0.959636272,,,,,,,,,,
5/15/2024 12:00,1.65,12.5,1.23,2.75,24.1,0.0371,0.155,1.29,8.02,3.05,1.34,18.8,16.1,1.55,6.41,6.34,5.41,0.949,8.92,0.181,0.111,0.991,0.324,1.02,,218,6.243508333,4.0255,2.32188068,1.404397954,,,,,,,,,,
5/15/2024 13:00,3.93,5.8,1.73,2.62,0.0244,0.0457,0.0244,3.11,7.72,0.849,1.46,0.0297,7.28,0.0359,5.41,0.0244,0.144,0.284,2.28,1.09,0.659,0.0244,0.749,0.272,,219,2.2786,1.521058333,0.721766807,0.685690959,,,,,,,,,,
5/15/2024 14:00,5.11,0.0818,2.22,16.2,11,0.364,4.6,0.182,28.2,11.4,0.0646,10.3,3.6,16,5.1,1.01,0.184,0.143,0.0981,0.712,0.823,0.368,0.476,0.209,,220,7.476866667,2.393591667,2.456075588,1.316827598,,,,,,,,,,
5/15/2024 15:00,3.54,1.96,2.81,0.234,0.0244,0.0411,0.0861,0.319,1.25,0.0244,7.04,8.53,20,0.253,7.56,8.01,0.309,0.177,0.247,0.813,3.12,0.557,1.37,1.36,,221,2.154916667,3.648,0.837551989,1.688424938,,,,,,,,,,
5/15/2024 16:00,6.64,1.33,1.39,2.17,4.24,14,8.46,3.87,7.58,3.55,6.06,8.44,3.42,4.5,4.62,0.0244,3.05,2.56,1.14,13.6,13.9,2.84,3.31,6.89,,222,5.644166667,4.987866667,1.061596467,1.28087662,,,,,,,,,,
5/15/2024 17:00,10.2,2.1,3.94,13.9,26,0.477,6.72,2.12,54.1,15.2,4.79,17.4,13.1,28.9,32.6,0.863,14.3,0.124,10.1,2.84,0.628,0.0244,0.833,0.878,,223,13.07891667,8.765866667,4.329183294,3.331075534,,,,,,,,,,
5/15/2024 18:00,1.92,26.6,1.61,4.68,17.8,0.469,8.44,9.18,22.6,0.245,3,4.9,16.6,7.74,10.5,7.73,13.5,1.47,0.313,1.23,9.15,1.05,6.72,0.115,,224,8.453666667,6.343166667,2.603265904,1.601750306,,,,,,,,,,
5/15/2024 19:00,6.6,0.283,26.9,13,34.6,14.7,6.96,6.67,5.7,0.0244,21.5,7.75,30.9,54,3.94,12.5,3.95,16.2,12.1,16.2,44.7,18.7,27,25,,225,12.05728333,22.09916667,3.080604904,4.413115861,,,,,,,,,,
5/15/2024 20:00,19,30.3,12.7,20.1,55.8,7.01,0.327,20.1,1.2,0.0244,11.9,5.09,56,37.9,24,10.8,34.2,15.4,13.5,34.9,38.6,18.9,13,15.6,,226,15.29595,26.06666667,4.583115164,4.062006769,,,,,,,,,,
5/15/2024 21:00,35.5,48,4.25,17,58.1,12.7,24.7,1.64,1.2,0.0244,0.773,55.8,56,33.4,8.12,18.3,42.4,9.63,15.2,21.7,1.12,1.87,16.1,2.29,,227,21.64061667,18.84416667,6.464867026,4.964102418,,,,,,,,,,
5/15/2024 22:00,40.7,40.1,14.1,10.1,21.7,16.1,11,12.3,2.45,0.0244,10.5,57.7,48.7,15.2,23.8,3.11,28.7,3.5,10.4,21.5,7.64,33.3,10.3,19.4,,228,19.7312,18.79583333,5.03127345,3.888114651,,,,,,,,,,
5/15/2024 23:00,35.1,8.76,7.16,11,0.0244,14.3,0.0244,5.03,22.5,0.0244,1.18,36.7,17.4,16.8,37,0.0244,2.27,19.7,26,21.1,33.6,2.39,1.12,6.7,,229,11.81693333,15.34203333,3.783596298,3.71802953,,,,,,,,,,
5/16/2024 0:00,7.36,46.9,21.7,6.95,42.3,0.772,1.32,11.2,1.2,0.0244,18,31.1,35.6,0.233,32.1,11.7,3.14,6.61,30.4,19.8,3.9,6.52,1.97,0.0244,,230,15.73553333,12.66645,4.776367778,3.834453476,,,,,,,,,,
5/16/2024 1:00,16.8,31.5,8.35,9.08,52.9,0.714,18.9,1.66,1.14,0.0244,0.0244,21.7,29.8,1.62,39.4,5.87,1.67,7.81,9.8,7.99,6.65,1.08,27.5,2.23,,231,13.56606667,11.785,4.646012553,3.734689452,,,,,,,,,,
5/16/2024 2:00,10.7,16,3.58,2.49,5.88,30.3,0.0244,0.672,1.79,2.96,12.8,10.8,4.08,8.11,14.4,0.0244,13.6,0.25,18.2,4.52,19.7,15.1,7.6,8.48,,232,8.166366667,9.505366667,2.514795981,1.922786901,,,,,,,,,,
5/16/2024 3:00,14.2,19.2,23.2,6.32,0.37,3.63,0.0244,7.2,2.18,1.39,0.787,35.8,12,30.3,11.9,0.578,26,0.793,4.83,11.5,1.37,1.43,5.87,0.783,,233,9.525116667,8.946166667,3.272736894,2.906141415,,,,,,,,,,
5/16/2024 4:00,27,10.9,11.5,5.33,30.7,0.256,0.507,5.22,2.07,0.302,0.0244,4.65,31.6,2.05,13.8,14.6,12.2,4.49,9.3,0.795,28.3,0.332,2.86,0.216,,234,8.20495,10.04525,3.010932895,3.090585085,,,,,,,,,,
5/16/2024 5:00,6.66,0.675,3.35,6.56,43,20.2,2.24,5.44,1.85,0.0244,0.51,34.3,23.3,25.6,9.46,8.4,14.4,14.3,19.2,17.3,9.09,7.71,17.4,11.8,,235,10.40078333,14.83,4.149457972,1.703399008,,,,,,,,,,
5/16/2024 6:00,20.2,32.2,11.9,1.51,1.9,0.187,0.254,13.4,1.41,0.196,4.76,11.8,7.65,1.59,22.3,1.18,17.2,0.0244,13.2,0.537,15.5,0.12,3.35,6.46,,236,8.30975,7.42595,2.896367056,2.238749082,,,,,,,,,,
5/16/2024 7:00,7.06,10.8,1.43,1.09,0.0244,0.873,2.05,0.0866,1.94,1,0.657,8.66,11.4,0.191,21.5,0.0244,0.954,0.0244,3.92,1.07,0.917,0.432,0.308,0.0244,,237,2.972583333,3.3971,1.061892082,1.891585432,,,,,,,,,,
5/16/2024 8:00,0.213,1.92,1.92,3.1,18,6.44,0.0244,10.4,1.77,5.77,9.46,13,16.4,11.9,5.98,4.3,4.66,11.9,0.746,3.83,3.02,1.12,0.561,5.67,,238,6.00145,5.840583333,1.636170092,1.448250964,,,,,,,,,,
,,,,,,,,,,,,,,,,,,,,,,,,,,,,,,,,,,,,,,,,
,,,,,,,,,,,,,,,,,,,,,,,,,,,,,,,,,,,,,,,,
,,,,,,,,,,,,,,,,,,,,,,,,,,,,,,,,,,,,,,,,
,,,,,,,,,,,,,,,,,,,,,,,,,,,,,,,,,,,,,,,,
,,,,,,,,,,,,,,,,,,,,,,,,,,,,,,,,,,,,,,,,
,,,,,,,,,,,,,,,,,,,,,,,,,,,,,,,,,,,,,,,,
,,,,,,,,,,,,,,,,,,,,,,,,,,,,,,,,,,,,,,,,
,,,,,,,,,,,,,,,,,,,,,,,,,,,,,,,,,,,,,,,,
,,,,,,,,,,,,,,,,,,,,,,,,,,,,,,,,,,,,,,,,
,,,,,,,,,,,,,,,,,,,,,,,,,,,,,,,,,,,,,,,,
,,,,,,,,,,,,,,,,,,,,,,,,,,,,,,,,,,,,,,,,
,,,,,,,,,,,,,,,,,,,,,,,,,,,,,,,,,,,,,,,,
,,,,,,,,,,,,,,,,,,,,,,,,,,,,,,,,,,,,,,,,
,,,,,,,,,,,,,,,,,,,,,,,,,,,,,,,,,,,,,,,,
,,,,,,,,,,,,,,,,,,,,,,,,,,,,,,,,,,,,,,,,
,,,,,,,,,,,,,,,,,,,,,,,,,,,,,,,,,,,,,,,,
,,,,,,,,,,,,,,,,,,,,,,,,,,,,,,,,,,,,,,,,
,,,,,,,,,,,,,,,,,,,,,,,,,,,,,,,,,,,,,,,,
,,,,,,,,,,,,,,,,,,,,,,,,,,,,,,,,,,,,,,,,
,,,,,,,,,,,,,,,,,,,,,,,,,,,,,,,,,,,,,,,,
,,,,,,,,,,,,,,,,,,,,,,,,,,,,,,,,,,,,,,,,
,,,,,,,,,,,,,,,,,,,,,,,,,,,,,,,,,,,,,,,,
,,,,,,,,,,,,,,,,,,,,,,,,,,,,,,,,,,,,,,,,
,,,,,,,,,,,,,,,,,,,,,,,,,,,,,,,,,,,,,,,,
,,,,,,,,,,,,,,,,,,,,,,,,,,,,,,,,,,,,,,,,
,,,,,,,,,,,,,,,,,,,,,,,,,,,,,,,,,,,,,,,,
,,,,,,,,,,,,,,,,,,,,,,,,,,,,,,,,,,,,,,,,
,,,,,,,,,,,,,,,,,,,,,,,,,,,,,,,,,,,,,,,,
,,,,,,,,,,,,,,,,,,,,,,,,,,,,,,,,,,,,,,,,
,,,,,,,,,,,,,,,,,,,,,,,,,,,,,,,,,,,,,,,,
,,,,,,,,,,,,,,,,,,,,,,,,,,,,,,,,,,,,,,,,
,,,,,,,,,,,,,,,,,,,,,,,,,,,,,,,,,,,,,,,,
,,,,,,,,,,,,,,,,,,,,,,,,,,,,,,,,,,,,,,,,
,,,,,,,,,,,,,,,,,,,,,,,,,,,,,,,,,,,,,,,,
,,,,,,,,,,,,,,,,,,,,,,,,,,,,,,,,,,,,,,,,
,,,,,,,,,,,,,,,,,,,,,,,,,,,,,,,,,,,,,,,,
,,,,,,,,,,,,,,,,,,,,,,,,,,,,,,,,,,,,,,,,
,,,,,,,,,,,,,,,,,,,,,,,,,,,,,,,,,,,,,,,,
,,,,,,,,,,,,,,,,,,,,,,,,,,,,,,,,,,,,,,,,
,,,,,,,,,,,,,,,,,,,,,,,,,,,,,,,,,,,,,,,,
,,,,,,,,,,,,,,,,,,,,,,,,,,,,,,,,,,,,,,,,
,,,,,,,,,,,,,,,,,,,,,,,,,,,,,,,,,,,,,,,,
,,,,,,,,,,,,,,,,,,,,,,,,,,,,,,,,,,,,,,,,
,,,,,,,,,,,,,,,,,,,,,,,,,,,,,,,,,,,,,,,,
,,,,,,,,,,,,,,,,,,,,,,,,,,,,,,,,,,,,,,,,
,,,,,,,,,,,,,,,,,,,,,,,,,, ,,,,,,,,,,,,,,
