,MM:DD:YYYY hh:mm:ss,Library_Version,Session_type,Device_Number,Battery_Voltage,Motor_Turns,FR,Event,Active_Poke,Left_Poke_Count,Right_Poke_Count,Pellet_Count,Block_Pellet_Count,Retrieval_Time,InterPelletInterval,Poke_Time,Time
0,3/15/2024 16:02,1.16.3,FR1,3,4.18,,1,Right,Left,0,1,0,0,,,0,3/15/2024 16:02
1,3/15/2024 16:03,1.16.3,FR1,3,4.18,,1,Left,Left,1,1,0,0,,,0.14,3/15/2024 16:03
2,3/15/2024 16:03,1.16.3,FR1,3,4.18,3,1,Pellet,Left,1,1,1,0,28.25,,,3/15/2024 16:03
3,3/15/2024 16:04,1.16.3,FR1,3,4.18,,1,Left,Left,2,1,1,0,,,0.36,3/15/2024 16:04
4,3/15/2024 16:04,1.16.3,FR1,3,4.18,,1,LeftWithPellet,Left,3,1,1,0,,,0.23,3/15/2024 16:04
5,3/15/2024 16:05,1.16.3,FR1,3,4.18,,1,RightWithPellet,Left,3,2,1,0,,,0.25,3/15/2024 16:05
6,3/15/2024 16:07,1.16.3,FR1,3,4.18,,1,RightWithPellet,Left,3,3,1,0,,,0.29,3/15/2024 16:07
7,3/15/2024 16:07,1.16.3,FR1,3,4.18,,1,RightWithPellet,Left,3,4,1,0,,,0.38,3/15/2024 16:07
8,3/15/2024 16:09,1.16.3,FR1,3,4.18,,1,LeftWithPellet,Left,4,4,1,0,,,0.05,3/15/2024 16:09
9,3/15/2024 16:12,1.16.3,FR1,3,4.18,,1,LeftWithPellet,Left,5,4,1,0,,,0.43,3/15/2024 16:12
10,3/15/2024 16:13,1.16.3,FR1,3,4.19,,1,RightWithPellet,Left,5,5,1,0,,,0.14,3/15/2024 16:13
11,3/15/2024 16:14,1.16.3,FR1,3,4.18,,1,LeftWithPellet,Left,6,5,1,0,,,0.17,3/15/2024 16:14
12,3/15/2024 16:17,1.16.3,FR1,3,4.18,,1,RightWithPellet,Left,6,6,1,0,,,0.14,3/15/2024 16:17
13,3/15/2024 16:21,1.16.3,FR1,3,4.18,,1,LeftWithPellet,Left,7,6,1,0,,,0.35,3/15/2024 16:21
14,3/15/2024 16:23,1.16.3,FR1,3,4.18,1,1,Pellet,Left,7,6,2,0,Timed_out,1145,,3/15/2024 16:23
15,3/15/2024 16:23,1.16.3,FR1,3,4.18,,1,Right,Left,7,7,2,0,,,0.16,3/15/2024 16:23
16,3/15/2024 16:24,1.16.3,FR1,3,4.18,,1,Left,Left,8,7,2,0,,,0.36,3/15/2024 16:24
17,3/15/2024 16:24,1.16.3,FR1,3,4.18,1,1,Pellet,Left,8,7,3,0,18.73,80,,3/15/2024 16:24
18,3/15/2024 16:24,1.16.3,FR1,3,4.18,,1,Right,Left,8,8,3,0,,,0.05,3/15/2024 16:24
19,3/15/2024 16:24,1.16.3,FR1,3,4.18,,1,Right,Left,8,9,3,0,,,0.05,3/15/2024 16:24
20,3/15/2024 16:25,1.16.3,FR1,3,4.18,,1,Left,Left,9,9,3,0,,,1.73,3/15/2024 16:25
21,3/15/2024 16:25,1.16.3,FR1,3,4.18,,1,RightWithPellet,Left,9,10,3,0,,,0.11,3/15/2024 16:25
22,3/15/2024 16:25,1.16.3,FR1,3,4.18,2,1,Pellet,Left,9,10,4,0,34.48,80,,3/15/2024 16:25
23,3/15/2024 16:25,1.16.3,FR1,3,4.18,,1,Left,Left,10,10,4,0,,,0.63,3/15/2024 16:25
24,3/15/2024 16:30,1.16.3,FR1,3,4.18,,1,LeftWithPellet,Left,11,10,4,0,,,0.52,3/15/2024 16:30
25,3/15/2024 16:33,1.16.3,FR1,3,4.18,,1,RightWithPellet,Left,11,11,4,0,,,0.17,3/15/2024 16:33
26,3/15/2024 16:34,1.16.3,FR1,3,4.18,,1,RightWithPellet,Left,11,12,4,0,,,0.97,3/15/2024 16:34
27,3/15/2024 16:34,1.16.3,FR1,3,4.18,,1,LeftWithPellet,Left,12,12,4,0,,,0.42,3/15/2024 16:34
28,3/15/2024 16:41,1.16.3,FR1,3,4.17,,1,RightWithPellet,Left,12,13,4,0,,,0.43,3/15/2024 16:41
29,3/15/2024 16:43,1.16.3,FR1,3,4.18,1,1,Pellet,Left,12,13,5,0,Timed_out,1087,,3/15/2024 16:43
30,3/15/2024 17:19,1.16.3,FR1,3,4.18,,1,Left,Left,13,13,5,0,,,0.48,3/15/2024 17:19
31,3/15/2024 17:19,1.16.3,FR1,3,4.18,1,1,Pellet,Left,13,13,6,0,16.68,2163,,3/15/2024 17:19
32,3/15/2024 17:20,1.16.3,FR1,3,4.18,,1,Left,Left,14,13,6,0,,,0.04,3/15/2024 17:20
33,3/15/2024 17:20,1.16.3,FR1,3,4.18,,1,LeftWithPellet,Left,15,13,6,0,,,0.36,3/15/2024 17:20
34,3/15/2024 17:21,1.16.3,FR1,3,4.18,,1,LeftWithPellet,Left,16,13,6,0,,,0.5,3/15/2024 17:21
35,3/15/2024 17:21,1.16.3,FR1,3,4.18,1,1,Pellet,Left,16,13,7,0,41.4,83,,3/15/2024 17:21
36,3/15/2024 17:21,1.16.3,FR1,3,4.18,,1,Right,Left,16,14,7,0,,,0.13,3/15/2024 17:21
37,3/15/2024 17:21,1.16.3,FR1,3,4.18,,1,Left,Left,17,14,7,0,,,0.28,3/15/2024 17:21
38,3/15/2024 17:23,1.16.3,FR1,3,4.18,,1,RightWithPellet,Left,17,15,7,0,,,0.25,3/15/2024 17:23
39,3/15/2024 17:30,1.16.3,FR1,3,4.18,,1,LeftWithPellet,Left,18,15,7,0,,,0.09,3/15/2024 17:30
40,3/15/2024 17:32,1.16.3,FR1,3,4.18,,1,LeftWithPellet,Left,19,15,7,0,,,0.63,3/15/2024 17:32
41,3/15/2024 17:32,1.16.3,FR1,3,4.17,1,1,Pellet,Left,19,15,8,0,Timed_out,693,,3/15/2024 17:32
42,3/15/2024 17:36,1.16.3,FR1,3,4.18,,1,Right,Left,19,16,8,0,,,0.85,3/15/2024 17:36
43,3/15/2024 17:36,1.16.3,FR1,3,4.18,,1,Left,Left,20,16,8,0,,,0.29,3/15/2024 17:36
44,3/15/2024 17:36,1.16.3,FR1,3,4.18,,1,RightWithPellet,Left,20,17,8,0,,,0.4,3/15/2024 17:36
45,3/15/2024 17:36,1.16.3,FR1,3,4.17,2,1,Pellet,Left,20,17,9,0,9.41,234,,3/15/2024 17:36
46,3/15/2024 17:36,1.16.3,FR1,3,4.18,,1,Left,Left,21,17,9,0,,,0.28,3/15/2024 17:36
47,3/15/2024 17:36,1.16.3,FR1,3,4.18,1,1,Pellet,Left,21,17,10,0,0.06,6,,3/15/2024 17:36
48,3/15/2024 17:36,1.16.3,FR1,3,4.18,,1,Left,Left,22,17,10,0,,,0.12,3/15/2024 17:36
49,3/15/2024 17:36,1.16.3,FR1,3,4.18,1,1,Pellet,Left,22,17,11,0,0.2,4,,3/15/2024 17:36
50,3/15/2024 17:38,1.16.3,FR1,3,4.18,,1,Left,Left,23,17,11,0,,,0.03,3/15/2024 17:38
51,3/15/2024 17:40,1.16.3,FR1,3,4.18,2,1,Pellet,Left,23,17,12,0,Timed_out,229,,3/15/2024 17:40
52,3/15/2024 17:42,1.16.3,FR1,3,4.18,,1,Left,Left,24,17,12,0,,,0.21,3/15/2024 17:42
53,3/15/2024 17:43,1.16.3,FR1,3,4.18,1,1,Pellet,Left,24,17,13,0,27.86,164,,3/15/2024 17:43
54,3/15/2024 18:03,1.16.3,FR1,3,4.18,,1,Left,Left,25,17,13,0,,,0.27,3/15/2024 18:03
55,3/15/2024 18:08,1.16.3,FR1,3,4.18,,1,RightWithPellet,Left,25,18,13,0,,,0.11,3/15/2024 18:08
56,3/15/2024 18:17,1.16.3,FR1,3,4.17,1,1,Pellet,Left,25,18,14,0,Timed_out,2022,,3/15/2024 18:17
57,3/15/2024 18:20,1.16.3,FR1,3,4.17,,1,Left,Left,26,18,14,0,,,0.56,3/15/2024 18:20
58,3/15/2024 18:20,1.16.3,FR1,3,4.18,,1,RightWithPellet,Left,26,19,14,0,,,0.51,3/15/2024 18:20
59,3/15/2024 18:20,1.16.3,FR1,3,4.18,,1,RightWithPellet,Left,26,20,14,0,,,0.31,3/15/2024 18:20
60,3/15/2024 18:20,1.16.3,FR1,3,4.18,,1,RightWithPellet,Left,26,21,14,0,,,0.09,3/15/2024 18:20
61,3/15/2024 18:20,1.16.3,FR1,3,4.17,,1,RightWithPellet,Left,26,22,14,0,,,0.09,3/15/2024 18:20
62,3/15/2024 18:21,1.16.3,FR1,3,4.18,,1,RightWithPellet,Left,26,23,14,0,,,0.07,3/15/2024 18:21
63,3/15/2024 18:23,1.16.3,FR1,3,4.18,,1,RightWithPellet,Left,26,24,14,0,,,0.44,3/15/2024 18:23
64,3/15/2024 18:23,1.16.3,FR1,3,4.18,,1,LeftWithPellet,Left,27,24,14,0,,,0.49,3/15/2024 18:23
65,3/15/2024 18:26,1.16.3,FR1,3,4.17,1,1,Pellet,Left,27,24,15,0,Timed_out,534,,3/15/2024 18:26
66,3/15/2024 18:30,1.16.3,FR1,3,4.18,,1,Right,Left,27,25,15,0,,,0.16,3/15/2024 18:30
67,3/15/2024 18:35,1.16.3,FR1,3,4.18,,1,Left,Left,28,25,15,0,,,0.17,3/15/2024 18:35
68,3/15/2024 18:35,1.16.3,FR1,3,4.17,2,1,Pellet,Left,28,25,16,0,0.06,576,,3/15/2024 18:35
69,3/15/2024 18:35,1.16.3,FR1,3,4.18,,1,Left,Left,29,25,16,0,,,0.18,3/15/2024 18:35
70,3/15/2024 18:37,1.16.3,FR1,3,4.17,6,1,Pellet,Left,29,25,17,0,Timed_out,100,,3/15/2024 18:37
71,3/15/2024 18:50,1.16.3,FR1,3,4.18,,1,Left,Left,30,25,17,0,,,0,3/15/2024 18:50
72,3/15/2024 18:50,1.16.3,FR1,3,4.18,,1,LeftDuringDispense,Left,31,25,17,0,,,0.03,3/15/2024 18:50
73,3/15/2024 18:50,1.16.3,FR1,3,4.18,,1,LeftWithPellet,Left,32,25,17,0,,,0.53,3/15/2024 18:50
74,3/15/2024 18:50,1.16.3,FR1,3,4.17,,1,LeftWithPellet,Left,33,25,17,0,,,0.02,3/15/2024 18:50
75,3/15/2024 18:50,1.16.3,FR1,3,4.18,2,1,Pellet,Left,33,25,18,0,10.04,804,,3/15/2024 18:50
76,3/15/2024 18:50,1.16.3,FR1,3,4.17,,1,Left,Left,34,25,18,0,,,0.48,3/15/2024 18:50
77,3/15/2024 18:50,1.16.3,FR1,3,4.17,,1,LeftWithPellet,Left,35,25,18,0,,,0.34,3/15/2024 18:50
78,3/15/2024 18:50,1.16.3,FR1,3,4.17,1,1,Pellet,Left,35,25,19,0,2.93,8,,3/15/2024 18:50
79,3/15/2024 18:54,1.16.3,FR1,3,4.17,,1,Right,Left,35,26,19,0,,,0.36,3/15/2024 18:54
80,3/15/2024 19:06,1.16.3,FR1,3,4.17,,1,Left,Left,36,26,19,0,,,0.12,3/15/2024 19:06
81,3/15/2024 19:07,1.16.3,FR1,3,4.17,1,1,Pellet,Left,36,26,20,0,39.62,1003,,3/15/2024 19:07
82,3/15/2024 19:09,1.16.3,FR1,3,4.18,,1,Right,Left,36,27,20,0,,,0.01,3/15/2024 19:09
83,3/15/2024 19:09,1.16.3,FR1,3,4.17,,1,Left,Left,37,27,20,0,,,0.15,3/15/2024 19:09
84,3/15/2024 19:09,1.16.3,FR1,3,4.18,2,1,Pellet,Left,37,27,21,0,21.9,134,,3/15/2024 19:09
85,3/15/2024 19:10,1.16.3,FR1,3,4.17,,1,Left,Left,38,27,21,0,,,0.09,3/15/2024 19:10
86,3/15/2024 19:10,1.16.3,FR1,3,4.17,,1,LeftDuringDispense,Left,39,27,21,0,,,0.14,3/15/2024 19:10
87,3/15/2024 19:10,1.16.3,FR1,3,4.17,6,1,Pellet,Left,39,27,22,0,8.4,50,,3/15/2024 19:10
88,3/15/2024 19:12,1.16.3,FR1,3,4.17,,1,Left,Left,40,27,22,0,,,0.56,3/15/2024 19:12
89,3/15/2024 19:12,1.16.3,FR1,3,4.17,2,1,Pellet,Left,40,27,23,0,11.55,96,,3/15/2024 19:12
90,3/15/2024 19:17,1.16.3,FR1,3,4.18,,1,Left,Left,41,27,23,0,,,0.12,3/15/2024 19:17
91,3/15/2024 19:17,1.16.3,FR1,3,4.17,2,1,Pellet,Left,41,27,24,0,8.94,305,,3/15/2024 19:17
92,3/15/2024 19:19,1.16.3,FR1,3,4.17,,1,Right,Left,41,28,24,0,,,0.53,3/15/2024 19:19
93,3/15/2024 19:19,1.16.3,FR1,3,4.17,,1,Left,Left,42,28,24,0,,,0.32,3/15/2024 19:19
94,3/15/2024 19:20,1.16.3,FR1,3,4.18,1,1,Pellet,Left,42,28,25,0,4.98,164,,3/15/2024 19:20
95,3/15/2024 19:27,1.16.3,FR1,3,4.17,,1,Right,Left,42,29,25,0,,,0.17,3/15/2024 19:27
96,3/15/2024 19:27,1.16.3,FR1,3,4.17,,1,Left,Left,43,29,25,0,,,0.17,3/15/2024 19:27
97,3/15/2024 19:31,1.16.3,FR1,3,4.17,1,1,Pellet,Left,43,29,26,0,Timed_out,702,,3/15/2024 19:31
98,3/15/2024 19:35,1.16.3,FR1,3,4.18,,1,Right,Left,43,30,26,0,,,0.03,3/15/2024 19:35
99,3/15/2024 19:35,1.16.3,FR1,3,4.17,,1,Right,Left,43,31,26,0,,,0.09,3/15/2024 19:35
100,3/15/2024 19:35,1.16.3,FR1,3,4.17,,1,Right,Left,43,32,26,0,,,0.47,3/15/2024 19:35
101,3/15/2024 19:35,1.16.3,FR1,3,4.17,,1,Left,Left,44,32,26,0,,,0.53,3/15/2024 19:35
102,3/15/2024 19:35,1.16.3,FR1,3,4.17,1,1,Pellet,Left,44,32,27,0,4.71,234,,3/15/2024 19:35
103,3/15/2024 19:42,1.16.3,FR1,3,4.17,,1,Left,Left,45,32,27,0,,,0.02,3/15/2024 19:42
104,3/15/2024 19:42,1.16.3,FR1,3,4.17,2,1,Pellet,Left,45,32,28,0,0.4,425,,3/15/2024 19:42
105,3/15/2024 19:43,1.16.3,FR1,3,4.17,,1,Left,Left,46,32,28,0,,,0.72,3/15/2024 19:43
106,3/15/2024 19:43,1.16.3,FR1,3,4.17,1,1,Pellet,Left,46,32,29,0,0.47,45,,3/15/2024 19:43
107,3/15/2024 19:44,1.16.3,FR1,3,4.17,,1,Right,Left,46,33,29,0,,,0.12,3/15/2024 19:44
108,3/15/2024 19:44,1.16.3,FR1,3,4.18,,1,Right,Left,46,34,29,0,,,0,3/15/2024 19:44
109,3/15/2024 19:44,1.16.3,FR1,3,4.17,,1,Right,Left,46,35,29,0,,,0.05,3/15/2024 19:44
110,3/15/2024 19:44,1.16.3,FR1,3,4.17,,1,Left,Left,47,35,29,0,,,0.23,3/15/2024 19:44
111,3/15/2024 19:44,1.16.3,FR1,3,4.16,1,1,Pellet,Left,47,35,30,0,0.61,84,,3/15/2024 19:44
112,3/15/2024 19:45,1.16.3,FR1,3,4.17,,1,Right,Left,47,36,30,0,,,0.22,3/15/2024 19:45
113,3/15/2024 19:47,1.16.3,FR1,3,4.17,,1,Right,Left,47,37,30,0,,,0.29,3/15/2024 19:47
114,3/15/2024 19:47,1.16.3,FR1,3,4.18,,1,Left,Left,48,37,30,0,,,0.59,3/15/2024 19:47
115,3/15/2024 19:47,1.16.3,FR1,3,4.17,1,1,Pellet,Left,48,37,31,0,5.66,144,,3/15/2024 19:47
116,3/15/2024 19:48,1.16.3,FR1,3,4.16,,1,Left,Left,49,37,31,0,,,0.57,3/15/2024 19:48
117,3/15/2024 19:48,1.16.3,FR1,3,4.17,1,1,Pellet,Left,49,37,32,0,0.54,69,,3/15/2024 19:48
118,3/15/2024 19:49,1.16.3,FR1,3,4.17,,1,Right,Left,49,38,32,0,,,0.93,3/15/2024 19:49
119,3/15/2024 19:49,1.16.3,FR1,3,4.17,,1,Right,Left,49,39,32,0,,,0.29,3/15/2024 19:49
120,3/15/2024 19:50,1.16.3,FR1,3,4.17,,1,Left,Left,50,39,32,0,,,0.32,3/15/2024 19:50
121,3/15/2024 19:50,1.16.3,FR1,3,4.17,1,1,Pellet,Left,50,39,33,0,3.55,123,,3/15/2024 19:50
122,3/15/2024 19:50,1.16.3,FR1,3,4.17,,1,Left,Left,51,39,33,0,,,0.21,3/15/2024 19:50
123,3/15/2024 19:50,1.16.3,FR1,3,4.18,,1,RightWithPellet,Left,51,40,33,0,,,0.13,3/15/2024 19:50
124,3/15/2024 19:50,1.16.3,FR1,3,4.17,1,1,Pellet,Left,51,40,34,0,3.13,29,,3/15/2024 19:50
125,3/15/2024 19:52,1.16.3,FR1,3,4.17,,1,Left,Left,52,40,34,0,,,0.18,3/15/2024 19:52
126,3/15/2024 19:52,1.16.3,FR1,3,4.17,1,1,Pellet,Left,52,40,35,0,2.31,71,,3/15/2024 19:52
127,3/15/2024 19:53,1.16.3,FR1,3,4.17,,1,Right,Left,52,41,35,0,,,0,3/15/2024 19:53
128,3/15/2024 19:56,1.16.3,FR1,3,4.17,,1,Right,Left,52,42,35,0,,,0.18,3/15/2024 19:56
129,3/15/2024 19:56,1.16.3,FR1,3,4.17,,1,Right,Left,52,43,35,0,,,0.44,3/15/2024 19:56
130,3/15/2024 19:56,1.16.3,FR1,3,4.17,,1,Left,Left,53,43,35,0,,,0.09,3/15/2024 19:56
131,3/15/2024 19:56,1.16.3,FR1,3,4.17,,1,LeftDuringDispense,Left,54,43,35,0,,,0.01,3/15/2024 19:56
132,3/15/2024 19:56,1.16.3,FR1,3,4.17,,1,LeftWithPellet,Left,55,43,35,0,,,0.23,3/15/2024 19:56
133,3/15/2024 19:56,1.16.3,FR1,3,4.17,2,1,Pellet,Left,55,43,36,0,5.97,284,,3/15/2024 19:56
134,3/15/2024 19:58,1.16.3,FR1,3,4.17,,1,Right,Left,55,44,36,0,,,0.18,3/15/2024 19:58
135,3/15/2024 19:59,1.16.3,FR1,3,4.17,,1,Right,Left,55,45,36,0,,,0.14,3/15/2024 19:59
136,3/15/2024 20:02,1.16.3,FR1,3,4.16,,1,Right,Left,55,46,36,0,,,0.24,3/15/2024 20:02
137,3/15/2024 20:02,1.16.3,FR1,3,4.17,,1,Left,Left,56,46,36,0,,,0.59,3/15/2024 20:02
138,3/15/2024 20:02,1.16.3,FR1,3,4.17,,1,LeftWithPellet,Left,57,46,36,0,,,0.2,3/15/2024 20:02
139,3/15/2024 20:02,1.16.3,FR1,3,4.18,1,1,Pellet,Left,57,46,37,0,15.95,357,,3/15/2024 20:02
140,3/15/2024 20:03,1.16.3,FR1,3,4.17,,1,Left,Left,58,46,37,0,,,0.43,3/15/2024 20:03
141,3/15/2024 20:04,1.16.3,FR1,3,4.17,1,1,Pellet,Left,58,46,38,0,2.73,75,,3/15/2024 20:04
142,3/15/2024 20:05,1.16.3,FR1,3,4.17,,1,Right,Left,58,47,38,0,,,0.04,3/15/2024 20:05
143,3/15/2024 20:05,1.16.3,FR1,3,4.17,,1,Right,Left,58,48,38,0,,,0.16,3/15/2024 20:05
144,3/15/2024 20:05,1.16.3,FR1,3,4.16,,1,Left,Left,59,48,38,0,,,0.43,3/15/2024 20:05
145,3/15/2024 20:05,1.16.3,FR1,3,4.17,1,1,Pellet,Left,59,48,39,0,1.63,100,,3/15/2024 20:05
146,3/15/2024 20:06,1.16.3,FR1,3,4.16,,1,Left,Left,60,48,39,0,,,0.3,3/15/2024 20:06
147,3/15/2024 20:06,1.16.3,FR1,3,4.17,1,1,Pellet,Left,60,48,40,0,1.84,56,,3/15/2024 20:06
148,3/15/2024 20:07,1.16.3,FR1,3,4.17,,1,Left,Left,61,48,40,0,,,0,3/15/2024 20:07
149,3/15/2024 20:08,1.16.3,FR1,3,4.16,,1,LeftWithPellet,Left,62,48,40,0,,,0.36,3/15/2024 20:08
150,3/15/2024 20:13,1.16.3,FR1,3,4.17,,1,LeftWithPellet,Left,63,48,40,0,,,0.41,3/15/2024 20:13
151,3/15/2024 20:14,1.16.3,FR1,3,4.17,,1,RightWithPellet,Left,63,49,40,0,,,0.23,3/15/2024 20:14
152,3/15/2024 20:20,1.16.3,FR1,3,4.17,2,1,Pellet,Left,63,49,41,0,Timed_out,805,,3/15/2024 20:20
153,3/15/2024 20:20,1.16.3,FR1,3,4.17,,1,Left,Left,64,49,41,0,,,0.66,3/15/2024 20:20
154,3/15/2024 20:20,1.16.3,FR1,3,4.17,,1,LeftWithPellet,Left,65,49,41,0,,,0.08,3/15/2024 20:20
155,3/15/2024 20:20,1.16.3,FR1,3,4.17,,1,LeftWithPellet,Left,66,49,41,0,,,0.16,3/15/2024 20:20
156,3/15/2024 20:21,1.16.3,FR1,3,4.17,1,1,Pellet,Left,66,49,42,0,16.18,60,,3/15/2024 20:21
157,3/15/2024 20:22,1.16.3,FR1,3,4.17,,1,Left,Left,67,49,42,0,,,0.4,3/15/2024 20:22
158,3/15/2024 20:22,1.16.3,FR1,3,4.17,,1,LeftWithPellet,Left,68,49,42,0,,,0.23,3/15/2024 20:22
159,3/15/2024 20:22,1.16.3,FR1,3,4.17,,1,LeftWithPellet,Left,69,49,42,0,,,0.74,3/15/2024 20:22
160,3/15/2024 20:22,1.16.3,FR1,3,4.17,,1,LeftWithPellet,Left,70,49,42,0,,,0.5,3/15/2024 20:22
161,3/15/2024 20:25,1.16.3,FR1,3,4.17,1,1,Pellet,Left,70,49,43,0,Timed_out,242,,3/15/2024 20:25
162,3/15/2024 20:26,1.16.3,FR1,3,4.17,,1,Left,Left,71,49,43,0,,,0.43,3/15/2024 20:26
163,3/15/2024 20:28,1.16.3,FR1,3,4.17,,1,LeftWithPellet,Left,72,49,43,0,,,0.31,3/15/2024 20:28
164,3/15/2024 20:29,1.16.3,FR1,3,4.17,,1,LeftWithPellet,Left,73,49,43,0,,,0.2,3/15/2024 20:29
165,3/15/2024 20:29,1.16.3,FR1,3,4.16,,1,LeftWithPellet,Left,74,49,43,0,,,0.4,3/15/2024 20:29
166,3/15/2024 20:29,1.16.3,FR1,3,4.17,1,1,Pellet,Left,74,49,44,0,Timed_out,257,,3/15/2024 20:29
167,3/15/2024 20:29,1.16.3,FR1,3,4.17,,1,Left,Left,75,49,44,0,,,0.42,3/15/2024 20:29
168,3/15/2024 20:29,1.16.3,FR1,3,4.16,,1,RightWithPellet,Left,75,50,44,0,,,0.13,3/15/2024 20:29
169,3/15/2024 20:39,1.16.3,FR1,3,4.16,,1,RightWithPellet,Left,75,51,44,0,,,0.19,3/15/2024 20:39
170,3/15/2024 20:39,1.16.3,FR1,3,4.17,,1,LeftWithPellet,Left,76,51,44,0,,,0.03,3/15/2024 20:39
171,3/15/2024 20:41,1.16.3,FR1,3,4.16,1,1,Pellet,Left,76,51,45,0,Timed_out,706,,3/15/2024 20:41
172,3/15/2024 20:41,1.16.3,FR1,3,4.17,,1,Left,Left,77,51,45,0,,,0.45,3/15/2024 20:41
173,3/15/2024 20:41,1.16.3,FR1,3,4.17,1,1,Pellet,Left,77,51,46,0,3.34,37,,3/15/2024 20:41
174,3/15/2024 20:42,1.16.3,FR1,3,4.17,,1,Left,Left,78,51,46,0,,,0.19,3/15/2024 20:42
175,3/15/2024 20:42,1.16.3,FR1,3,4.17,1,1,Pellet,Left,78,51,47,0,4.37,31,,3/15/2024 20:42
176,3/15/2024 20:42,1.16.3,FR1,3,4.16,,1,Right,Left,78,52,47,0,,,0.58,3/15/2024 20:42
177,3/15/2024 20:43,1.16.3,FR1,3,4.17,,1,Left,Left,79,52,47,0,,,0.38,3/15/2024 20:43
178,3/15/2024 20:43,1.16.3,FR1,3,4.17,1,1,Pellet,Left,79,52,48,0,2.59,49,,3/15/2024 20:43
179,3/15/2024 20:43,1.16.3,FR1,3,4.17,,1,Left,Left,80,52,48,0,,,0.05,3/15/2024 20:43
180,3/15/2024 20:46,1.16.3,FR1,3,4.16,,1,RightWithPellet,Left,80,53,48,0,,,0.43,3/15/2024 20:46
181,3/15/2024 20:46,1.16.3,FR1,3,4.16,,1,RightWithPellet,Left,80,54,48,0,,,0.67,3/15/2024 20:46
182,3/15/2024 20:46,1.16.3,FR1,3,4.17,,1,RightWithPellet,Left,80,55,48,0,,,0.89,3/15/2024 20:46
183,3/15/2024 20:46,1.16.3,FR1,3,4.16,,1,RightWithPellet,Left,80,56,48,0,,,1.08,3/15/2024 20:46
184,3/15/2024 20:46,1.16.3,FR1,3,4.17,,1,RightWithPellet,Left,80,57,48,0,,,0.79,3/15/2024 20:46
185,3/15/2024 20:46,1.16.3,FR1,3,4.16,,1,RightWithPellet,Left,80,58,48,0,,,0.79,3/15/2024 20:46
186,3/15/2024 20:47,1.16.3,FR1,3,4.16,,1,RightWithPellet,Left,80,59,48,0,,,0.19,3/15/2024 20:47
187,3/15/2024 20:47,1.16.3,FR1,3,4.16,,1,RightWithPellet,Left,80,60,48,0,,,0.03,3/15/2024 20:47
188,3/15/2024 20:47,1.16.3,FR1,3,4.16,,1,LeftWithPellet,Left,81,60,48,0,,,0.42,3/15/2024 20:47
189,3/15/2024 20:47,1.16.3,FR1,3,4.16,,1,LeftWithPellet,Left,82,60,48,0,,,0.95,3/15/2024 20:47
190,3/15/2024 20:47,1.16.3,FR1,3,4.17,,1,LeftWithPellet,Left,83,60,48,0,,,0.53,3/15/2024 20:47
191,3/15/2024 20:47,1.16.3,FR1,3,4.17,,1,LeftWithPellet,Left,84,60,48,0,,,0.36,3/15/2024 20:47
192,3/15/2024 20:47,1.16.3,FR1,3,4.17,,1,RightWithPellet,Left,84,61,48,0,,,0.35,3/15/2024 20:47
193,3/15/2024 20:47,1.16.3,FR1,3,4.17,,1,LeftWithPellet,Left,85,61,48,0,,,0.3,3/15/2024 20:47
194,3/15/2024 20:48,1.16.3,FR1,3,4.17,,1,LeftWithPellet,Left,86,61,48,0,,,0.48,3/15/2024 20:48
195,3/15/2024 20:48,1.16.3,FR1,3,4.17,,1,LeftWithPellet,Left,87,61,48,0,,,0.66,3/15/2024 20:48
196,3/15/2024 20:48,1.16.3,FR1,3,4.16,,1,LeftWithPellet,Left,88,61,48,0,,,0.2,3/15/2024 20:48
197,3/15/2024 20:48,1.16.3,FR1,3,4.16,,1,LeftWithPellet,Left,89,61,48,0,,,0.45,3/15/2024 20:48
198,3/15/2024 20:48,1.16.3,FR1,3,4.17,,1,RightWithPellet,Left,89,62,48,0,,,0.44,3/15/2024 20:48
199,3/15/2024 20:48,1.16.3,FR1,3,4.17,,1,RightWithPellet,Left,89,63,48,0,,,0.2,3/15/2024 20:48
200,3/15/2024 20:48,1.16.3,FR1,3,4.17,,1,LeftWithPellet,Left,90,63,48,0,,,0.65,3/15/2024 20:48
201,3/15/2024 20:48,1.16.3,FR1,3,4.17,,1,LeftWithPellet,Left,91,63,48,0,,,0.58,3/15/2024 20:48
202,3/15/2024 20:48,1.16.3,FR1,3,4.16,,1,LeftWithPellet,Left,92,63,48,0,,,0.43,3/15/2024 20:48
203,3/15/2024 20:49,1.16.3,FR1,3,4.16,,1,RightWithPellet,Left,92,64,48,0,,,0.23,3/15/2024 20:49
204,3/15/2024 20:49,1.16.3,FR1,3,4.16,,1,LeftWithPellet,Left,93,64,48,0,,,0.04,3/15/2024 20:49
205,3/15/2024 20:50,1.16.3,FR1,3,4.16,,1,LeftWithPellet,Left,94,64,48,0,,,0.54,3/15/2024 20:50
206,3/15/2024 20:50,1.16.3,FR1,3,4.17,,1,LeftWithPellet,Left,95,64,48,0,,,0.41,3/15/2024 20:50
207,3/15/2024 20:50,1.16.3,FR1,3,4.17,,1,LeftWithPellet,Left,96,64,48,0,,,0.28,3/15/2024 20:50
208,3/15/2024 20:50,1.16.3,FR1,3,4.17,,1,RightWithPellet,Left,96,65,48,0,,,0.62,3/15/2024 20:50
209,3/15/2024 20:50,1.16.3,FR1,3,4.16,,1,RightWithPellet,Left,96,66,48,0,,,0.57,3/15/2024 20:50
210,3/15/2024 20:51,1.16.3,FR1,3,4.17,,1,RightWithPellet,Left,96,67,48,0,,,0.41,3/15/2024 20:51
211,3/15/2024 20:51,1.16.3,FR1,3,4.17,,1,RightWithPellet,Left,96,68,48,0,,,0.22,3/15/2024 20:51
212,3/15/2024 20:53,1.16.3,FR1,3,4.16,,1,RightWithPellet,Left,96,69,48,0,,,0.25,3/15/2024 20:53
213,3/15/2024 20:54,1.16.3,FR1,3,4.17,,1,LeftWithPellet,Left,97,69,48,0,,,0.09,3/15/2024 20:54
214,3/15/2024 20:55,1.16.3,FR1,3,4.17,,1,LeftWithPellet,Left,98,69,48,0,,,0.54,3/15/2024 20:55
215,3/15/2024 20:55,1.16.3,FR1,3,4.16,,1,LeftWithPellet,Left,99,69,48,0,,,0.2,3/15/2024 20:55
216,3/15/2024 20:55,1.16.3,FR1,3,4.16,,1,LeftWithPellet,Left,100,69,48,0,,,0.29,3/15/2024 20:55
217,3/15/2024 20:55,1.16.3,FR1,3,4.16,,1,LeftWithPellet,Left,101,69,48,0,,,0.3,3/15/2024 20:55
218,3/15/2024 20:55,1.16.3,FR1,3,4.16,,1,RightWithPellet,Left,101,70,48,0,,,0.32,3/15/2024 20:55
219,3/15/2024 20:55,1.16.3,FR1,3,4.16,,1,LeftWithPellet,Left,102,70,48,0,,,0.43,3/15/2024 20:55
220,3/15/2024 20:55,1.16.3,FR1,3,4.17,,1,RightWithPellet,Left,102,71,48,0,,,0.13,3/15/2024 20:55
221,3/15/2024 20:55,1.16.3,FR1,3,4.16,,1,LeftWithPellet,Left,103,71,48,0,,,0.48,3/15/2024 20:55
222,3/15/2024 20:55,1.16.3,FR1,3,4.16,,1,LeftWithPellet,Left,104,71,48,0,,,0.37,3/15/2024 20:55
223,3/15/2024 20:56,1.16.3,FR1,3,4.17,,1,LeftWithPellet,Left,105,71,48,0,,,0.61,3/15/2024 20:56
224,3/15/2024 21:00,1.16.3,FR1,3,4.17,2,1,Pellet,Left,105,71,49,0,Timed_out,1045,,3/15/2024 21:00
225,3/15/2024 21:00,1.16.3,FR1,3,4.17,,1,Left,Left,106,71,49,0,,,0.04,3/15/2024 21:00
226,3/15/2024 21:01,1.16.3,FR1,3,4.17,1,1,Pellet,Left,106,71,50,0,18.67,45,,3/15/2024 21:01
227,3/15/2024 21:01,1.16.3,FR1,3,4.16,,1,Right,Left,106,72,50,0,,,0.2,3/15/2024 21:01
228,3/15/2024 21:02,1.16.3,FR1,3,4.16,,1,Right,Left,106,73,50,0,,,0.11,3/15/2024 21:02
229,3/15/2024 21:02,1.16.3,FR1,3,4.16,,1,Right,Left,106,74,50,0,,,0.1,3/15/2024 21:02
230,3/15/2024 21:02,1.16.3,FR1,3,4.17,,1,Left,Left,107,74,50,0,,,0.36,3/15/2024 21:02
231,3/15/2024 21:07,1.16.3,FR1,3,4.16,1,1,Pellet,Left,107,74,51,0,Timed_out,378,,3/15/2024 21:07
232,3/15/2024 21:10,1.16.3,FR1,3,4.16,,1,Left,Left,108,74,51,0,,,0.22,3/15/2024 21:10
233,3/15/2024 21:10,1.16.3,FR1,3,4.16,,1,RightWithPellet,Left,108,75,51,0,,,0.29,3/15/2024 21:10
234,3/15/2024 21:10,1.16.3,FR1,3,4.17,,1,LeftWithPellet,Left,109,75,51,0,,,0.14,3/15/2024 21:10
235,3/15/2024 21:10,1.16.3,FR1,3,4.16,,1,LeftWithPellet,Left,110,75,51,0,,,0.11,3/15/2024 21:10
236,3/15/2024 21:11,1.16.3,FR1,3,4.17,,1,RightWithPellet,Left,110,76,51,0,,,0.04,3/15/2024 21:11
237,3/15/2024 21:12,1.16.3,FR1,3,4.16,,1,LeftWithPellet,Left,111,76,51,0,,,0.13,3/15/2024 21:12
238,3/15/2024 21:12,1.16.3,FR1,3,4.16,,1,LeftWithPellet,Left,112,76,51,0,,,0.31,3/15/2024 21:12
239,3/15/2024 21:12,1.16.3,FR1,3,4.17,,1,RightWithPellet,Left,112,77,51,0,,,0.23,3/15/2024 21:12
240,3/15/2024 21:12,1.16.3,FR1,3,4.17,,1,LeftWithPellet,Left,113,77,51,0,,,0.26,3/15/2024 21:12
241,3/15/2024 21:14,1.16.3,FR1,3,4.17,,1,RightWithPellet,Left,113,78,51,0,,,0.14,3/15/2024 21:14
242,3/15/2024 21:16,1.16.3,FR1,3,4.17,1,1,Pellet,Left,113,78,52,0,Timed_out,560,,3/15/2024 21:16
243,3/15/2024 21:17,1.16.3,FR1,3,4.16,,1,Right,Left,113,79,52,0,,,0.09,3/15/2024 21:17
244,3/15/2024 21:17,1.16.3,FR1,3,4.17,,1,Left,Left,114,79,52,0,,,0.46,3/15/2024 21:17
245,3/15/2024 21:19,1.16.3,FR1,3,4.17,1,1,Pellet,Left,114,79,53,0,Timed_out,152,,3/15/2024 21:19
246,3/15/2024 21:19,1.16.3,FR1,3,4.16,,1,Right,Left,114,80,53,0,,,0.16,3/15/2024 21:19
247,3/15/2024 21:20,1.16.3,FR1,3,4.16,,1,Left,Left,115,80,53,0,,,0.35,3/15/2024 21:20
248,3/15/2024 21:20,1.16.3,FR1,3,4.17,,1,LeftWithPellet,Left,116,80,53,0,,,0.24,3/15/2024 21:20
249,3/15/2024 21:20,1.16.3,FR1,3,4.16,,1,RightWithPellet,Left,116,81,53,0,,,0.26,3/15/2024 21:20
250,3/15/2024 21:20,1.16.3,FR1,3,4.16,,1,LeftWithPellet,Left,117,81,53,0,,,0.3,3/15/2024 21:20
251,3/15/2024 21:24,1.16.3,FR1,3,4.17,1,1,Pellet,Left,117,81,54,0,Timed_out,296,,3/15/2024 21:24
252,3/15/2024 21:24,1.16.3,FR1,3,4.16,,1,Right,Left,117,82,54,0,,,0.05,3/15/2024 21:24
253,3/15/2024 21:24,1.16.3,FR1,3,4.16,,1,Left,Left,118,82,54,0,,,0,3/15/2024 21:24
254,3/15/2024 21:24,1.16.3,FR1,3,4.16,,1,LeftWithPellet,Left,119,82,54,0,,,0.23,3/15/2024 21:24
255,3/15/2024 21:25,1.16.3,FR1,3,4.16,1,1,Pellet,Left,119,82,55,0,Timed_out,94,,3/15/2024 21:25
256,3/15/2024 21:26,1.16.3,FR1,3,4.17,,1,Left,Left,120,82,55,0,,,0.54,3/15/2024 21:26
257,3/15/2024 21:27,1.16.3,FR1,3,4.16,,1,RightWithPellet,Left,120,83,55,0,,,0.13,3/15/2024 21:27
258,3/15/2024 21:28,1.16.3,FR1,3,4.16,1,1,Pellet,Left,120,83,56,0,Timed_out,140,,3/15/2024 21:28
259,3/15/2024 21:29,1.16.3,FR1,3,4.16,,1,Right,Left,120,84,56,0,,,0,3/15/2024 21:29
260,3/15/2024 21:30,1.16.3,FR1,3,4.16,,1,Left,Left,121,84,56,0,,,0.07,3/15/2024 21:30
261,3/15/2024 21:30,1.16.3,FR1,3,4.16,,1,RightWithPellet,Left,121,85,56,0,,,0.17,3/15/2024 21:30
262,3/15/2024 21:30,1.16.3,FR1,3,4.16,,1,RightWithPellet,Left,121,86,56,0,,,0.38,3/15/2024 21:30
263,3/15/2024 21:31,1.16.3,FR1,3,4.17,1,1,Pellet,Left,121,86,57,0,Timed_out,214,,3/15/2024 21:31
264,3/15/2024 21:32,1.16.3,FR1,3,4.16,,1,Left,Left,122,86,57,0,,,0.12,3/15/2024 21:32
265,3/15/2024 21:36,1.16.3,FR1,3,4.17,,1,RightWithPellet,Left,122,87,57,0,,,0.25,3/15/2024 21:36
266,3/15/2024 21:37,1.16.3,FR1,3,4.16,,1,RightWithPellet,Left,122,88,57,0,,,0.09,3/15/2024 21:37
267,3/15/2024 21:37,1.16.3,FR1,3,4.16,1,1,Pellet,Left,122,88,58,0,Timed_out,348,,3/15/2024 21:37
268,3/15/2024 21:38,1.16.3,FR1,3,4.17,,1,Left,Left,123,88,58,0,,,0.2,3/15/2024 21:38
269,3/15/2024 21:38,1.16.3,FR1,3,4.16,,1,RightWithPellet,Left,123,89,58,0,,,0.59,3/15/2024 21:38
270,3/15/2024 21:38,1.16.3,FR1,3,4.16,,1,LeftWithPellet,Left,124,89,58,0,,,0.35,3/15/2024 21:38
271,3/15/2024 21:38,1.16.3,FR1,3,4.16,,1,LeftWithPellet,Left,125,89,58,0,,,0.34,3/15/2024 21:38
272,3/15/2024 21:39,1.16.3,FR1,3,4.16,1,1,Pellet,Left,125,89,59,0,Timed_out,124,,3/15/2024 21:39
273,3/15/2024 21:40,1.16.3,FR1,3,4.16,,1,Left,Left,126,89,59,0,,,0.55,3/15/2024 21:40
274,3/15/2024 21:40,1.16.3,FR1,3,4.16,,1,RightWithPellet,Left,126,90,59,0,,,0.39,3/15/2024 21:40
275,3/15/2024 21:40,1.16.3,FR1,3,4.16,,1,LeftWithPellet,Left,127,90,59,0,,,0.39,3/15/2024 21:40
276,3/15/2024 21:42,1.16.3,FR1,3,4.16,1,1,Pellet,Left,127,90,60,0,Timed_out,150,,3/15/2024 21:42
277,3/15/2024 21:48,1.16.3,FR1,3,4.17,,1,Right,Left,127,91,60,0,,,0.12,3/15/2024 21:48
278,3/15/2024 21:48,1.16.3,FR1,3,4.16,,1,Left,Left,128,91,60,0,,,0.13,3/15/2024 21:48
279,3/15/2024 21:49,1.16.3,FR1,3,4.16,1,1,Pellet,Left,128,91,61,0,11.83,409,,3/15/2024 21:49
280,3/15/2024 21:49,1.16.3,FR1,3,4.17,,1,Right,Left,128,92,61,0,,,0.16,3/15/2024 21:49
281,3/15/2024 21:49,1.16.3,FR1,3,4.17,,1,Right,Left,128,93,61,0,,,0.11,3/15/2024 21:49
282,3/15/2024 21:50,1.16.3,FR1,3,4.16,,1,Left,Left,129,93,61,0,,,0.4,3/15/2024 21:50
283,3/15/2024 21:52,1.16.3,FR1,3,4.16,1,1,Pellet,Left,129,93,62,0,Timed_out,237,,3/15/2024 21:52
284,3/15/2024 22:03,1.16.3,FR1,3,4.16,,1,Left,Left,130,93,62,0,,,0.12,3/15/2024 22:03
285,3/15/2024 22:04,1.16.3,FR1,3,4.16,,1,LeftWithPellet,Left,131,93,62,0,,,0.17,3/15/2024 22:04
286,3/15/2024 22:05,1.16.3,FR1,3,4.16,1,1,Pellet,Left,131,93,63,0,Timed_out,733,,3/15/2024 22:05
287,3/15/2024 22:06,1.16.3,FR1,3,4.16,,1,Right,Left,131,94,63,0,,,0.14,3/15/2024 22:06
288,3/15/2024 22:06,1.16.3,FR1,3,4.16,,1,Left,Left,132,94,63,0,,,0.52,3/15/2024 22:06
289,3/15/2024 22:06,1.16.3,FR1,3,4.16,1,1,Pellet,Left,132,94,64,0,35.31,88,,3/15/2024 22:06
290,3/15/2024 22:07,1.16.3,FR1,3,4.16,,1,Right,Left,132,95,64,0,,,0,3/15/2024 22:07
291,3/15/2024 22:07,1.16.3,FR1,3,4.16,,1,Right,Left,132,96,64,0,,,0.09,3/15/2024 22:07
292,3/15/2024 22:08,1.16.3,FR1,3,4.16,,1,Right,Left,132,97,64,0,,,0.11,3/15/2024 22:08
293,3/15/2024 22:08,1.16.3,FR1,3,4.16,,1,Left,Left,133,97,64,0,,,0.04,3/15/2024 22:08
294,3/15/2024 22:09,1.16.3,FR1,3,4.17,1,1,Pellet,Left,133,97,65,0,39.08,159,,3/15/2024 22:09
295,3/15/2024 22:10,1.16.3,FR1,3,4.16,,1,Right,Left,133,98,65,0,,,0.16,3/15/2024 22:10
296,3/15/2024 22:11,1.16.3,FR1,3,4.16,,1,Left,Left,134,98,65,0,,,0.57,3/15/2024 22:11
297,3/15/2024 22:11,1.16.3,FR1,3,4.16,,1,LeftWithPellet,Left,135,98,65,0,,,0.55,3/15/2024 22:11
298,3/15/2024 22:12,1.16.3,FR1,3,4.16,1,1,Pellet,Left,135,98,66,0,22.46,163,,3/15/2024 22:12
299,3/15/2024 22:15,1.16.3,FR1,3,4.16,,1,Left,Left,136,98,66,0,,,0.1,3/15/2024 22:15
300,3/15/2024 22:18,1.16.3,FR1,3,4.16,,1,RightWithPellet,Left,136,99,66,0,,,0.12,3/15/2024 22:18
301,3/15/2024 22:22,1.16.3,FR1,3,4.16,,1,LeftWithPellet,Left,137,99,66,0,,,0.02,3/15/2024 22:22
302,3/15/2024 22:24,1.16.3,FR1,3,4.16,,1,RightWithPellet,Left,137,100,66,0,,,0.26,3/15/2024 22:24
303,3/15/2024 22:25,1.16.3,FR1,3,4.16,,1,LeftWithPellet,Left,138,100,66,0,,,0.09,3/15/2024 22:25
304,3/15/2024 22:25,1.16.3,FR1,3,4.16,,1,RightWithPellet,Left,138,101,66,0,,,0.64,3/15/2024 22:25
305,3/15/2024 22:25,1.16.3,FR1,3,4.16,,1,LeftWithPellet,Left,139,101,66,0,,,0.23,3/15/2024 22:25
306,3/15/2024 22:25,1.16.3,FR1,3,4.16,,1,RightWithPellet,Left,139,102,66,0,,,0.11,3/15/2024 22:25
307,3/15/2024 22:26,1.16.3,FR1,3,4.16,1,1,Pellet,Left,139,102,67,0,Timed_out,873,,3/15/2024 22:26
308,3/15/2024 22:28,1.16.3,FR1,3,4.16,,1,Left,Left,140,102,67,0,,,0.03,3/15/2024 22:28
309,3/15/2024 22:28,1.16.3,FR1,3,4.16,,1,LeftDuringDispense,Left,141,102,67,0,,,0.2,3/15/2024 22:28
310,3/15/2024 22:28,1.16.3,FR1,3,4.16,,1,LeftDuringDispense,Left,142,102,67,0,,,0.01,3/15/2024 22:28
311,3/15/2024 22:29,1.16.3,FR1,3,4.16,3,1,Pellet,Left,142,102,68,0,53.17,200,,3/15/2024 22:29
312,3/15/2024 22:31,1.16.3,FR1,3,4.16,,1,Left,Left,143,102,68,0,,,0.33,3/15/2024 22:31
313,3/15/2024 22:31,1.16.3,FR1,3,4.16,,1,RightWithPellet,Left,143,103,68,0,,,0.1,3/15/2024 22:31
314,3/15/2024 22:32,1.16.3,FR1,3,4.16,,1,LeftWithPellet,Left,144,103,68,0,,,0.21,3/15/2024 22:32
315,3/15/2024 22:32,1.16.3,FR1,3,4.16,,1,RightWithPellet,Left,144,104,68,0,,,0.11,3/15/2024 22:32
316,3/15/2024 22:35,1.16.3,FR1,3,4.16,,1,RightWithPellet,Left,144,105,68,0,,,0.08,3/15/2024 22:35
317,3/15/2024 22:35,1.16.3,FR1,3,4.16,,1,RightWithPellet,Left,144,106,68,0,,,0.62,3/15/2024 22:35
318,3/15/2024 22:35,1.16.3,FR1,3,4.16,,1,LeftWithPellet,Left,145,106,68,0,,,0.47,3/15/2024 22:35
319,3/15/2024 22:35,1.16.3,FR1,3,4.16,,1,LeftWithPellet,Left,146,106,68,0,,,0.11,3/15/2024 22:35
320,3/15/2024 22:35,1.16.3,FR1,3,4.16,1,1,Pellet,Left,146,106,69,0,Timed_out,338,,3/15/2024 22:35
321,3/15/2024 22:35,1.16.3,FR1,3,4.16,,1,Left,Left,147,106,69,0,,,0.26,3/15/2024 22:35
322,3/15/2024 22:36,1.16.3,FR1,3,4.16,,1,LeftWithPellet,Left,148,106,69,0,,,0.12,3/15/2024 22:36
323,3/15/2024 22:37,1.16.3,FR1,3,4.16,,1,LeftWithPellet,Left,149,106,69,0,,,0.05,3/15/2024 22:37
324,3/15/2024 22:38,1.16.3,FR1,3,4.16,,1,RightWithPellet,Left,149,107,69,0,,,0.19,3/15/2024 22:38
325,3/15/2024 22:40,1.16.3,FR1,3,4.16,1,1,Pellet,Left,149,107,70,0,Timed_out,283,,3/15/2024 22:40
326,3/15/2024 22:40,1.16.3,FR1,3,4.16,,1,Left,Left,150,107,70,0,,,0.44,3/15/2024 22:40
327,3/15/2024 22:40,1.16.3,FR1,3,4.16,1,1,Pellet,Left,150,107,71,0,1.77,27,,3/15/2024 22:40
328,3/15/2024 22:41,1.16.3,FR1,3,4.16,,1,Right,Left,150,108,71,0,,,0,3/15/2024 22:41
329,3/15/2024 22:45,1.16.3,FR1,3,4.16,,1,Left,Left,151,108,71,0,,,0.14,3/15/2024 22:45
330,3/15/2024 22:46,1.16.3,FR1,3,4.16,1,1,Pellet,Left,151,108,72,0,32,330,,3/15/2024 22:46
331,3/15/2024 22:46,1.16.3,FR1,3,4.16,,1,Left,Left,152,108,72,0,,,0.1,3/15/2024 22:46
332,3/15/2024 22:46,1.16.3,FR1,3,4.16,1,1,Pellet,Left,152,108,73,0,3.62,34,,3/15/2024 22:46
333,3/15/2024 22:47,1.16.3,FR1,3,4.16,,1,Left,Left,153,108,73,0,,,0.4,3/15/2024 22:47
334,3/15/2024 22:47,1.16.3,FR1,3,4.16,1,1,Pellet,Left,153,108,74,0,4.44,69,,3/15/2024 22:47
335,3/15/2024 22:48,1.16.3,FR1,3,4.16,,1,Left,Left,154,108,74,0,,,0.41,3/15/2024 22:48
336,3/15/2024 22:48,1.16.3,FR1,3,4.16,2,1,Pellet,Left,154,108,75,0,3.2,27,,3/15/2024 22:48
337,3/15/2024 22:48,1.16.3,FR1,3,4.16,,1,Left,Left,155,108,75,0,,,0.16,3/15/2024 22:48
338,3/15/2024 22:48,1.16.3,FR1,3,4.16,1,1,Pellet,Left,155,108,76,0,0.88,20,,3/15/2024 22:48
339,3/15/2024 22:50,1.16.3,FR1,3,4.16,,1,Left,Left,156,108,76,0,,,0.12,3/15/2024 22:50
340,3/15/2024 22:50,1.16.3,FR1,3,4.16,,1,LeftWithPellet,Left,157,108,76,0,,,0.13,3/15/2024 22:50
341,3/15/2024 22:50,1.16.3,FR1,3,4.16,1,1,Pellet,Left,157,108,77,0,1.56,96,,3/15/2024 22:50
342,3/15/2024 22:52,1.16.3,FR1,3,4.16,,1,Left,Left,158,108,77,0,,,0.06,3/15/2024 22:52
343,3/15/2024 22:54,1.16.3,FR1,3,4.16,1,1,Pellet,Left,158,108,78,0,Timed_out,251,,3/15/2024 22:54
344,3/15/2024 22:57,1.16.3,FR1,3,4.16,,1,Left,Left,159,108,78,0,,,0.21,3/15/2024 22:57
345,3/15/2024 22:58,1.16.3,FR1,3,4.16,2,1,Pellet,Left,159,108,79,0,11.15,211,,3/15/2024 22:58
346,3/15/2024 22:58,1.16.3,FR1,3,4.16,,1,Right,Left,159,109,79,0,,,0.09,3/15/2024 22:58
347,3/15/2024 22:58,1.16.3,FR1,3,4.16,,1,Right,Left,159,110,79,0,,,0.15,3/15/2024 22:58
348,3/15/2024 22:59,1.16.3,FR1,3,4.16,,1,Left,Left,160,110,79,0,,,0.09,3/15/2024 22:59
349,3/15/2024 23:01,1.16.3,FR1,3,4.16,1,1,Pellet,Left,160,110,80,0,Timed_out,234,,3/15/2024 23:01
350,3/15/2024 23:02,1.16.3,FR1,3,4.16,,1,Left,Left,161,110,80,0,,,0.13,3/15/2024 23:02
351,3/15/2024 23:03,1.16.3,FR1,3,4.16,1,1,Pellet,Left,161,110,81,0,40.99,100,,3/15/2024 23:03
352,3/15/2024 23:08,1.16.3,FR1,3,4.16,,1,Right,Left,161,111,81,0,,,0.17,3/15/2024 23:08
353,3/15/2024 23:08,1.16.3,FR1,3,4.16,,1,Right,Left,161,112,81,0,,,0.07,3/15/2024 23:08
354,3/15/2024 23:10,1.16.3,FR1,3,4.16,,1,Right,Left,161,113,81,0,,,0.17,3/15/2024 23:10
355,3/15/2024 23:10,1.16.3,FR1,3,4.16,,1,Left,Left,162,113,81,0,,,0.06,3/15/2024 23:10
356,3/15/2024 23:11,1.16.3,FR1,3,4.16,1,1,Pellet,Left,162,113,82,0,32.68,471,,3/15/2024 23:11
357,3/15/2024 23:13,1.16.3,FR1,3,4.16,,1,Left,Left,163,113,82,0,,,0.12,3/15/2024 23:13
358,3/15/2024 23:13,1.16.3,FR1,3,4.16,1,1,Pellet,Left,163,113,83,0,18.14,142,,3/15/2024 23:13
359,3/15/2024 23:14,1.16.3,FR1,3,4.16,,1,Right,Left,163,114,83,0,,,0.19,3/15/2024 23:14
360,3/15/2024 23:14,1.16.3,FR1,3,4.16,,1,Left,Left,164,114,83,0,,,0.05,3/15/2024 23:14
361,3/15/2024 23:14,1.16.3,FR1,3,4.16,,1,LeftDuringDispense,Left,165,114,83,0,,,0.64,3/15/2024 23:14
362,3/15/2024 23:14,1.16.3,FR1,3,4.16,,1,LeftDuringDispense,Left,166,114,83,0,,,0.2,3/15/2024 23:14
363,3/15/2024 23:14,1.16.3,FR1,3,4.16,,1,LeftWithPellet,Left,167,114,83,0,,,0.15,3/15/2024 23:14
364,3/15/2024 23:14,1.16.3,FR1,3,4.16,,1,LeftWithPellet,Left,168,114,83,0,,,0.62,3/15/2024 23:14
365,3/15/2024 23:14,1.16.3,FR1,3,4.16,2,1,Pellet,Left,168,114,84,0,11.43,43,,3/15/2024 23:14
366,3/15/2024 23:14,1.16.3,FR1,3,4.16,,1,Left,Left,169,114,84,0,,,0.37,3/15/2024 23:14
367,3/15/2024 23:14,1.16.3,FR1,3,4.16,,1,LeftDuringDispense,Left,170,114,84,0,,,0.26,3/15/2024 23:14
368,3/15/2024 23:14,1.16.3,FR1,3,4.16,,1,RightWithPellet,Left,170,115,84,0,,,0.49,3/15/2024 23:14
369,3/15/2024 23:14,1.16.3,FR1,3,4.16,,1,LeftWithPellet,Left,171,115,84,0,,,0.36,3/15/2024 23:14
370,3/15/2024 23:15,1.16.3,FR1,3,4.16,2,1,Pellet,Left,171,115,85,0,30.51,36,,3/15/2024 23:15
371,3/15/2024 23:15,1.16.3,FR1,3,4.16,,1,Left,Left,172,115,85,0,,,0.42,3/15/2024 23:15
372,3/15/2024 23:15,1.16.3,FR1,3,4.16,,1,LeftWithPellet,Left,173,115,85,0,,,0.49,3/15/2024 23:15
373,3/15/2024 23:15,1.16.3,FR1,3,4.16,,1,RightWithPellet,Left,173,116,85,0,,,0.44,3/15/2024 23:15
374,3/15/2024 23:16,1.16.3,FR1,3,4.16,1,1,Pellet,Left,173,116,86,0,Timed_out,79,,3/15/2024 23:16
375,3/15/2024 23:17,1.16.3,FR1,3,4.16,,1,Left,Left,174,116,86,0,,,0.46,3/15/2024 23:17
376,3/15/2024 23:21,1.16.3,FR1,3,4.15,,1,LeftWithPellet,Left,175,116,86,0,,,0.11,3/15/2024 23:21
377,3/15/2024 23:25,1.16.3,FR1,3,4.16,2,1,Pellet,Left,175,116,87,0,Timed_out,558,,3/15/2024 23:25
378,3/15/2024 23:27,1.16.3,FR1,3,4.16,,1,Right,Left,175,117,87,0,,,0.01,3/15/2024 23:27
379,3/15/2024 23:28,1.16.3,FR1,3,4.16,,1,Right,Left,175,118,87,0,,,0.04,3/15/2024 23:28
380,3/15/2024 23:28,1.16.3,FR1,3,4.16,,1,Left,Left,176,118,87,0,,,0.03,3/15/2024 23:28
381,3/15/2024 23:33,1.16.3,FR1,3,4.16,,1,RightWithPellet,Left,176,119,87,0,,,0.2,3/15/2024 23:33
382,3/15/2024 23:33,1.16.3,FR1,3,4.16,,1,LeftWithPellet,Left,177,119,87,0,,,0.06,3/15/2024 23:33
383,3/15/2024 23:33,1.16.3,FR1,3,4.16,,1,RightWithPellet,Left,177,120,87,0,,,0.46,3/15/2024 23:33
384,3/15/2024 23:33,1.16.3,FR1,3,4.16,,1,LeftWithPellet,Left,178,120,87,0,,,0.32,3/15/2024 23:33
385,3/15/2024 23:34,1.16.3,FR1,3,4.15,1,1,Pellet,Left,178,120,88,0,Timed_out,550,,3/15/2024 23:34
386,3/15/2024 23:39,1.16.3,FR1,3,4.16,,1,Right,Left,178,121,88,0,,,0.36,3/15/2024 23:39
387,3/15/2024 23:39,1.16.3,FR1,3,4.16,,1,Right,Left,178,122,88,0,,,0.59,3/15/2024 23:39
388,3/15/2024 23:39,1.16.3,FR1,3,4.16,,1,Left,Left,179,122,88,0,,,0.34,3/15/2024 23:39
389,3/15/2024 23:39,1.16.3,FR1,3,4.16,,1,LeftDuringDispense,Left,180,122,88,0,,,0.23,3/15/2024 23:39
390,3/15/2024 23:39,1.16.3,FR1,3,4.16,,1,LeftWithPellet,Left,181,122,88,0,,,0.11,3/15/2024 23:39
391,3/15/2024 23:39,1.16.3,FR1,3,4.16,,1,LeftWithPellet,Left,182,122,88,0,,,0.24,3/15/2024 23:39
392,3/15/2024 23:39,1.16.3,FR1,3,4.16,1,1,Pellet,Left,182,122,89,0,17.97,303,,3/15/2024 23:39
393,3/15/2024 23:40,1.16.3,FR1,3,4.16,,1,Left,Left,183,122,89,0,,,0.58,3/15/2024 23:40
394,3/15/2024 23:40,1.16.3,FR1,3,4.16,,1,LeftWithPellet,Left,184,122,89,0,,,0.46,3/15/2024 23:40
395,3/15/2024 23:40,1.16.3,FR1,3,4.16,,1,LeftWithPellet,Left,185,122,89,0,,,0.37,3/15/2024 23:40
396,3/15/2024 23:41,1.16.3,FR1,3,4.16,2,1,Pellet,Left,185,122,90,0,Timed_out,123,,3/15/2024 23:41
397,3/15/2024 23:57,1.16.3,FR1,3,4.16,,1,Right,Left,185,123,90,0,,,0.05,3/15/2024 23:57
398,3/15/2024 23:57,1.16.3,FR1,3,4.16,,1,Left,Left,186,123,90,0,,,0.39,3/15/2024 23:57
399,3/15/2024 23:57,1.16.3,FR1,3,4.16,,1,LeftWithPellet,Left,187,123,90,0,,,0.32,3/15/2024 23:57
400,3/16/2024 0:02,1.16.3,FR1,3,4.16,,1,RightWithPellet,Left,187,124,90,0,,,0.08,3/16/2024 0:02
401,3/16/2024 0:11,1.16.3,FR1,3,4.16,,1,RightWithPellet,Left,187,125,90,0,,,0.24,3/16/2024 0:11
402,3/16/2024 0:11,1.16.3,FR1,3,4.16,,1,LeftWithPellet,Left,188,125,90,0,,,0.65,3/16/2024 0:11
403,3/16/2024 0:12,1.16.3,FR1,3,4.16,2,1,Pellet,Left,188,125,91,0,Timed_out,1838,,3/16/2024 0:12
404,3/16/2024 0:13,1.16.3,FR1,3,4.16,,1,Left,Left,189,125,91,0,,,0.5,3/16/2024 0:13
405,3/16/2024 0:15,1.16.3,FR1,3,4.16,2,1,Pellet,Left,189,125,92,0,Timed_out,193,,3/16/2024 0:15
406,3/16/2024 0:16,1.16.3,FR1,3,4.16,,1,Left,Left,190,125,92,0,,,0.1,3/16/2024 0:16
407,3/16/2024 0:16,1.16.3,FR1,3,4.16,,1,RightWithPellet,Left,190,126,92,0,,,0.14,3/16/2024 0:16
408,3/16/2024 0:16,1.16.3,FR1,3,4.16,2,1,Pellet,Left,190,126,93,0,4.78,62,,3/16/2024 0:16
409,3/16/2024 0:18,1.16.3,FR1,3,4.15,,1,Left,Left,191,126,93,0,,,0.06,3/16/2024 0:18
410,3/16/2024 0:18,1.16.3,FR1,3,4.15,1,1,Pellet,Left,191,126,94,0,9.98,102,,3/16/2024 0:18
411,3/16/2024 0:18,1.16.3,FR1,3,4.16,,1,Right,Left,191,127,94,0,,,0.3,3/16/2024 0:18
412,3/16/2024 0:19,1.16.3,FR1,3,4.16,,1,Left,Left,192,127,94,0,,,0.09,3/16/2024 0:19
413,3/16/2024 0:19,1.16.3,FR1,3,4.16,,1,LeftDuringDispense,Left,193,127,94,0,,,0.1,3/16/2024 0:19
414,3/16/2024 0:19,1.16.3,FR1,3,4.16,2,1,Pellet,Left,193,127,95,0,29.79,61,,3/16/2024 0:19
415,3/16/2024 0:19,1.16.3,FR1,3,4.16,,1,Right,Left,193,128,95,0,,,0.23,3/16/2024 0:19
416,3/16/2024 0:20,1.16.3,FR1,3,4.15,,1,Left,Left,194,128,95,0,,,0.21,3/16/2024 0:20
417,3/16/2024 0:20,1.16.3,FR1,3,4.16,,1,LeftDuringDispense,Left,195,128,95,0,,,0.39,3/16/2024 0:20
418,3/16/2024 0:21,1.16.3,FR1,3,4.16,1,1,Pellet,Left,195,128,96,0,Timed_out,102,,3/16/2024 0:21
419,3/16/2024 0:26,1.16.3,FR1,3,4.16,,1,Left,Left,196,128,96,0,,,0.15,3/16/2024 0:26
420,3/16/2024 0:26,1.16.3,FR1,3,4.16,1,1,Pellet,Left,196,128,97,0,4.92,306,,3/16/2024 0:26
421,3/16/2024 0:32,1.16.3,FR1,3,4.16,,1,Left,Left,197,128,97,0,,,0.16,3/16/2024 0:32
422,3/16/2024 0:32,1.16.3,FR1,3,4.16,2,1,Pellet,Left,197,128,98,0,7.17,378,,3/16/2024 0:32
423,3/16/2024 0:38,1.16.3,FR1,3,4.15,,1,Left,Left,198,128,98,0,,,0.08,3/16/2024 0:38
424,3/16/2024 0:38,1.16.3,FR1,3,4.16,,1,LeftDuringDispense,Left,199,128,98,0,,,0.18,3/16/2024 0:38
425,3/16/2024 0:38,1.16.3,FR1,3,4.16,,1,RightWithPellet,Left,199,129,98,0,,,0.13,3/16/2024 0:38
426,3/16/2024 0:38,1.16.3,FR1,3,4.15,,1,RightWithPellet,Left,199,130,98,0,,,0.15,3/16/2024 0:38
427,3/16/2024 0:38,1.16.3,FR1,3,4.15,,1,RightWithPellet,Left,199,131,98,0,,,0.33,3/16/2024 0:38
428,3/16/2024 0:39,1.16.3,FR1,3,4.15,3,1,Pellet,Left,199,131,99,0,Timed_out,404,,3/16/2024 0:39
429,3/16/2024 0:39,1.16.3,FR1,3,4.16,,1,Left,Left,200,131,99,0,,,0.67,3/16/2024 0:39
430,3/16/2024 0:46,1.16.3,FR1,3,4.16,1,1,Pellet,Left,200,131,100,0,Timed_out,422,,3/16/2024 0:46
431,3/16/2024 0:47,1.16.3,FR1,3,4.16,,1,Left,Left,201,131,100,0,,,0.37,3/16/2024 0:47
432,3/16/2024 0:51,1.16.3,FR1,3,4.15,2,1,Pellet,Left,201,131,101,0,Timed_out,302,,3/16/2024 0:51
433,3/16/2024 0:52,1.16.3,FR1,3,4.14,,1,Left,Left,202,131,101,0,,,0.2,3/16/2024 0:52
434,3/16/2024 0:52,1.16.3,FR1,3,4.15,1,1,Pellet,Left,202,131,102,0,0.88,58,,3/16/2024 0:52
435,3/16/2024 0:52,1.16.3,FR1,3,4.15,,1,Left,Left,203,131,102,0,,,0.09,3/16/2024 0:52
436,3/16/2024 0:52,1.16.3,FR1,3,4.15,,1,LeftDuringDispense,Left,204,131,102,0,,,0.09,3/16/2024 0:52
437,3/16/2024 0:53,1.16.3,FR1,3,4.16,2,1,Pellet,Left,204,131,103,0,5.74,38,,3/16/2024 0:53
438,3/16/2024 0:54,1.16.3,FR1,3,4.16,,1,Left,Left,205,131,103,0,,,0.11,3/16/2024 0:54
439,3/16/2024 0:54,1.16.3,FR1,3,4.15,1,1,Pellet,Left,205,131,104,0,0.88,104,,3/16/2024 0:54
440,3/16/2024 0:55,1.16.3,FR1,3,4.16,,1,Right,Left,205,132,104,0,,,0.44,3/16/2024 0:55
441,3/16/2024 2:01,1.16.3,FR1,3,4.15,,1,Left,Left,206,132,104,0,,,0.98,3/16/2024 2:01
442,3/16/2024 2:01,1.16.3,FR1,3,4.15,1,1,Pellet,Left,206,132,105,0,2.11,4006,,3/16/2024 2:01
443,3/16/2024 2:02,1.16.3,FR1,3,4.15,,1,Left,Left,207,132,105,0,,,0.56,3/16/2024 2:02
444,3/16/2024 2:02,1.16.3,FR1,3,4.15,1,1,Pellet,Left,207,132,106,0,2.31,29,,3/16/2024 2:02
445,3/16/2024 2:02,1.16.3,FR1,3,4.15,,1,Left,Left,208,132,106,0,,,0.06,3/16/2024 2:02
446,3/16/2024 2:02,1.16.3,FR1,3,4.15,1,1,Pellet,Left,208,132,107,0,0.47,48,,3/16/2024 2:02
447,3/16/2024 2:03,1.16.3,FR1,3,4.16,,1,Left,Left,209,132,107,0,,,0.29,3/16/2024 2:03
448,3/16/2024 2:03,1.16.3,FR1,3,4.15,2,1,Pellet,Left,209,132,108,0,7.18,40,,3/16/2024 2:03
449,3/16/2024 2:05,1.16.3,FR1,3,4.15,,1,Left,Left,210,132,108,0,,,0.3,3/16/2024 2:05
450,3/16/2024 2:05,1.16.3,FR1,3,4.15,1,1,Pellet,Left,210,132,109,0,6.56,100,,3/16/2024 2:05
451,3/16/2024 2:05,1.16.3,FR1,3,4.15,,1,Right,Left,210,133,109,0,,,0.09,3/16/2024 2:05
452,3/16/2024 2:06,1.16.3,FR1,3,4.15,,1,Right,Left,210,134,109,0,,,0.27,3/16/2024 2:06
453,3/16/2024 2:06,1.16.3,FR1,3,4.15,,1,Left,Left,211,134,109,0,,,0.08,3/16/2024 2:06
454,3/16/2024 2:06,1.16.3,FR1,3,4.15,1,1,Pellet,Left,211,134,110,0,1.36,69,,3/16/2024 2:06
455,3/16/2024 2:06,1.16.3,FR1,3,4.15,,1,Left,Left,212,134,110,0,,,0.33,3/16/2024 2:06
456,3/16/2024 2:07,1.16.3,FR1,3,4.15,2,1,Pellet,Left,212,134,111,0,11.07,49,,3/16/2024 2:07
457,3/16/2024 2:08,1.16.3,FR1,3,4.15,,1,Left,Left,213,134,111,0,,,0.2,3/16/2024 2:08
458,3/16/2024 2:08,1.16.3,FR1,3,4.15,1,1,Pellet,Left,213,134,112,0,0.61,93,,3/16/2024 2:08
459,3/16/2024 2:15,1.16.3,FR1,3,4.15,,1,Left,Left,214,134,112,0,,,0.08,3/16/2024 2:15
460,3/16/2024 2:15,1.16.3,FR1,3,4.15,1,1,Pellet,Left,214,134,113,0,2.86,416,,3/16/2024 2:15
461,3/16/2024 2:16,1.16.3,FR1,3,4.15,,1,Left,Left,215,134,113,0,,,0.03,3/16/2024 2:16
462,3/16/2024 2:16,1.16.3,FR1,3,4.15,,1,LeftDuringDispense,Left,216,134,113,0,,,0.07,3/16/2024 2:16
463,3/16/2024 2:16,1.16.3,FR1,3,4.16,2,1,Pellet,Left,216,134,114,0,0.75,30,,3/16/2024 2:16
464,3/16/2024 2:16,1.16.3,FR1,3,4.15,,1,Left,Left,217,134,114,0,,,0.31,3/16/2024 2:16
465,3/16/2024 2:16,1.16.3,FR1,3,4.15,1,1,Pellet,Left,217,134,115,0,1.36,33,,3/16/2024 2:16
466,3/16/2024 2:17,1.16.3,FR1,3,4.15,,1,Right,Left,217,135,115,0,,,0.06,3/16/2024 2:17
467,3/16/2024 2:17,1.16.3,FR1,3,4.15,,1,Left,Left,218,135,115,0,,,0.02,3/16/2024 2:17
468,3/16/2024 2:17,1.16.3,FR1,3,4.14,,1,LeftDuringDispense,Left,219,135,115,0,,,0.27,3/16/2024 2:17
469,3/16/2024 2:17,1.16.3,FR1,3,4.15,1,1,Pellet,Left,219,135,116,0,0.4,23,,3/16/2024 2:17
470,3/16/2024 2:17,1.16.3,FR1,3,4.15,,1,Left,Left,220,135,116,0,,,0.03,3/16/2024 2:17
471,3/16/2024 2:17,1.16.3,FR1,3,4.15,,1,LeftDuringDispense,Left,221,135,116,0,,,0.28,3/16/2024 2:17
472,3/16/2024 2:17,1.16.3,FR1,3,4.15,2,1,Pellet,Left,221,135,117,0,0.54,47,,3/16/2024 2:17
473,3/16/2024 2:19,1.16.3,FR1,3,4.15,,1,Left,Left,222,135,117,0,,,0.01,3/16/2024 2:19
474,3/16/2024 2:19,1.16.3,FR1,3,4.15,,1,LeftDuringDispense,Left,223,135,117,0,,,0.03,3/16/2024 2:19
475,3/16/2024 2:19,1.16.3,FR1,3,4.15,1,1,Pellet,Left,223,135,118,0,0.95,112,,3/16/2024 2:19
476,3/16/2024 2:20,1.16.3,FR1,3,4.16,,1,Left,Left,224,135,118,0,,,0.53,3/16/2024 2:20
477,3/16/2024 2:20,1.16.3,FR1,3,4.15,2,1,Pellet,Left,224,135,119,0,0.95,60,,3/16/2024 2:20
478,3/16/2024 2:21,1.16.3,FR1,3,4.15,,1,Left,Left,225,135,119,0,,,0.01,3/16/2024 2:21
479,3/16/2024 2:21,1.16.3,FR1,3,4.14,2,1,Pellet,Left,225,135,120,0,0.13,22,,3/16/2024 2:21
480,3/16/2024 2:26,1.16.3,FR1,3,4.15,,1,Right,Left,225,136,120,0,,,0.1,3/16/2024 2:26
481,3/16/2024 3:30,1.16.3,FR1,3,4.14,,1,Left,Left,226,136,120,0,,,0,3/16/2024 3:30
482,3/16/2024 3:30,1.16.3,FR1,3,4.16,1,1,Pellet,Left,226,136,121,0,0.75,4190,,3/16/2024 3:30
483,3/16/2024 3:31,1.16.3,FR1,3,4.14,,1,Left,Left,227,136,121,0,,,0.02,3/16/2024 3:31
484,3/16/2024 3:31,1.16.3,FR1,3,4.15,1,1,Pellet,Left,227,136,122,0,0.54,33,,3/16/2024 3:31
485,3/16/2024 3:31,1.16.3,FR1,3,4.15,,1,Left,Left,228,136,122,0,,,0.21,3/16/2024 3:31
486,3/16/2024 3:32,1.16.3,FR1,3,4.14,1,1,Pellet,Left,228,136,123,0,0.2,31,,3/16/2024 3:32
487,3/16/2024 3:32,1.16.3,FR1,3,4.15,,1,Left,Left,229,136,123,0,,,0.05,3/16/2024 3:32
488,3/16/2024 3:32,1.16.3,FR1,3,4.14,,1,LeftDuringDispense,Left,230,136,123,0,,,0.22,3/16/2024 3:32
489,3/16/2024 3:32,1.16.3,FR1,3,4.15,,1,LeftWithPellet,Left,231,136,123,0,,,0.05,3/16/2024 3:32
490,3/16/2024 3:32,1.16.3,FR1,3,4.14,,1,LeftWithPellet,Left,232,136,123,0,,,0.06,3/16/2024 3:32
491,3/16/2024 3:32,1.16.3,FR1,3,4.14,,1,LeftWithPellet,Left,233,136,123,0,,,0.18,3/16/2024 3:32
492,3/16/2024 3:32,1.16.3,FR1,3,4.14,2,1,Pellet,Left,233,136,124,0,4.25,28,,3/16/2024 3:32
493,3/16/2024 3:33,1.16.3,FR1,3,4.15,,1,Left,Left,234,136,124,0,,,0.06,3/16/2024 3:33
494,3/16/2024 3:33,1.16.3,FR1,3,4.15,,1,LeftDuringDispense,Left,235,136,124,0,,,0.03,3/16/2024 3:33
495,3/16/2024 3:33,1.16.3,FR1,3,4.15,,1,LeftWithPellet,Left,236,136,124,0,,,0.22,3/16/2024 3:33
496,3/16/2024 3:33,1.16.3,FR1,3,4.14,,1,LeftWithPellet,Left,237,136,124,0,,,0.3,3/16/2024 3:33
497,3/16/2024 3:33,1.16.3,FR1,3,4.15,2,1,Pellet,Left,237,136,125,0,3.25,39,,3/16/2024 3:33
498,3/16/2024 3:33,1.16.3,FR1,3,4.15,,1,Left,Left,238,136,125,0,,,0.03,3/16/2024 3:33
499,3/16/2024 3:33,1.16.3,FR1,3,4.15,1,1,Pellet,Left,238,136,126,0,0.13,22,,3/16/2024 3:33
500,3/16/2024 3:33,1.16.3,FR1,3,4.15,,1,Left,Left,239,136,126,0,,,0.04,3/16/2024 3:33
501,3/16/2024 3:34,1.16.3,FR1,3,4.15,2,1,Pellet,Left,239,136,127,0,5.33,35,,3/16/2024 3:34
502,3/16/2024 3:34,1.16.3,FR1,3,4.14,,1,Left,Left,240,136,127,0,,,0.5,3/16/2024 3:34
503,3/16/2024 3:34,1.16.3,FR1,3,4.15,,1,LeftWithPellet,Left,241,136,127,0,,,0.11,3/16/2024 3:34
504,3/16/2024 3:34,1.16.3,FR1,3,4.15,1,1,Pellet,Left,241,136,128,0,3.12,30,,3/16/2024 3:34
505,3/16/2024 3:34,1.16.3,FR1,3,4.15,,1,Left,Left,242,136,128,0,,,0.09,3/16/2024 3:34
506,3/16/2024 3:34,1.16.3,FR1,3,4.14,1,1,Pellet,Left,242,136,129,0,1.09,24,,3/16/2024 3:34
507,3/16/2024 3:35,1.16.3,FR1,3,4.15,,1,Left,Left,243,136,129,0,,,0.04,3/16/2024 3:35
508,3/16/2024 3:35,1.16.3,FR1,3,4.14,,1,LeftWithPellet,Left,244,136,129,0,,,0.07,3/16/2024 3:35
509,3/16/2024 4:18,1.16.3,FR1,3,4.14,1,1,Pellet,Left,244,136,130,0,Timed_out,2601,,3/16/2024 4:18
510,3/16/2024 4:18,1.16.3,FR1,3,4.14,,1,Left,Left,245,136,130,0,,,0.14,3/16/2024 4:18
511,3/16/2024 4:18,1.16.3,FR1,3,4.14,,1,LeftWithPellet,Left,246,136,130,0,,,0.13,3/16/2024 4:18
512,3/16/2024 4:18,1.16.3,FR1,3,4.14,1,1,Pellet,Left,246,136,131,0,7.65,37,,3/16/2024 4:18
513,3/16/2024 4:59,1.16.3,FR1,3,4.14,,1,Left,Left,247,136,131,0,,,0.17,3/16/2024 4:59
514,3/16/2024 4:59,1.16.3,FR1,3,4.14,1,1,Pellet,Left,247,136,132,0,1.15,2428,,3/16/2024 4:59
515,3/16/2024 4:59,1.16.3,FR1,3,4.15,,1,Right,Left,247,137,132,0,,,0.32,3/16/2024 4:59
516,3/16/2024 5:00,1.16.3,FR1,3,4.14,,1,Left,Left,248,137,132,0,,,0.02,3/16/2024 5:00
517,3/16/2024 5:00,1.16.3,FR1,3,4.14,1,1,Pellet,Left,248,137,133,0,0.88,41,,3/16/2024 5:00
518,3/16/2024 5:00,1.16.3,FR1,3,4.14,,1,Left,Left,249,137,133,0,,,0.01,3/16/2024 5:00
519,3/16/2024 5:00,1.16.3,FR1,3,4.14,,1,LeftDuringDispense,Left,250,137,133,0,,,0.06,3/16/2024 5:00
520,3/16/2024 5:00,1.16.3,FR1,3,4.14,1,1,Pellet,Left,250,137,134,0,0.54,31,,3/16/2024 5:00
521,3/16/2024 5:01,1.16.3,FR1,3,4.14,,1,Left,Left,251,137,134,0,,,0.18,3/16/2024 5:01
522,3/16/2024 5:01,1.16.3,FR1,3,4.14,2,1,Pellet,Left,251,137,135,0,0.47,26,,3/16/2024 5:01
523,3/16/2024 5:01,1.16.3,FR1,3,4.15,,1,Left,Left,252,137,135,0,,,0.57,3/16/2024 5:01
524,3/16/2024 5:01,1.16.3,FR1,3,4.14,,1,LeftDuringDispense,Left,253,137,135,0,,,0.04,3/16/2024 5:01
525,3/16/2024 5:01,1.16.3,FR1,3,4.14,,1,LeftDuringDispense,Left,254,137,135,0,,,0.83,3/16/2024 5:01
526,3/16/2024 5:01,1.16.3,FR1,3,4.14,3,1,Pellet,Left,254,137,136,0,1.02,37,,3/16/2024 5:01
527,3/16/2024 5:02,1.16.3,FR1,3,4.14,,1,Left,Left,255,137,136,0,,,0.12,3/16/2024 5:02
528,3/16/2024 5:02,1.16.3,FR1,3,4.14,,1,LeftWithPellet,Left,256,137,136,0,,,0.24,3/16/2024 5:02
529,3/16/2024 5:02,1.16.3,FR1,3,4.15,1,1,Pellet,Left,256,137,137,0,1.4,25,,3/16/2024 5:02
530,3/16/2024 5:02,1.16.3,FR1,3,4.14,,1,Left,Left,257,137,137,0,,,0.39,3/16/2024 5:02
531,3/16/2024 5:02,1.16.3,FR1,3,4.14,1,1,Pellet,Left,257,137,138,0,0.47,41,,3/16/2024 5:02
532,3/16/2024 5:38,1.16.3,FR1,3,4.14,,1,Left,Left,258,137,138,0,,,0.01,3/16/2024 5:38
533,3/16/2024 5:38,1.16.3,FR1,3,4.14,,1,LeftDuringDispense,Left,259,137,138,0,,,0.04,3/16/2024 5:38
534,3/16/2024 5:38,1.16.3,FR1,3,4.14,2,1,Pellet,Left,259,137,139,0,2.11,2159,,3/16/2024 5:38
535,3/16/2024 5:39,1.16.3,FR1,3,4.14,,1,Left,Left,260,137,139,0,,,0.51,3/16/2024 5:39
536,3/16/2024 5:39,1.16.3,FR1,3,4.14,,1,LeftDuringDispense,Left,261,137,139,0,,,0.05,3/16/2024 5:39
537,3/16/2024 5:39,1.16.3,FR1,3,4.14,1,1,Pellet,Left,261,137,140,0,0.68,29,,3/16/2024 5:39
538,3/16/2024 5:39,1.16.3,FR1,3,4.14,,1,Left,Left,262,137,140,0,,,0.53,3/16/2024 5:39
539,3/16/2024 5:39,1.16.3,FR1,3,4.14,2,1,Pellet,Left,262,137,141,0,0.4,33,,3/16/2024 5:39
540,3/16/2024 5:50,1.16.3,FR1,3,4.14,,1,Left,Left,263,137,141,0,,,0.17,3/16/2024 5:50
541,3/16/2024 5:50,1.16.3,FR1,3,4.14,2,1,Pellet,Left,263,137,142,0,19.57,662,,3/16/2024 5:50
542,3/16/2024 5:51,1.16.3,FR1,3,4.14,,1,Right,Left,263,138,142,0,,,0.07,3/16/2024 5:51
543,3/16/2024 5:54,1.16.3,FR1,3,4.14,,1,Left,Left,264,138,142,0,,,0.02,3/16/2024 5:54
544,3/16/2024 5:54,1.16.3,FR1,3,4.14,2,1,Pellet,Left,264,138,143,0,13.47,232,,3/16/2024 5:54
545,3/16/2024 5:56,1.16.3,FR1,3,4.14,,1,Left,Left,265,138,143,0,,,0.25,3/16/2024 5:56
546,3/16/2024 5:56,1.16.3,FR1,3,4.14,1,1,Pellet,Left,265,138,144,0,1.02,134,,3/16/2024 5:56
547,3/16/2024 5:57,1.16.3,FR1,3,4.14,,1,Right,Left,265,139,144,0,,,0.06,3/16/2024 5:57
548,3/16/2024 5:57,1.16.3,FR1,3,4.14,,1,Left,Left,266,139,144,0,,,0.17,3/16/2024 5:57
549,3/16/2024 5:57,1.16.3,FR1,3,4.14,2,1,Pellet,Left,266,139,145,0,0.13,41,,3/16/2024 5:57
550,3/16/2024 5:58,1.16.3,FR1,3,4.14,,1,Left,Left,267,139,145,0,,,0.29,3/16/2024 5:58
551,3/16/2024 5:58,1.16.3,FR1,3,4.14,3,1,Pellet,Left,267,139,146,0,11.97,69,,3/16/2024 5:58
552,3/16/2024 6:00,1.16.3,FR1,3,4.14,,1,Left,Left,268,139,146,0,,,0.1,3/16/2024 6:00
553,3/16/2024 6:00,1.16.3,FR1,3,4.14,2,1,Pellet,Left,268,139,147,0,0.61,87,,3/16/2024 6:00
554,3/16/2024 6:00,1.16.3,FR1,3,4.14,,1,Left,Left,269,139,147,0,,,0.71,3/16/2024 6:00
555,3/16/2024 6:00,1.16.3,FR1,3,4.14,3,1,Pellet,Left,269,139,148,0,8.27,37,,3/16/2024 6:00
556,3/16/2024 6:01,1.16.3,FR1,3,4.14,,1,Right,Left,269,140,148,0,,,0.1,3/16/2024 6:01
557,3/16/2024 6:01,1.16.3,FR1,3,4.14,,1,Right,Left,269,141,148,0,,,0.08,3/16/2024 6:01
558,3/16/2024 6:01,1.16.3,FR1,3,4.14,,1,Left,Left,270,141,148,0,,,0.03,3/16/2024 6:01
559,3/16/2024 6:01,1.16.3,FR1,3,4.14,,1,LeftWithPellet,Left,271,141,148,0,,,0.26,3/16/2024 6:01
560,3/16/2024 6:02,1.16.3,FR1,3,4.14,3,1,Pellet,Left,271,141,149,0,Timed_out,112,,3/16/2024 6:02
561,3/16/2024 6:09,1.16.3,FR1,3,4.14,,1,Left,Left,272,141,149,0,,,0.37,3/16/2024 6:09
562,3/16/2024 6:10,1.16.3,FR1,3,4.14,1,1,Pellet,Left,272,141,150,0,Timed_out,475,,3/16/2024 6:10
563,3/16/2024 6:11,1.16.3,FR1,3,4.14,,1,Left,Left,273,141,150,0,,,0.04,3/16/2024 6:11
564,3/16/2024 6:13,1.16.3,FR1,3,4.14,1,1,Pellet,Left,273,141,151,0,Timed_out,184,,3/16/2024 6:13
565,3/16/2024 6:19,1.16.3,FR1,3,4.14,,1,Right,Left,273,142,151,0,,,0.59,3/16/2024 6:19
566,3/16/2024 6:19,1.16.3,FR1,3,4.14,,1,Left,Left,274,142,151,0,,,0.26,3/16/2024 6:19
567,3/16/2024 6:19,1.16.3,FR1,3,4.14,,1,LeftWithPellet,Left,275,142,151,0,,,0.1,3/16/2024 6:19
568,3/16/2024 6:20,1.16.3,FR1,3,4.14,1,1,Pellet,Left,275,142,152,0,48.3,424,,3/16/2024 6:20
569,3/16/2024 6:21,1.16.3,FR1,3,4.14,,1,Left,Left,276,142,152,0,,,0.05,3/16/2024 6:21
570,3/16/2024 6:21,1.16.3,FR1,3,4.14,1,1,Pellet,Left,276,142,153,0,2.93,30,,3/16/2024 6:21
571,3/16/2024 6:22,1.16.3,FR1,3,4.14,,1,Left,Left,277,142,153,0,,,0.44,3/16/2024 6:22
572,3/16/2024 6:23,1.16.3,FR1,3,4.14,1,1,Pellet,Left,277,142,154,0,17.73,112,,3/16/2024 6:23
573,3/16/2024 6:41,1.16.3,FR1,3,4.14,,1,Right,Left,277,143,154,0,,,0.33,3/16/2024 6:41
574,3/16/2024 6:41,1.16.3,FR1,3,4.14,,1,Left,Left,278,143,154,0,,,0.11,3/16/2024 6:41
575,3/16/2024 6:41,1.16.3,FR1,3,4.14,1,1,Pellet,Left,278,143,155,0,2.04,1129,,3/16/2024 6:41
576,3/16/2024 6:42,1.16.3,FR1,3,4.14,,1,Right,Left,278,144,155,0,,,0.55,3/16/2024 6:42
577,3/16/2024 7:38,1.16.3,FR1,3,4.14,,1,Left,Left,279,144,155,0,,,0,3/16/2024 7:38
578,3/16/2024 7:38,1.16.3,FR1,3,4.14,1,1,Pellet,Left,279,144,156,0,1.15,3411,,3/16/2024 7:38
579,3/16/2024 7:39,1.16.3,FR1,3,4.14,,1,Left,Left,280,144,156,0,,,0.41,3/16/2024 7:39
580,3/16/2024 7:39,1.16.3,FR1,3,4.14,1,1,Pellet,Left,280,144,157,0,1.15,52,,3/16/2024 7:39
581,3/16/2024 7:40,1.16.3,FR1,3,4.14,,1,Right,Left,280,145,157,0,,,0.07,3/16/2024 7:40
582,3/16/2024 7:40,1.16.3,FR1,3,4.14,,1,Right,Left,280,146,157,0,,,0.77,3/16/2024 7:40
583,3/16/2024 7:40,1.16.3,FR1,3,4.14,,1,Left,Left,281,146,157,0,,,0.17,3/16/2024 7:40
584,3/16/2024 7:40,1.16.3,FR1,3,4.14,1,1,Pellet,Left,281,146,158,0,1.56,55,,3/16/2024 7:40
585,3/16/2024 7:41,1.16.3,FR1,3,4.14,,1,Left,Left,282,146,158,0,,,0.08,3/16/2024 7:41
586,3/16/2024 7:41,1.16.3,FR1,3,4.14,2,1,Pellet,Left,282,146,159,0,13.68,46,,3/16/2024 7:41
587,3/16/2024 7:41,1.16.3,FR1,3,4.14,,1,Left,Left,283,146,159,0,,,0.28,3/16/2024 7:41
588,3/16/2024 7:42,1.16.3,FR1,3,4.14,2,1,Pellet,Left,283,146,160,0,1.15,42,,3/16/2024 7:42
589,3/16/2024 7:42,1.16.3,FR1,3,4.14,,1,Left,Left,284,146,160,0,,,0.06,3/16/2024 7:42
590,3/16/2024 7:42,1.16.3,FR1,3,4.14,1,1,Pellet,Left,284,146,161,0,2.18,27,,3/16/2024 7:42
591,3/16/2024 7:48,1.16.3,FR1,3,4.14,,1,Left,Left,285,146,161,0,,,0.31,3/16/2024 7:48
592,3/16/2024 7:48,1.16.3,FR1,3,4.14,2,1,Pellet,Left,285,146,162,0,0.81,343,,3/16/2024 7:48
593,3/16/2024 7:48,1.16.3,FR1,3,4.14,,1,Left,Left,286,146,162,0,,,0.27,3/16/2024 7:48
594,3/16/2024 7:48,1.16.3,FR1,3,4.14,1,1,Pellet,Left,286,146,163,0,1.15,27,,3/16/2024 7:48
595,3/16/2024 7:59,1.16.3,FR1,3,4.14,,1,Right,Left,286,147,163,0,,,0.14,3/16/2024 7:59
596,3/16/2024 8:00,1.16.3,FR1,3,4.14,,1,Right,Left,286,148,163,0,,,0.4,3/16/2024 8:00
597,3/16/2024 8:00,1.16.3,FR1,3,4.14,,1,Right,Left,286,149,163,0,,,0.01,3/16/2024 8:00
598,3/16/2024 8:00,1.16.3,FR1,3,4.14,,1,Left,Left,287,149,163,0,,,0.35,3/16/2024 8:00
599,3/16/2024 8:00,1.16.3,FR1,3,4.14,,1,LeftWithPellet,Left,288,149,163,0,,,0.09,3/16/2024 8:00
600,3/16/2024 8:00,1.16.3,FR1,3,4.13,1,1,Pellet,Left,288,149,164,0,2.2,712,,3/16/2024 8:00
601,3/16/2024 8:01,1.16.3,FR1,3,4.14,,1,Left,Left,289,149,164,0,,,0.28,3/16/2024 8:01
602,3/16/2024 8:01,1.16.3,FR1,3,4.14,1,1,Pellet,Left,289,149,165,0,0.95,45,,3/16/2024 8:01
603,3/16/2024 8:01,1.16.3,FR1,3,4.14,,1,Right,Left,289,150,165,0,,,0.46,3/16/2024 8:01
604,3/16/2024 8:01,1.16.3,FR1,3,4.14,,1,Left,Left,290,150,165,0,,,0.31,3/16/2024 8:01
605,3/16/2024 8:01,1.16.3,FR1,3,4.14,2,1,Pellet,Left,290,150,166,0,0.61,33,,3/16/2024 8:01
606,3/16/2024 8:02,1.16.3,FR1,3,4.14,,1,Right,Left,290,151,166,0,,,0.04,3/16/2024 8:02
607,3/16/2024 8:03,1.16.3,FR1,3,4.13,,1,Left,Left,291,151,166,0,,,0.07,3/16/2024 8:03
608,3/16/2024 8:03,1.16.3,FR1,3,4.14,1,1,Pellet,Left,291,151,167,0,1.63,83,,3/16/2024 8:03
609,3/16/2024 8:14,1.16.3,FR1,3,4.14,,1,Right,Left,291,152,167,0,,,0.5,3/16/2024 8:14
610,3/16/2024 8:15,1.16.3,FR1,3,4.14,,1,Right,Left,291,153,167,0,,,0,3/16/2024 8:15
611,3/16/2024 8:15,1.16.3,FR1,3,4.13,,1,Left,Left,292,153,167,0,,,0.11,3/16/2024 8:15
612,3/16/2024 8:15,1.16.3,FR1,3,4.14,2,1,Pellet,Left,292,153,168,0,0.06,714,,3/16/2024 8:15
613,3/16/2024 8:16,1.16.3,FR1,3,4.14,,1,Left,Left,293,153,168,0,,,0.29,3/16/2024 8:16
614,3/16/2024 8:16,1.16.3,FR1,3,4.13,2,1,Pellet,Left,293,153,169,0,0.34,88,,3/16/2024 8:16
615,3/16/2024 8:17,1.16.3,FR1,3,4.13,,1,Left,Left,294,153,169,0,,,0.04,3/16/2024 8:17
616,3/16/2024 8:17,1.16.3,FR1,3,4.14,,1,LeftDuringDispense,Left,295,153,169,0,,,0.03,3/16/2024 8:17
617,3/16/2024 8:17,1.16.3,FR1,3,4.14,2,1,Pellet,Left,295,153,170,0,1.22,49,,3/16/2024 8:17
618,3/16/2024 8:17,1.16.3,FR1,3,4.14,,1,Left,Left,296,153,170,0,,,0.35,3/16/2024 8:17
619,3/16/2024 8:17,1.16.3,FR1,3,4.14,,1,LeftDuringDispense,Left,297,153,170,0,,,0.2,3/16/2024 8:17
620,3/16/2024 8:17,1.16.3,FR1,3,4.14,1,1,Pellet,Left,297,153,171,0,0.47,25,,3/16/2024 8:17
621,3/16/2024 8:18,1.16.3,FR1,3,4.14,,1,Left,Left,298,153,171,0,,,0.13,3/16/2024 8:18
622,3/16/2024 8:18,1.16.3,FR1,3,4.14,1,1,Pellet,Left,298,153,172,0,1.5,17,,3/16/2024 8:18
623,3/16/2024 8:18,1.16.3,FR1,3,4.14,,1,Left,Left,299,153,172,0,,,0.03,3/16/2024 8:18
624,3/16/2024 8:18,1.16.3,FR1,3,4.14,2,1,Pellet,Left,299,153,173,0,0.06,22,,3/16/2024 8:18
625,3/16/2024 8:18,1.16.3,FR1,3,4.13,,1,Left,Left,300,153,173,0,,,0.09,3/16/2024 8:18
626,3/16/2024 8:18,1.16.3,FR1,3,4.14,1,1,Pellet,Left,300,153,174,0,0.34,23,,3/16/2024 8:18
627,3/16/2024 8:19,1.16.3,FR1,3,4.13,,1,Left,Left,301,153,174,0,,,0.11,3/16/2024 8:19
628,3/16/2024 8:19,1.16.3,FR1,3,4.14,1,1,Pellet,Left,301,153,175,0,0.95,19,,3/16/2024 8:19
629,3/16/2024 8:19,1.16.3,FR1,3,4.14,,1,Left,Left,302,153,175,0,,,0.22,3/16/2024 8:19
630,3/16/2024 8:19,1.16.3,FR1,3,4.14,2,1,Pellet,Left,302,153,176,0,0.95,20,,3/16/2024 8:19
631,3/16/2024 8:19,1.16.3,FR1,3,4.14,,1,Left,Left,303,153,176,0,,,0.08,3/16/2024 8:19
632,3/16/2024 8:19,1.16.3,FR1,3,4.14,1,1,Pellet,Left,303,153,177,0,1.43,19,,3/16/2024 8:19
633,3/16/2024 9:33,1.16.3,FR1,3,4.13,,1,Left,Left,304,153,177,0,,,0.02,3/16/2024 9:33
634,3/16/2024 9:33,1.16.3,FR1,3,4.13,1,1,Pellet,Left,304,153,178,0,1.7,4449,,3/16/2024 9:33
635,3/16/2024 9:34,1.16.3,FR1,3,4.13,,1,Left,Left,305,153,178,0,,,0.02,3/16/2024 9:34
636,3/16/2024 9:34,1.16.3,FR1,3,4.14,2,1,Pellet,Left,305,153,179,0,1.02,39,,3/16/2024 9:34
637,3/16/2024 9:35,1.16.3,FR1,3,4.13,,1,Left,Left,306,153,179,0,,,0.4,3/16/2024 9:35
638,3/16/2024 9:35,1.16.3,FR1,3,4.13,1,1,Pellet,Left,306,153,180,0,1.56,36,,3/16/2024 9:35
639,3/16/2024 9:35,1.16.3,FR1,3,4.13,,1,Left,Left,307,153,180,0,,,0.03,3/16/2024 9:35
640,3/16/2024 9:35,1.16.3,FR1,3,4.13,1,1,Pellet,Left,307,153,181,0,0.81,40,,3/16/2024 9:35
641,3/16/2024 9:36,1.16.3,FR1,3,4.13,,1,Left,Left,308,153,181,0,,,0.23,3/16/2024 9:36
642,3/16/2024 9:36,1.16.3,FR1,3,4.13,2,1,Pellet,Left,308,153,182,0,1.29,29,,3/16/2024 9:36
643,3/16/2024 10:26,1.16.3,FR1,3,4.13,,1,Left,Left,309,153,182,0,,,0.42,3/16/2024 10:26
644,3/16/2024 10:26,1.16.3,FR1,3,4.14,1,1,Pellet,Left,309,153,183,0,0.61,2991,,3/16/2024 10:26
645,3/16/2024 10:26,1.16.3,FR1,3,4.13,,1,Left,Left,310,153,183,0,,,0.04,3/16/2024 10:26
646,3/16/2024 10:26,1.16.3,FR1,3,4.13,2,1,Pellet,Left,310,153,184,0,3.27,30,,3/16/2024 10:26
647,3/16/2024 10:27,1.16.3,FR1,3,4.13,,1,Left,Left,311,153,184,0,,,0.2,3/16/2024 10:27
648,3/16/2024 10:27,1.16.3,FR1,3,4.13,1,1,Pellet,Left,311,153,185,0,0.74,33,,3/16/2024 10:27
649,3/16/2024 10:27,1.16.3,FR1,3,4.13,,1,Left,Left,312,153,185,0,,,0.18,3/16/2024 10:27
650,3/16/2024 10:27,1.16.3,FR1,3,4.13,2,1,Pellet,Left,312,153,186,0,0.47,28,,3/16/2024 10:27
651,3/16/2024 10:29,1.16.3,FR1,3,4.13,,1,Right,Left,312,154,186,0,,,1.98,3/16/2024 10:29
652,3/16/2024 10:29,1.16.3,FR1,3,4.13,,1,Right,Left,312,155,186,0,,,0.03,3/16/2024 10:29
653,3/16/2024 10:29,1.16.3,FR1,3,4.13,,1,Left,Left,313,155,186,0,,,0.36,3/16/2024 10:29
654,3/16/2024 10:29,1.16.3,FR1,3,4.14,2,1,Pellet,Left,313,155,187,0,0.4,130,,3/16/2024 10:29
655,3/16/2024 10:30,1.16.3,FR1,3,4.14,,1,Left,Left,314,155,187,0,,,0.1,3/16/2024 10:30
656,3/16/2024 10:30,1.16.3,FR1,3,4.13,2,1,Pellet,Left,314,155,188,0,3.13,26,,3/16/2024 10:30
657,3/16/2024 10:41,1.16.3,FR1,3,4.13,,1,Right,Left,314,156,188,0,,,0.68,3/16/2024 10:41
658,3/16/2024 10:42,1.16.3,FR1,3,4.13,,1,Right,Left,314,157,188,0,,,0.34,3/16/2024 10:42
659,3/16/2024 10:42,1.16.3,FR1,3,4.13,,1,Right,Left,314,158,188,0,,,1.54,3/16/2024 10:42
660,3/16/2024 10:45,1.16.3,FR1,3,4.13,,1,Right,Left,314,159,188,0,,,0.13,3/16/2024 10:45
661,3/16/2024 10:45,1.16.3,FR1,3,4.13,,1,Right,Left,314,160,188,0,,,0.04,3/16/2024 10:45
662,3/16/2024 10:45,1.16.3,FR1,3,4.13,,1,Left,Left,315,160,188,0,,,0.08,3/16/2024 10:45
663,3/16/2024 10:46,1.16.3,FR1,3,4.13,,1,LeftWithPellet,Left,316,160,188,0,,,0,3/16/2024 10:46
664,3/16/2024 10:47,1.16.3,FR1,3,4.13,,1,RightWithPellet,Left,316,161,188,0,,,0.17,3/16/2024 10:47
665,3/16/2024 10:47,1.16.3,FR1,3,4.13,,1,LeftWithPellet,Left,317,161,188,0,,,0.11,3/16/2024 10:47
666,3/16/2024 10:55,1.16.3,FR1,3,4.13,2,1,Pellet,Left,317,161,189,0,Timed_out,1486,,3/16/2024 10:55
667,3/16/2024 11:00,1.16.3,FR1,3,4.13,,1,Right,Left,317,162,189,0,,,0.28,3/16/2024 11:00
668,3/16/2024 11:05,1.16.3,FR1,3,4.13,,1,Left,Left,318,162,189,0,,,0.27,3/16/2024 11:05
669,3/16/2024 11:05,1.16.3,FR1,3,4.13,,1,LeftWithPellet,Left,319,162,189,0,,,0.05,3/16/2024 11:05
670,3/16/2024 11:06,1.16.3,FR1,3,4.13,2,1,Pellet,Left,319,162,190,0,48.72,682,,3/16/2024 11:06
671,3/16/2024 11:12,1.16.3,FR1,3,4.13,,1,Right,Left,319,163,190,0,,,0.11,3/16/2024 11:12
672,3/16/2024 11:17,1.16.3,FR1,3,4.13,,1,Left,Left,320,163,190,0,,,0.36,3/16/2024 11:17
673,3/16/2024 11:17,1.16.3,FR1,3,4.13,2,1,Pellet,Left,320,163,191,0,5.87,678,,3/16/2024 11:17
674,3/16/2024 11:24,1.16.3,FR1,3,4.12,,1,Left,Left,321,163,191,0,,,0.19,3/16/2024 11:24
675,3/16/2024 11:24,1.16.3,FR1,3,4.13,2,1,Pellet,Left,321,163,192,0,3.48,404,,3/16/2024 11:24
676,3/16/2024 11:25,1.16.3,FR1,3,4.13,,1,Left,Left,322,163,192,0,,,0.32,3/16/2024 11:25
677,3/16/2024 11:25,1.16.3,FR1,3,4.13,,1,LeftWithPellet,Left,323,163,192,0,,,0.4,3/16/2024 11:25
678,3/16/2024 11:25,1.16.3,FR1,3,4.13,,1,LeftWithPellet,Left,324,163,192,0,,,0.45,3/16/2024 11:25
679,3/16/2024 11:27,1.16.3,FR1,3,4.13,2,1,Pellet,Left,324,163,193,0,Timed_out,156,,3/16/2024 11:27
680,3/16/2024 11:27,1.16.3,FR1,3,4.12,,1,Right,Left,324,164,193,0,,,0.6,3/16/2024 11:27
681,3/16/2024 11:28,1.16.3,FR1,3,4.13,,1,Left,Left,325,164,193,0,,,0.27,3/16/2024 11:28
682,3/16/2024 11:28,1.16.3,FR1,3,4.13,,1,RightWithPellet,Left,325,165,193,0,,,0.12,3/16/2024 11:28
683,3/16/2024 11:31,1.16.3,FR1,3,4.13,2,1,Pellet,Left,325,165,194,0,Timed_out,279,,3/16/2024 11:31
684,3/16/2024 11:32,1.16.3,FR1,3,4.13,,1,Right,Left,325,166,194,0,,,0.22,3/16/2024 11:32
685,3/16/2024 13:16,1.16.3,FR1,3,4.12,,1,Left,Left,326,166,194,0,,,0.07,3/16/2024 13:16
686,3/16/2024 13:16,1.16.3,FR1,3,4.12,2,1,Pellet,Left,326,166,195,0,2.18,6291,,3/16/2024 13:16
687,3/16/2024 13:38,1.16.3,FR1,3,4.12,,1,Left,Left,327,166,195,0,,,0.57,3/16/2024 13:38
688,3/16/2024 13:38,1.16.3,FR1,3,4.12,2,1,Pellet,Left,327,166,196,0,0.06,1294,,3/16/2024 13:38
689,3/16/2024 13:39,1.16.3,FR1,3,4.12,,1,Left,Left,328,166,196,0,,,0.2,3/16/2024 13:39
690,3/16/2024 13:39,1.16.3,FR1,3,4.12,2,1,Pellet,Left,328,166,197,0,1.02,60,,3/16/2024 13:39
691,3/16/2024 13:45,1.16.3,FR1,3,4.12,,1,Left,Left,329,166,197,0,,,0.37,3/16/2024 13:45
692,3/16/2024 13:45,1.16.3,FR1,3,4.12,1,1,Pellet,Left,329,166,198,0,4.09,403,,3/16/2024 13:45
693,3/16/2024 13:55,1.16.3,FR1,3,4.12,,1,Left,Left,330,166,198,0,,,0.02,3/16/2024 13:55
694,3/16/2024 13:55,1.16.3,FR1,3,4.12,1,1,Pellet,Left,330,166,199,0,1.15,560,,3/16/2024 13:55
695,3/16/2024 13:55,1.16.3,FR1,3,4.12,,1,Left,Left,331,166,199,0,,,0.19,3/16/2024 13:55
696,3/16/2024 13:55,1.16.3,FR1,3,4.12,2,1,Pellet,Left,331,166,200,0,10.18,36,,3/16/2024 13:55
697,3/16/2024 13:56,1.16.3,FR1,3,4.12,,1,Left,Left,332,166,200,0,,,0.18,3/16/2024 13:56
698,3/16/2024 13:56,1.16.3,FR1,3,4.12,2,1,Pellet,Left,332,166,201,0,0.88,28,,3/16/2024 13:56
699,3/16/2024 13:56,1.16.3,FR1,3,4.12,,1,Left,Left,333,166,201,0,,,0.11,3/16/2024 13:56
700,3/16/2024 13:56,1.16.3,FR1,3,4.12,2,1,Pellet,Left,333,166,202,0,0.54,15,,3/16/2024 13:56
701,3/16/2024 13:59,1.16.3,FR1,3,4.12,,1,Left,Left,334,166,202,0,,,0.19,3/16/2024 13:59
702,3/16/2024 14:02,1.16.3,FR1,3,4.12,1,1,Pellet,Left,334,166,203,0,Timed_out,359,,3/16/2024 14:02
703,3/16/2024 15:08,1.16.3,FR1,3,4.12,,1,Left,Left,335,166,203,0,,,0.15,3/16/2024 15:08
704,3/16/2024 15:08,1.16.3,FR1,3,4.12,2,1,Pellet,Left,335,166,204,0,1.02,3969,,3/16/2024 15:08
705,3/16/2024 15:09,1.16.3,FR1,3,4.12,,1,Left,Left,336,166,204,0,,,0.06,3/16/2024 15:09
706,3/16/2024 15:09,1.16.3,FR1,3,4.12,1,1,Pellet,Left,336,166,205,0,0.61,26,,3/16/2024 15:09
707,3/16/2024 15:09,1.16.3,FR1,3,4.12,,1,Left,Left,337,166,205,0,,,0.27,3/16/2024 15:09
708,3/16/2024 15:09,1.16.3,FR1,3,4.12,1,1,Pellet,Left,337,166,206,0,0.54,21,,3/16/2024 15:09
709,3/16/2024 15:09,1.16.3,FR1,3,4.12,,1,Left,Left,338,166,206,0,,,0.54,3/16/2024 15:09
710,3/16/2024 15:09,1.16.3,FR1,3,4.12,2,1,Pellet,Left,338,166,207,0,0.27,24,,3/16/2024 15:09
711,3/16/2024 15:10,1.16.3,FR1,3,4.12,,1,Left,Left,339,166,207,0,,,0.61,3/16/2024 15:10
712,3/16/2024 15:10,1.16.3,FR1,3,4.12,1,1,Pellet,Left,339,166,208,0,0.27,23,,3/16/2024 15:10
713,3/16/2024 15:10,1.16.3,FR1,3,4.12,,1,Left,Left,340,166,208,0,,,0.59,3/16/2024 15:10
714,3/16/2024 15:10,1.16.3,FR1,3,4.12,1,1,Pellet,Left,340,166,209,0,0.61,25,,3/16/2024 15:10
715,3/16/2024 15:47,1.16.3,FR1,3,4.12,,1,Left,Left,341,166,209,0,,,0.22,3/16/2024 15:47
716,3/16/2024 15:47,1.16.3,FR1,3,4.12,1,1,Pellet,Left,341,166,210,0,0.88,2198,,3/16/2024 15:47
717,3/16/2024 15:47,1.16.3,FR1,3,4.12,,1,Left,Left,342,166,210,0,,,0.03,3/16/2024 15:47
718,3/16/2024 15:47,1.16.3,FR1,3,4.12,2,1,Pellet,Left,342,166,211,0,1.08,43,,3/16/2024 15:47
719,3/16/2024 15:48,1.16.3,FR1,3,4.12,,1,Left,Left,343,166,211,0,,,0.19,3/16/2024 15:48
720,3/16/2024 15:48,1.16.3,FR1,3,4.12,2,1,Pellet,Left,343,166,212,0,10.52,46,,3/16/2024 15:48
721,3/16/2024 15:49,1.16.3,FR1,3,4.12,,1,Left,Left,344,166,212,0,,,0.08,3/16/2024 15:49
722,3/16/2024 15:49,1.16.3,FR1,3,4.12,1,1,Pellet,Left,344,166,213,0,0.34,26,,3/16/2024 15:49
723,3/16/2024 15:49,1.16.3,FR1,3,4.12,,1,Right,Left,344,167,213,0,,,1.16,3/16/2024 15:49
724,3/16/2024 15:49,1.16.3,FR1,3,4.12,,1,Right,Left,344,168,213,0,,,0.17,3/16/2024 15:49
725,3/16/2024 15:49,1.16.3,FR1,3,4.12,,1,Left,Left,345,168,213,0,,,0.35,3/16/2024 15:49
726,3/16/2024 15:49,1.16.3,FR1,3,4.11,2,1,Pellet,Left,345,168,214,0,0.27,31,,3/16/2024 15:49
727,3/16/2024 15:49,1.16.3,FR1,3,4.12,,1,Left,Left,346,168,214,0,,,0.19,3/16/2024 15:49
728,3/16/2024 15:49,1.16.3,FR1,3,4.12,1,1,Pellet,Left,346,168,215,0,1.5,19,,3/16/2024 15:49
,,,,,,,,,,,,,,,,,
,,,,,,,,,,,,,,,,,
,,,,,,,,,,,,,,,,,
,,,,,,,,,,,,,,,,,
,,,,,,,,,,,,,,,,,
,,,,,,,,,,,,,,,,,
,,,,,,,,,,,,,,,,,
,,,,,,,,,,,,,,,,,
,,,,,,,,,,,,,,,,,
,,,,,,,,,,,,,,,,,
,,,,,,,,,,,,,,,,,
,,,,,,,,,,,,,,,,,
,,,,,,,,,,,,,,,,,
,,,,,,,,,,,,,,,,,
,,,,,,,,,,,,,,,,,
,,,,,,,,,,,,,,,,,
,,,,,,,,,,,,,,,,,
,,,,,,,,,,,,,,,,,
,,,,,,,,,,,,,,,,,
,,,,,,,,,,,,,,,,,
,,,,,,,,,,,,,,,,,
,,,,,,,,,,,,,,,,,
,,,,,,,,,,,,,,,,,
,,,,,,,,,,,,,,,,,
,,,,,,,,,,,,,,,,,
,,,,,,,,,,,,,,,,,
,,,,,,,,,,,,,,,,,
,,,,,,,,,,,,,,,,,
,,,,,,,,,,,,,,,,,
,,,,,,,,,,,,,,,,,
,,,,,,,,,,,,,,,,,
,,,,,,,,,,,,,,,,,
,,,,,,,,,,,,,,,,,
,,,,,,,,,,,,,,,,,
,,,,,,,,,,,,,,,,,
,,,,,,,,,,,,,,,,,
,,,,,,,,,,,,,,,,,
,,,,,,,,,,,,,,,,,
,,,,,,,,,,,,,,,,,
,,,,,,,,,,,,,,,,,
,,,,,,,,,,,,,,,,,
,,,,,,,,,,,,,,,,,
,,,,,,,,,,,,,,,,,
,,,,,,,,,,,,,,,,,
,,,,,,,,,,,,,,,,,
,,,,,,,,,,,,,,,,,
,,,,,,,,,,,,,,,,,
,,,,,,,,,,,,,,,,,
,,,,,,,,,,,,,,,,,
,,,,,,,,,,,,,,,,,
,,,,,,,,,,,,,,,,,
,,,,,,,,,,,,,,,,,
,,,,,,,,,,,,,,,,,
,,,,,,,,,,,,,,,,,
,,,,,,,,,,,,,,,,,
,,,,,,,,,,,,,,,,,
,,,,,,,,,,,,,,,,,
,,,,,,,,,,,,,,,,,
,,,,,,,,,,,,,,,,,
,,,,,,,,,,,,,,,,,
,,,,,,,,,,,,,,,,,
,,,,,,,,,,,,,,,,,
,,,,,,,,,,,,,,,,,
,,,,,,,,,,,,,,,,,
,,,,,,,,,,,,,,,,,
,,,,,,,,,,,,,,,,,
,,,,,,,,,,,,,,,,,
,,,,,,,,,,,,,,,,,
,,,,,,,,,,,,,,,,,
,,,,,,,,,,,,,,,,,
,,,,,,,,,,,,,,,,,
,,,,,,,,,,,,,,,,,
,,,,,,,,,,,,,,,,,
,,,,,,,,,,,,,,,,,
,,,,,,,,,,,,,,,,,
,,,,,,,,,,,,,,,,,
,,,,,,,,,,,,,,,,,
,,,,,,,,,,,,,,,,,
,,,,,,,,,,,,,,,,,
,,,,,,,,,,,,,,,,,
,,,,,,,,,,,,,,,,,
,,,,,,,,,,,,,,,,,
,,,,,,,,,,,,,,,,,
,,,,,,,,,,,,,,,,,
,,,,,,,,,,,,,,,,,
,,,,,,,,,,,,,,,,,
,,,,,,,,,,,,,,,,,
,,,,,,,,,,,,,,,,,
,,,,,,,,,,,,,,,,,
,,,,,,,,,,,,,,,,,
,,,,,,,,,,,,,,,,,
,,,,,,,,,,,,,,,,,
,,,,,,,,,,,,,,,,,
,,,,,,,,,,,,,,,,,
,,,,,,,,,,,,,,,,,
,,,,,,,,,,,,,,,,,
,,,,,,,,,,,,,,,,,
,,,,,,,,,,,,,,,,,
,,,,,,,,,,,,,,,,,
,,,,,,,,,,,,,,,,,
,,,,,,,,,,,,,,,,,
,,,,,,,,,,,,,,,,,
,,,,,,,,,,,,,,,,,
,,,,,,,,,,,,,,,,,
,,,,,,,,,,,,,,,,,
,,,,,,,,,,,,,,,,,
,,,,,,,,,,,,,,,,,
,,,,,,,,,,,,,,,,,
,,,,,,,,,,,,,,,,,
,,,,,,,,,,,,,,,,,
,,,,,,,,,,,,,,,,,
,,,,,,,,,,,,,,,,,
,,,,,,,,,,,,,,,,,
,,,,,,,,,,,,,,,,,
,,,,,,,,,,,,,,,,,
,,,,,,,,,,,,,,,,,
,,,,,,,,,,,,,,,,,
,,,,,,,,,,,,,,,,,
,,,,,,,,,,,,,,,,,
,,,,,,,,,,,,,,,,,
,,,,,,,,,,,,,,,,,
,,,,,,,,,,,,,,,,,
,,,,,,,,,,,,,,,,,
,,,,,,,,,,,,,,,,,
,,,,,,,,,,,,,,,,,
,,,,,,,,,,,,,,,,,
,,,,,,,,,,,,,,,,,
,,,,,,,,,,,,,,,,,
,,,,,,,,,,,,,,,,,
,,,,,,,,,,,,,,,,,
,,,,,,,,,,,,,,,,,
,,,,,,,,,,,,,,,,,
,,,,,,,,,,,,,,,,,
,,,,,,,,,,,,,,,,,
,,,,,,,,,,,,,,,,,
,,,,,,,,,,,,,,,,,
,,,,,,,,,,,,,,,,,
,,,,,,,,,,,,,,,,,
,,,,,,,,,,,,,,,,,
,,,,,,,,,,,,,,,,,
,,,,,,,,,,,,,,,,,
,,,,,,,,,,,,,,,,,
,,,,,,,,,,,,,,,,,
,,,,,,,,,,,,,,,,,
,,,,,,,,,,,,,,,,,
,,,,,,,,,,,,,,,,,
,,,,,,,,,,,,,,,,,
,,,,,,,,,,,,,,,,,
,,,,,,,,,,,,,,,,,
,,,,,,,,,,,,,,,,,
,,,,,,,,,,,,,,,,,
,,,,,,,,,,,,,,,,,
,,,,,,,,,,,,,,,,,
,,,,,,,,,,,,,,,,,
,,,,,,,,,,,,,,,,,
,,,,,,,,,,,,,,,,,
,,,,,,,,,,,,,,,,,
,,,,,,,,,,,,,,,,,
,,,,,,,,,,,,,,,,,
,,,,,,,,,,,,,,,,,
,,,,,,,,,,,,,,,,,
,,,,,,,,,,,,,,,,,
,,,,,,,,,,,,,,,,,
,,,,,,,,,,,,,,,,,
,,,,,,,,,,,,,,,,,
,,,,,,,,,,,,,,,,,
,,,,,,,,,,,,,,,,,
,,,,,,,,,,,,,,,,,
,,,,,,,,,,,,,,,,,
,,,,,,,,,,,,,,,,,
,,,,,,,,,,,,,,,,,
,,,,,,,,,,,,,,,,,
,,,,,,,,,,,,,,,,,
,,,,,,,,,,,,,,,,,
,,,,,,,,,,,,,,,,,
,,,,,,,,,,,,,,,,,
,,,,,,,,,,,,,,,,,
,,,,,,,,,,,,,,,,,
,,,,,,,,,,,,,,,,,
,,,,,,,,,,,,,,,,,
,,,,,,,,,,,,,,,,,
,,,,,,,,,,,,,,,,,
,,,,,,,,,,,,,,,,,
,,,,,,,,,,,,,,,,,
,,,,,,,,,,,,,,,,,
,,,,,,,,,,,,,,,,,
,,,,,,,,,,,,,,,,,
,,,,,,,,,,,,,,,,,
,,,,,,,,,,,,,,,,,
,,,,,,,,,,,,,,,,,
,,,,,,,,,,,,,,,,,
,,,,,,,,,,,,,,,,,
,,,,,,,,,,,,,,,,,
,,,,,,,,,,,,,,,,,
,,,,,,,,,,,,,,,,,
,,,,,,,,,,,,,,,,,
,,,,,,,,,,,,,,,,,
,,,,,,,,,,,,,,,,,
,,,,,,,,,,,,,,,,,
,,,,,,,,,,,,,,,,,
,,,,,,,,,,,,,,,,,
,,,,,,,,,,,,,,,,,
,,,,,,,,,,,,,,,,,
,,,,,,,,,,,,,,,,,
,,,,,,,,,,,,,,,,,
,,,,,,,,,,,,,,,,,
,,,,,,,,,,,,,,,,,
,,,,,,,,,,,,,,,,,
,,,,,,,,,,,,,,,,,
,,,,,,,,,,,,,,,,,
,,,,,,,,,,,,,,,,,
,,,,,,,,,,,,,,,,,
,,,,,,,,,,,,,,,,,
,,,,,,,,,,,,,,,,,
,,,,,,,,,,,,,,,,,
,,,,,,,,,,,,,,,,,
,,,,,,,,,,,,,,,,,
,,,,,,,,,,,,,,,,,
,,,,,,,,,,,,,,,,,
,,,,,,,,,,,,,,,,,
,,,,,,,,,,,,,,,,,
,,,,,,,,,,,,,,,,,
,,,,,,,,,,,,,,,,,
,,,,,,,,,,,,,,,,,
,,,,,,,,,,,,,,,,,
,,,,,,,,,,,,,,,,,
,,,,,,,,,,,,,,,,,
,,,,,,,,,,,,,,,,,
,,,,,,,,,,,,,,,,,
,,,,,,,,,,,,,,,,,
,,,,,,,,,,,,,,,,,
,,,,,,,,,,,,,,,,,
,,,,,,,,,,,,,,,,,
,,,,,,,,,,,,,,,,,
,,,,,,,,,,,,,,,,,
,,,,,,,,,,,,,,,,,
,,,,,,,,,,,,,,,,,
,,,,,,,,,,,,,,,,,
,,,,,,,,,,,,,,,,,
,,,,,,,,,,,,,,,,,
,,,,,,,,,,,,,,,,,
,,,,,,,,,,,,,,,,,
,,,,,,,,,,,,,,,,,
,,,,,,,,,,,,,,,,,
,,,,,,,,,,,,,,,,,
,,,,,,,,,,,,,,,,,
,,,,,,,,,,,,,,,,,
,,,,,,,,,,,,,,,,,
,,,,,,,,,,,,,,,,,
,,,,,,,,,,,,,,,,,
,,,,,,,,,,,,,,,,,
,,,,,,,,,,,,,,,,,
,,,,,,,,,,,,,,,,,
,,,,,,,,,,,,,,,,,
,,,,,,,,,,,,,,,,,
,,,,,,,,,,,,,,,,,
,,,,,,,,,,,,,,,,,
,,,,,,,,,,,,,,,,,
,,,,,,,,,,,,,,,,,
,,,,,,,,,,,,,,,,,
,,,,,,,,,,,,,,,,,
,,,,,,,,,,,,,,,,,
,,,,,,,,,,,,,,,,,
,,,,,,,,,,,,,,,,,
,,,,,,,,,,,,,,,,,
,,,,,,,,,,,,,,,,,
,,,,,,,,,,,,,,,,,
,,,,,,,,,,,,,,,,,
,,,,,,,,,,,,,,,,,
,,,,,,,,,,,,,,,,,
,,,,,,,,,,,,,,,,,
,,,,,,,,,,,,,,,,,
,,,,,,,,,,,,,,,,,
,,,,,,,,,,,,,,,,,
,,,,,,,,,,,,,,,,,
,,,,,,,,,,,,,,,,,
,,,,,,,,,,,,,,,,,
,,,,,,,,,,,,,,,,,
,,,,,,,,,,,,,,,,,
,,,,,,,,,,,,,,,,,
,,,,,,,,,,,,,,,,,
,,,,,,,,,,,,,,,,,
,,,,,,,,,,,,,,,,,
,,,,,,,,,,,,,,,,,
,,,,,,,,,,,,,,,,,
,,,,,,,,,,,,,,,,,
,,,,,,,,,,,,,,,,,
,,,,,,,,,,,,,,,,,
,,,,,,,,,,,,,,,,,
,,,,,,,,,,,,,,,,,
,,,,,,,,,,,,,,,,,
,,,,,,,,,,,,,,,,,
,,,,,,,,,,,,,,,,,
,,,,,,,,,,,,,,,,,
,,,,,,,,,,,,,,,,,
,,,,,,,,,,,,,,,,,
,,,,,,,,,,,,,,,,,
,,,,,,,,,,,,,,,,,
,,,,,,,,,,,,,,,,,
,,,,,,,,,,,,,,,,,
,,,,,,,,,,,,,,,,,
,,,,,,,,,,,,,,,,,
,,,,,,,,,,,,,,,,,
,,,,,,,,,,,,,,,,,
,,,,,,,,,,,,,,,,,
,,,,,,,,,,,,,,,,,
,,,,,,,,,,,,,,,,,
,,,,,,,,,,,,,,,,,
,,,,,,,,,,,,,,,,,
,,,,,,,,,,,,,,,,,
,,,,,,,,,,,,,,,,,
,,,,,,,,,,,,,,,,,
,,,,,,,,,,,,,,,,,
,,,,,,,,,,,,,,,,,
,,,,,,,,,,,,,,,,,
,,,,,,,,,,,,,,,,,
,,,,,,,,,,,,,,,,,
,,,,,,,,,,,,,,,,,
,,,,,,,,,,,,,,,,,
,,,,,,,,,,,,,,,,,
,,,,,,,,,,,,,,,,,
,,,,,,,,,,,,,,,,,
,,,,,,,,,,,,,,,,,
,,,,,,,,,,,,,,,,,
,,,,,,,,,,,,,,,,,
,,,,,,,,,,,,,,,,,
,,,,,,,,,,,,,,,,,
,,,,,,,,,,,,,,,,,
,,,,,,,,,,,,,,,,,
,,,,,,,,,,,,,,,,,
,,,,,,,,,,,,,,,,,
,,,,,,,,,,,,,,,,,
,,,,,,,,,,,,,,,,,
,,,,,,,,,,,,,,,,,
,,,,,,,,,,,,,,,,,
,,,,,,,,,,,,,,,,,
,,,,,,,,,,,,,,,,,
,,,,,,,,,,,,,,,,,
,,,,,,,,,,,,,,,,,
,,,,,,,,,,,,,,,,,
,,,,,,,,,,,,,,,,,
,,,,,,,,,,,,,,,,,
,,,,,,,,,,,,,,,,,
,,,,,,,,,,,,,,,,,
,,,,,,,,,,,,,,,,,
,,,,,,,,,,,,,,,,,
,,,,,,,,,,,,,,,,,
,,,,,,,,,,,,,,,,,
,,,,,,,,,,,,,,,,,
,,,,,,,,,,,,,,,,,
,,,,,,,,,,,,,,,,,
,,,,,,,,,,,,,,,,,
,,,,,,,,,,,,,,,,,
,,,,,,,,,,,,,,,,,
,,,,,,,,,,,,,,,,,
,,,,,,,,,,,,,,,,,
,,,,,,,,,,,,,,,,,
,,,,,,,,,,,,,,,,,
,,,,,,,,,,,,,,,,,
,,,,,,,,,,,,,,,,,
,,,,,,,,,,,,,,,,,
,,,,,,,,,,,,,,,,,
,,,,,,,,,,,,,,,,,
,,,,,,,,,,,,,,,,,
,,,,,,,,,,,,,,,,,
,,,,,,,,,,,,,,,,,
,,,,,,,,,,,,,,,,,
,,,,,,,,,,,,,,,,,
,,,,,,,,,,,,,,,,,
,,,,,,,,,,,,,,,,,
,,,,,,,,,,,,,,,,,
,,,,,,,,,,,,,,,,,
,,,,,,,,,,,,,,,,,
,,,,,,,,,,,,,,,,,
,,,,,,,,,,,,,,,,,
,,,,,,,,,,,,,,,,,
,,,,,,,,,,,,,,,,,
,,,,,,,,,,,,,,,,,
,,,,,,,,,,,,,,,,,
,,,,,,,,,,,,,,,,,
,,,,,,,,,,,,,,,,,
,,,,,,,,,,,,,,,,,
,,,,,,,,,,,,,,,,,
,,,,,,,,,,,,,,,,,
,,,,,,,,,,,,,,,,,
,,,,,,,,,,,,,,,,,
,,,,,,,,,,,,,,,,,
,,,,,,,,,,,,,,,,,
,,,,,,,,,,,,,,,,,
,,,,,,,,,,,,,,,,,
,,,,,,,,,,,,,,,,,
,,,,,,,,,,,,,,,,,
,,,,,,,,,,,,,,,,,
,,,,,,,,,,,,,,,,,
,,,,,,,,,,,,,,,,,
,,,,,,,,,,,,,,,,,
,,,,,,,,,,,,,,,,,
,,,,,,,,,,,,,,,,,
,,,,,,,,,,,,,,,,,
,,,,,,,,,,,,,,,,,
,,,,,,,,,,,,,,,,,
,,,,,,,,,,,,,,,,,
,,,,,,,,,,,,,,,,,
,,,,,,,,,,,,,,,,,
,,,,,,,,,,,,,,,,,
,,,,,,,,,,,,,,,,,
,,,,,,,,,,,,,,,,,
,,,,,,,,,,,,,,,,,
,,,,,,,,,,,,,,,,,
,,,,,,,,,,,,,,,,,
,,,,,,,,,,,,,,,,,
,,,,,,,,,,,,,,,,,
,,,,,,,,,,,,,,,,,
,,,,,,,,,,,,,,,,,
,,,,,,,,,,,,,,,,,
,,,,,,,,,,,,,,,,,
,,,,,,,,,,,,,,,,,
,,,,,,,,,,,,,,,,,
,,,,,,,,,,,,,,,,,
,,,,,,,,,,,,,,,,,
,,,,,,,,,,,,,,,,,
,,,,,,,,,,,,,,,,,
,,,,,,,,,,,,,,,,,
,,,,,,,,,,,,,,,,,
,,,,,,,,,,,,,,,,,
,,,,,,,,,,,,,,,,,
,,,,,,,,,,,,,,,,,
,,,,,,,,,,,,,,,,,
,,,,,,,,,,,,,,,,,
,,,,,,,,,,,,,,,,,
,,,,,,,,,,,,,,,,,
,,,,,,,,,,,,,,,,,
,,,,,,,,,,,,,,,,,
,,,,,,,,,,,,,,,,,
,,,,,,,,,,,,,,,,,
,,,,,,,,,,,,,,,,,
,,,,,,,,,,,,,,,,,
,,,,,,,,,,,,,,,,,
,,,,,,,,,,,,,,,,,
,,,,,,,,,,,,,,,,,
,,,,,,,,,,,,,,,,,
,,,,,,,,,,,,,,,,,
,,,,,,,,,,,,,,,,,
,,,,,,,,,,,,,,,,,
,,,,,,,,,,,,,,,,,
,,,,,,,,,,,,,,,,,
,,,,,,,,,,,,,,,,,
,,,,,,,,,,,,,,,,,
,,,,,,,,,,,,,,,,,
,,,,,,,,,,,,,,,,,
,,,,,,,,,,,,,,,,,
,,,,,,,,,,,,,,,,,
,,,,,,,,,,,,,,,,,
,,,,,,,,,,,,,,,,,
,,,,,,,,,,,,,,,,,
,,,,,,,,,,,,,,,,,
,,,,,,,,,,,,,,,,,
,,,,,,,,,,,,,,,,,
,,,,,,,,,,,,,,,,,
,,,,,,,,,,,,,,,,,
,,,,,,,,,,,,,,,,,
,,,,,,,,,,,,,,,,,
,,,,,,,,,,,,,,,,,
,,,,,,,,,,,,,,,,,
,,,,,,,,,,,,,,,,,
,,,,,,,,,,,,,,,,,
,,,,,,,,,,,,,,,,,
,,,,,,,,,,,,,,,,,
,,,,,,,,,,,,,,,,,
,,,,,,,,,,,,,,,,,
,,,,,,,,,,,,,,,,,
,,,,,,,,,,,,,,,,,
,,,,,,,,,,,,,,,,,
,,,,,,,,,,,,,,,,,
,,,,,,,,,,,,,,,,,
,,,,,,,,,,,,,,,,,
,,,,,,,,,,,,,,,,,
,,,,,,,,,,,,,,,,,
,,,,,,,,,,,,,,,,,
,,,,,,,,,,,,,,,,,
,,,,,,,,,,,,,,,,,
,,,,,,,,,,,,,,,,,
,,,,,,,,,,,,,,,,,
,,,,,,,,,,,,,,,,,
,,,,,,,,,,,,,,,,,
,,,,,,,,,,,,,,,,,
,,,,,,,,,,,,,,,,,
,,,,,,,,,,,,,,,,,
,,,,,,,,,,,,,,,,,
,,,,,,,,,,,,,,,,,
,,,,,,,,,,,,,,,,,
,,,,,,,,,,,,,,,,,
,,,,,,,,,,,,,,,,,
,,,,,,,,,,,,,,,,,
,,,,,,,,,,,,,,,,,
,,,,,,,,,,,,,,,,,
,,,,,,,,,,,,,,,,,
,,,,,,,,,,,,,,,,,
,,,,,,,,,,,,,,,,,
,,,,,,,,,,,,,,,,,
,,,,,,,,,,,,,,,,,
,,,,,,,,,,,,,,,,,
,,,,,,,,,,,,,,,,,
,,,,,,,,,,,,,,,,,
,,,,,,,,,,,,,,,,,
,,,,,,,,,,,,,,,,,
,,,,,,,,,,,,,,,,,
,,,,,,,,,,,,,,,,,
,,,,,,,,,,,,,,,,,
,,,,,,,,,,,,,,,,,
,,,,,,,,,,,,,,,,,
,,,,,,,,,,,,,,,,,
,,,,,,,,,,,,,,,,,
,,,,,,,,,,,,,,,,,
,,,,,,,,,,,,,,,,,
,,,,,,,,,,,,,,,,,
,,,,,,,,,,,,,,,,,
,,,,,,,,,,,,,,,,,
,,,,,,,,,,,,,,,,,
,,,,,,,,,,,,,,,,,
,,,,,,,,,,,,,,,,,
,,,,,,,,,,,,,,,,,
,,,,,,,,,,,,,,,,,
,,,,,,,,,,,,,,,,,
,,,,,,,,,,,,,,,,,
,,,,,,,,,,,,,,,,,
,,,,,,,,,,,,,,,,,
,,,,,,,,,,,,,,,,,
,,,,,,,,,,,,,,,,,
,,,,,,,,,,,,,,,,,
,,,,,,,,,,,,,,,,,
,,,,,,,,,,,,,,,,,
,,,,,,,,,,,,,,,,,
,,,,,,,,,,,,,,,,,
,,,,,,,,,,,,,,,,,
,,,,,,,,,,,,,,,,,
,,,,,,,,,,,,,,,,,
,,,,,,,,,,,,,,,,,
,,,,,,,,,,,,,,,,,
,,,,,,,,,,,,,,,,,
,,,,,,,,,,,,,,,,,
,,,,,,,,,,,,,,,,,
,,,,,,,,,,,,,,,,,
,,,,,,,,,,,,,,,,,
,,,,,,,,,,,,,,,,,
,,,,,,,,,,,,,,,,,
,,,,,,,,,,,,,,,,,
,,,,,,,,,,,,,,,,,
,,,,,,,,,,,,,,,,,
,,,,,,,,,,,,,,,,,
,,,,,,,,,,,,,,,,,
,,,,,,,,,,,,,,,,,
,,,,,,,,,,,,,,,,,
,,,,,,,,,,,,,,,,,
,,,,,,,,,,,,,,,,,
,,,,,,,,,,,,,,,,,
,,,,,,,,,,,,,,,,,
,,,,,,,,,,,,,,,,,
,,,,,,,,,,,,,,,,,
,,,,,,,,,,,,,,,,,
,,,,,,,,,,,,,,,,,
,,,,,,,,,,,,,,,,,
,,,,,,,,,,,,,,,,,
,,,,,,,,,,,,,,,,,
,,,,,,,,,,,,,,,,,
,,,,,,,,,,,,,,,,,
,,,,,,,,,,,,,,,,,
,,,,,,,,,,,,,,,,,
,,,,,,,,,,,,,,,,,
,,,,,,,,,,,,,,,,,
,,,,,,,,,,,,,,,,,
,,,,,,,,,,,,,,,,,
,,,,,,,,,,,,,,,,,
,,,,,,,,,,,,,,,,,
,,,,,,,,,,,,,,,,,
,,,,,,,,,,,,,,,,,
,,,,,,,,,,,,,,,,,
,,,,,,,,,,,,,,,,,
,,,,,,,,,,,,,,,,,
,,,,,,,,,,,,,,,,,
,,,,,,,,,,,,,,,,,
,,,,,,,,,,,,,,,,,
,,,,,,,,,,,,,,,,,
,,,,,,,,,,,,,,,,,
,,,,,,,,,,,,,,,,,
,,,,,,,,,,,,,,,,,
,,,,,,,,,,,,,,,,,
,,,,,,,,,,,,,,,,,
,,,,,,,,,,,,,,,,,
,,,,,,,,,,,,,,,,,
,,,,,,,,,,,,,,,,,
,,,,,,,,,,,,,,,,,
,,,,,,,,,,,,,,,,,
,,,,,,,,,,,,,,,,,
,,,,,,,,,,,,,,,,,
,,,,,,,,,,,,,,,,,
,,,,,,,,,,,,,,,,,
,,,,,,,,,,,,,,,,,
,,,,,,,,,,,,,,,,,
,,,,,,,,,,,,,,,,,
,,,,,,,,,,,,,,,,,
,,,,,,,,,,,,,,,,,
,,,,,,,,,,,,,,,,,
,,,,,,,,,,,,,,,,,
,,,,,,,,,,,,,,,,,
,,,,,,,,,,,,,,,,,
,,,,,,,,,,,,,,,,,
,,,,,,,,,,,,,,,,,
,,,,,,,,,,,,,,,,,
,,,,,,,,,,,,,,,,,
,,,,,,,,,,,,,,,,,
,,,,,,,,,,,,,,,,,
,,,,,,,,,,,,,,,,,
,,,,,,,,,,,,,,,,,
,,,,,,,,,,,,,,,,,
,,,,,,,,,,,,,,,,,
,,,,,,,,,,,,,,,,,
,,,,,,,,,,,,,,,,,
,,,,,,,,,,,,,,,,,
,,,,,,,,,,,,,,,,,
,,,,,,,,,,,,,,,,,
,,,,,,,,,,,,,,,,,
,,,,,,,,,,,,,,,,,
,,,,,,,,,,,,,,,,,
,,,,,,,,,,,,,,,,,
,,,,,,,,,,,,,,,,,
,,,,,,,,,,,,,,,,,
,,,,,,,,,,,,,,,,,
,,,,,,,,,,,,,,,,,
,,,,,,,,,,,,,,,,,
,,,,,,,,,,,,,,,,,
,,,,,,,,,,,,,,,,,
,,,,,,,,,,,,,,,,,
,,,,,,,,,,,,,,,,,
,,,,,,,,,,,,,,,,,
,,,,,,,,,,,,,,,,,
,,,,,,,,,,,,,,,,,
,,,,,,,,,,,,,,,,,
,,,,,,,,,,,,,,,,,
,,,,,,,,,,,,,,,,,
,,,,,,,,,,,,,,,,,
,,,,,,,,,,,,,,,,,
,,,,,,,,,,,,,,,,,
,,,,,,,,,,,,,,,,,
,,,,,,,,,,,,,,,,,
,,,,,,,,,,,,,,,,,
,,,,,,,,,,,,,,,,,
,,,,,,,,,,,,,,,,,
,,,,,,,,,,,,,,,,,
,,,,,,,,,,,,,,,,,
,,,,,,,,,,,,,,,,,
,,,,,,,,,,,,,,,,,
