group,cohort,animal,animal_id,date,day,n_tones,n_grabs,n_matched,n_success,n_delayed,n_no_pellet,success_pct,latency_median_from_tone_onset_s,latency_median_from_tone_end_s,latency_mean_from_tone_onset_s,source_file
SHAM,OFP2,M01,OFP2_M01,11_12_25,1,137,115,115,89,26,22,64.96350364963503,8.256639999995969,3.2566399999959685,137.17511446260696,Sham_OFP2_M01_11_12_25_01_2025-11-12T16_56_47_cleaned.csv
SHAM,OFP2,M01,OFP2_M01,11_13_25,2,85,45,45,44,1,40,51.76470588235294,7.601024000003235,2.6010240000032354,7.879050808889304,Sham_OFP2_M01_11_13_25_02_2025-11-13T17_54_12_cleaned.csv
SHAM,OFP2,M01,OFP2_M01,11_14_25,3,45,1,1,0,1,44,0.0,710.3235455999966,705.3235455999966,710.3235455999966,Sham_OFP2_M01_11_14_25_03_2025-11-14T17_28_28_cleaned.csv
SHAM,OFP2,M03,OFP2_M03,11_12_25,1,223,189,189,144,45,34,64.57399103139014,7.808230399998138,2.8082303999981377,42.485993447618675,Sham_OFP2_M03_11_12_25_01_2025-11-12T16_56_47_cleaned.csv
SHAM,OFP2,M03,OFP2_M03,11_13_25,2,191,166,166,147,19,25,76.96335078534031,7.216697599986219,2.216697599986219,13.132284221688161,Sham_OFP2_M03_11_13_25_02_2025-11-13T17_54_12_cleaned.csv
SHAM,OFP2,M03,OFP2_M03,11_14_25,3,145,139,139,116,23,6,80.0,7.089958399999887,2.0899583999998868,12.248069709352134,Sham_OFP2_M03_11_14_25_03_2025-11-14T17_28_28_cleaned.csv
SHAM,OFP2,M06,OFP2_M06,11_15_25,1,193,153,153,126,27,40,65.28497409326425,7.1220480000192765,2.1220480000192765,55.144839947712846,Sham_OFP2_M06_11_15_25_01_2025-11-15T18_29_58_cleaned.csv
SHAM,OFP2,M06,OFP2_M06,11_16_25,2,97,78,78,67,11,19,69.0721649484536,7.001401599998644,2.001401599998644,15.044498215384543,Sham_OFP2_M06_11_16_25_02_2025-11-16T18_38_30_cleaned.csv
SHAM,OFP2,M06,OFP2_M06,11_17_25,3,104,90,90,81,9,14,77.88461538461539,6.800646399999096,1.8006463999990956,8.62124970666761,Sham_OFP2_M06_11_17_25_03_2025-11-17T18_46_09_cleaned.csv
SHAM,OFP2,M07,OFP2_M07,11_15_25,1,2,1,1,0,1,1,0.0,2025.3130496000083,2020.3130496000083,2025.3130496000083,Sham_OFP2_M07_11_15_25_01_2025-11-15T18_29_58_cleaned.csv
SHAM,OFP2,M07,OFP2_M07,11_16_25,2,14,15,14,3,11,0,21.428571428571427,14.46716159999778,9.46716159999778,22.01478125714442,Sham_OFP2_M07_11_16_25_02_2025-11-16T18_38_30_cleaned.csv
SHAM,OFP2,M07,OFP2_M07,11_17_25,3,36,34,34,27,7,2,75.0,8.160556799997721,3.160556799997721,11.951029835293676,Sham_OFP2_M07_11_17_25_03_2025-11-17T18_46_09_cleaned.csv
SHAM,OFP,F18,OFP_F18,09_16_25,1,111,91,91,56,35,20,50.450450450450454,9.057971199996246,4.057971199996246,16.67236880879155,Sham_OFP_F18_09_16_25_01_2025-09-16T10_38_12_cleaned.csv
SHAM,OFP,F18,OFP_F18,09_17_25,2,61,52,52,48,4,9,78.68852459016394,7.481068800000685,2.481068800000685,8.42363175384669,Sham_OFP_F18_09_17_25_02_2025-09-17T10_04_12_cleaned.csv
SHAM,OFP,F18,OFP_F18,09_18_25,3,116,97,97,67,30,19,57.758620689655174,8.209792000001471,3.209792000001471,64.39851559587649,Sham_OFP_F18_09_18_25_03_2025-09-18T11_24_48_cleaned.csv
SHAM,OFP,F19,OFP_F19,09_16_25,1,107,68,68,42,26,39,39.25233644859813,9.201401599999372,4.201401599999372,75.47158870588255,Sham_OFP_F19_09_16_25_01_2025-09-16T10_38_12_cleaned.csv
SHAM,OFP,F19,OFP_F19,09_17_25,2,103,57,57,21,36,46,20.388349514563107,28.740608000000066,23.740608000000066,76.5891476210523,Sham_OFP_F19_09_17_25_02_2025-09-17T10_04_12_cleaned.csv
SHAM,OFP,F19,OFP_F19,09_18_25,3,89,51,51,9,42,38,10.112359550561798,41.23663359999773,36.23663359999773,111.38331231372514,Sham_OFP_F19_09_18_25_03_2025-09-18T11_24_48_cleaned.csv
SHAM,OFP,F2,OFP_F2,07_07_25,1,241,184,184,147,37,57,60.995850622406635,7.552383999989615,2.5523839999896154,15.153957982608734,Sham_OFP_F2_07_07_25_01_2025-07-07T17_25_49_cleaned.csv
SHAM,OFP,F2,OFP_F2,07_09_25,2,226,153,153,84,69,73,37.16814159292036,7.777408000009018,2.777408000009018,56.99774201307171,Sham_OFP_F2_07_09_25_02_2025-07-09T17_07_50_cleaned.csv
SHAM,OFP,F2,OFP_F2,07_10_25,3,213,136,136,91,45,77,42.72300469483568,7.058284799997637,2.0582847999976366,46.67892348235212,Sham_OFP_F2_07_10_25_03_2025-07-10T17_55_05_cleaned.csv
SHAM,OFP,F3,OFP_F3,07_12_25,1,210,148,148,80,68,62,38.095238095238095,9.553996799990273,4.553996799990273,91.31511351351344,Sham_OFP_F3_07_12_25_01_2025-07-12T16_05_03_cleaned.csv
SHAM,OFP,F3,OFP_F3,07_13_25,2,198,170,170,136,34,28,68.68686868686869,7.409715199990387,2.409715199990387,92.73915203764764,Sham_OFP_F3_07_13_25_02_2025-07-13T17_36_34_cleaned.csv
SHAM,OFP,F3,OFP_F3,07_14_25,3,174,153,153,100,53,21,57.47126436781609,7.122137600003043,2.122137600003043,144.72404287581537,Sham_OFP_F3_07_14_25_03_2025-07-14T19_11_05_cleaned.csv
SHAM,OFP,F5,OFP_F5,06_18_25,1,0,0,0,0,0,0,,,,,Sham_OFP_F5_06_18_25_01_2025-06-18T16_06_47_cleaned.csv
SHAM,OFP,F5,OFP_F5,06_24_25,2,147,120,120,98,22,27,66.66666666666667,7.545017600000847,2.545017600000847,50.116147839999705,Sham_OFP_F5_06_24_25_02_2025-06-24T17_30_14_cleaned.csv
SHAM,OFP,F5,OFP_F5,06_25_25,3,188,153,153,118,35,35,62.765957446808514,6.883788799998001,1.8837887999980012,72.7656115869288,Sham_OFP_F5_06_25_25_03_2025-06-25T16_32_21_cleaned.csv
SHAM,OFP,M2,OFP_M2,07_07_25,1,228,206,206,152,54,22,66.66666666666667,7.761791999998422,2.7617919999984224,47.78962448155408,Sham_OFP_M2_07_07_25_01_2025-07-07T17_25_49_cleaned.csv
SHAM,OFP,M2,OFP_M2,07_09_25,2,287,196,195,163,32,92,56.79442508710802,6.850150399994163,1.8501503999941633,34.16500676923054,Sham_OFP_M2_07_09_25_02_2025-07-09T17_07_50_cleaned.csv
SHAM,OFP,M2,OFP_M2,07_10_25,3,273,179,179,138,41,94,50.54945054945055,6.85113599999022,1.8511359999902197,37.633886319554016,Sham_OFP_M2_07_10_25_03_2025-07-10T17_55_05_cleaned.csv
SHAM,OFP,M4,OFP_M4,06_18_25,1,201,154,154,107,47,47,53.233830845771145,8.584806399998342,3.5848063999983424,18.903366898701986,Sham_OFP_M4_06_18_25_01_2025-06-18T16_06_47_cleaned.csv
SHAM,OFP,M4,OFP_M4,06_24_25,2,158,121,121,98,23,37,62.0253164556962,7.698816000020088,2.698816000020088,44.26015248925697,Sham_OFP_M4_06_24_25_02_2025-06-24T17_30_15_cleaned.csv
SHAM,OFP,M4,OFP_M4,06_25_25,3,169,154,154,104,50,15,61.53846153846154,7.601408000002266,2.601408000002266,147.76360128831172,Sham_OFP_M4_06_25_25_03_2025-06-25T16_32_21_cleaned.csv
SHAM,OFP,M7,OFP_M7,09_09_25,1,49,38,37,24,13,12,48.97959183673469,9.232601600002454,4.232601600002454,10.657736648647772,Sham_OFP_M7_09_09_25_01_2025-09-09T11_35_51_cleaned.csv
SHAM,OFP,M7,OFP_M7,09_10_25,2,84,71,71,57,14,13,67.85714285714286,7.121369600001344,2.1213696000013442,14.631903188732144,Sham_OFP_M7_09_10_25_02_2025-09-10T08_49_31_cleaned.csv
SHAM,OFP,M7,OFP_M7,09_11_25,3,106,90,90,78,12,16,73.58490566037736,6.68156799999997,1.6815679999999702,9.075036586666593,Sham_OFP_M7_09_11_25_03_2025-09-11T09_19_58_cleaned.csv
SHAM,OFP,M8,OFP_M8,09_09_25,1,49,42,42,21,21,7,42.857142857142854,9.91400319999866,4.91400319999866,186.7178160761898,Sham_OFP_M8_09_09_25_01_2025-09-09T11_35_51_cleaned.csv
SHAM,OFP,M8,OFP_M8,09_10_25,2,86,65,65,12,53,21,13.953488372093023,28.836992000004102,23.836992000004102,70.59304763076894,Sham_OFP_M8_09_10_25_02_2025-09-10T08_49_31 (1)_cleaned.csv
SHAM,OFP,M8,OFP_M8,09_11_25,3,95,89,89,85,4,6,89.47368421052632,7.6328319999956875,2.6328319999956875,8.191806417977041,Sham_OFP_M8_09_11_25_03_2025-09-11T09_19_58_cleaned.csv
SHAM,OFP,M9,OFP_M9,09_08_25,1,65,50,50,31,19,15,47.69230769230769,9.609459199997218,4.609459199997218,10.344243200000065,Sham_OFP_M9_09_08_25_01_2025-09-09T13_09_19_cleaned.csv
SHAM,OFP,M9,OFP_M9,09_10_25,2,99,88,88,78,10,11,78.78787878787878,7.848889599999893,2.848889599999893,20.143320290909518,Sham_OFP_M9_09_10_25_02_2025-09-10T09_08_30 (1)_cleaned.csv
SHAM,OFP,M9,OFP_M9,09_11_25,3,26,26,26,19,7,0,73.07692307692308,8.5130367999991,3.5130367999990995,15.496330338461348,Sham_OFP_M9_09_11_25_03_2025-09-11T09_11_51_cleaned.csv
SK3,OFP2,F02,OFP2_F02,11_18_25,1,91,67,67,52,15,24,57.142857142857146,7.1868671999982325,2.1868671999982325,10.352121886566927,SK3_OFP2_F02_11_18_25_01_2025-11-18T16_52_14_cleaned.csv
SK3,OFP2,F02,OFP2_F02,11_19_25,2,120,105,105,68,37,15,56.666666666666664,7.983423999990919,2.9834239999909187,13.645683321905292,SK3_OFP2_F02_11_19_25_02_2025-11-19T17_10_32_cleaned.csv
SK3,OFP2,F02,OFP2_F02,11_20_25,3,81,75,75,49,26,6,60.49382716049383,7.6343807999946875,2.6343807999946875,21.628537343999675,SK3_OFP2_F02_11_20_25_03_2025-11-20T17_37_06_cleaned.csv
SK3,OFP2,M04,OFP2_M04,11_15_25,1,296,196,196,177,19,100,59.7972972972973,6.811328000025242,1.8113280000252416,8.58820336326492,SK3_OFP2_M04_11_15_25_01_2025-11-15T18_26_33_cleaned.csv
SK3,OFP2,M04,OFP2_M04,11_16_25,2,175,112,112,95,17,63,54.285714285714285,6.712422399996285,1.712422399996285,9.102749485714,SK3_OFP2_M04_11_16_25_02_2025-11-16T18_39_38_cleaned.csv
SK3,OFP2,M04,OFP2_M04,11_17_25,3,200,136,136,117,19,64,58.5,6.705343999999968,1.7053439999999682,8.339459482352595,SK3_OFP2_M04_11_17_25_03_2025-11-17T18_43_35_cleaned.csv
SK3,OFP2,M08,OFP2_M08,11_18_25,1,313,201,201,168,33,112,53.674121405750796,7.185548800000106,2.185548800000106,30.681720740299728,SK3_OFP2_M08_11_18_25_01_2025-11-18T16_52_14_cleaned.csv
SK3,OFP2,M08,OFP2_M08,11_19_25,2,291,186,186,163,23,105,56.013745704467354,6.761215999998967,1.7612159999989672,27.261939612902353,SK3_OFP2_M08_11_19_25_02_2025-11-19T17_10_32_cleaned.csv
SK3,OFP2,M08,OFP2_M08,11_20_25,3,225,146,146,94,52,79,41.77777777777778,6.865580799996678,1.8655807999966783,24.095318005479896,SK3_OFP2_M08_11_20_25_03_2025-11-20T17_37_06_cleaned.csv
SK3,OFP,F32,OFP_F32,09_23_25,1,99,82,82,47,35,17,47.474747474747474,9.05802879999817,4.058028799998169,30.277160897560663,SK3_OFP_F32_09_23_25_01_2025-09-23T10_51_31_cleaned.csv
SK3,OFP,F32,OFP_F32,09_24_25,2,150,112,112,66,46,38,44.0,7.810873599999923,2.8108735999999226,44.90425085714299,SK3_OFP_F32_09_24_25_02_2025-09-24T09_16_09_cleaned.csv
SK3,OFP,F32,OFP_F32,09_25_25,3,143,116,116,98,18,27,68.53146853146853,7.186540800001467,2.1865408000014668,92.01661627586255,SK3_OFP_F32_09_25_25_03_2025-09-25T09_30_30_cleaned.csv
SK3,OFP,F33,OFP_F33,09_23_25,1,144,115,115,96,19,29,66.66666666666667,7.9725952000044344,2.9725952000044344,9.401865906086996,SK3_OFP_F33_09_23_25_01_2025-09-23T10_51_31_cleaned.csv
SK3,OFP,F33,OFP_F33,09_24_25,2,167,101,101,93,8,66,55.68862275449102,6.934835200001544,1.9348352000015439,9.185582130693055,SK3_OFP_F33_09_24_25_02_2025-09-24T09_16_09_cleaned.csv
SK3,OFP,F33,OFP_F33,09_25_25,3,147,109,109,91,18,38,61.904761904761905,6.876351999999315,1.876351999999315,27.9244953834862,SK3_OFP_F33_09_25_25_03_2025-09-25T09_30_30_cleaned.csv
SK3,OFP,M21,OFP_M21,09_16_25,1,95,86,85,65,20,10,68.42105263157895,7.760998400000972,2.7609984000009717,12.33577336470582,SK3_OFP_M21_09_16_25_01_2025-09-16T10_24_25_cleaned.csv
SK3,OFP,M21,OFP_M21,09_17_25,2,77,74,74,37,37,3,48.05194805194805,10.296729599998798,5.296729599998798,59.382970983783586,SK3_OFP_M21_09_17_25_02_2025-09-17T11_42_53_cleaned.csv
SK3,OFP,M21,OFP_M21,09_18_25,3,93,84,84,57,27,9,61.29032258064516,6.897369599998456,1.8973695999984557,35.7912652190479,SK3_OFP_M21_09_18_25_03_2025-09-18T11_33_09_cleaned.csv
SK3,OFP,M23,OFP_M23,09_16_25,1,353,53,53,5,48,300,1.4164305949008498,31.876032000000123,26.876032000000123,129.63378958490563,SK3_OFP_M23_09_16_25_01_2025-09-16T10_24_25_cleaned.csv
SK3,OFP,M23,OFP_M23,09_17_25,2,74,64,64,33,31,10,44.5945945945946,9.715129599996999,4.715129599996999,81.49742800000003,SK3_OFP_M23_09_17_25_02_2025-09-17T11_42_53_cleaned.csv
SK3,OFP,M23,OFP_M23,09_18_25,3,128,82,82,63,19,46,49.21875,7.78666240000166,2.78666240000166,12.908869619512435,SK3_OFP_M23_09_18_25_03_2025-09-18T11_33_09_cleaned.csv
SK3,OFP,M24,OFP_M24,09_23_25,1,86,70,70,51,19,16,59.30232558139535,7.585990399998991,2.585990399998991,99.5649254400001,SK3_OFP_M24_09_23_25_01_2025-09-23T10_33_28_cleaned.csv
SK3,OFP,M24,OFP_M24,09_24_25,2,27,15,15,14,1,12,51.851851851851855,7.153433599996788,2.153433599996788,7.565971626666373,SK3_OFP_M24_09_24_25_02_2025-09-24T09_18_21_cleaned.csv
SK3,OFP,M24,OFP_M24,09_25_25,3,133,90,90,86,4,43,64.66165413533835,6.745280000002822,1.745280000002822,14.727628231111071,SK3_OFP_M24_09_25_25_03_2025-09-25T09_30_48_cleaned.csv
SNI,OFP2,F01,OFP2_F01,11_12_25,1,235,176,176,147,29,59,62.5531914893617,7.209171200007404,2.209171200007404,10.909214618181649,SNI_OFP2_F01_11_12_25_01_2025-11-12T17_13_02_cleaned.csv
SNI,OFP2,F01,OFP2_F01,11_13_25,2,190,168,168,153,15,22,80.52631578947368,6.96032639999612,1.96032639999612,8.438889371428333,SNI_OFP2_F01_11_13_25_02_2025-11-13T17_45_14_cleaned.csv
SNI,OFP2,F01,OFP2_F01,11_14_25,3,172,158,158,143,15,14,83.13953488372093,6.879327999995439,1.8793279999954393,75.74857365063234,SNI_OFP2_F01_11_14_25_03_2025-11-14T17_31_27_cleaned.csv
SNI,OFP2,M02,OFP2_M02,11_12_25,1,77,56,56,31,25,21,40.25974025974026,8.609030400002666,3.6090304000026663,15.989225371428514,SNI_OFP2_M02_11_12_25_01_2025-11-12T17_13_02_cleaned.csv
SNI,OFP2,M02,OFP2_M02,11_13_25,2,56,53,53,42,11,3,75.0,6.9925248000072315,1.9925248000072315,10.093446762264403,SNI_OFP2_M02_11_13_25_02_2025-11-13T17_45_14_cleaned.csv
SNI,OFP2,M02,OFP2_M02,11_14_25,3,79,68,68,50,18,11,63.29113924050633,7.377683199996454,2.3776831999964543,10.127677364706596,SNI_OFP2_M02_11_14_25_03_2025-11-14T17_31_27_cleaned.csv
SNI,OFP2,M05,OFP2_M05,11_15_25,1,288,171,171,143,28,117,49.65277777777778,7.152819199996884,2.152819199996884,9.78096295672583,SNI_OFP2_M05_11_15_25_01_2025-11-15T18_26_33_cleaned.csv
SNI,OFP2,M05,OFP2_M05,11_16_25,2,166,104,104,84,20,62,50.602409638554214,7.042208000005303,2.042208000005303,9.775120369231338,SNI_OFP2_M05_11_16_25_02_2025-11-16T18_39_38_cleaned.csv
SNI,OFP2,M05,OFP2_M05,11_17_25,3,195,127,127,98,29,68,50.256410256410255,7.151270399990608,2.151270399990608,10.146889675591114,SNI_OFP2_M05_11_17_25_03_2025-11-17T18_43_35_cleaned.csv
SNI,OFP,F1,OFP_F1,07_15_25,1,238,201,201,152,49,37,63.865546218487395,8.0495360000059,3.049536000005901,41.3887728079587,SNI_OFP_F1_07_15_25_01_2025-07-15T17_03_27_cleaned.csv
SNI,OFP,F1,OFP_F1,07_19_25,2,282,200,200,179,21,82,63.47517730496454,7.377452800001265,2.377452800001265,11.250140799999905,SNI_OFP_F1_07_19_25_02_2025-07-19T15_35_53_cleaned.csv
SNI,OFP,F1,OFP_F1,07_20_25,3,186,122,122,92,30,64,49.46236559139785,7.465721599992321,2.465721599992321,103.17789765245885,SNI_OFP_F1_07_20_25_03_2025-07-20T17_48_22_cleaned.csv
SNI,OFP,F26,OFP_F26,09_16_25,1,78,70,70,56,14,8,71.7948717948718,7.1377663999992365,2.1377663999992365,219.71708818285737,SNI_OFP_F26_09_16_25_01_2025-09-16T10_30_40_cleaned.csv
SNI,OFP,F26,OFP_F26,09_17_25,2,91,75,75,41,34,16,45.05494505494506,9.278963199998543,4.278963199998543,46.520799232000236,SNI_OFP_F26_09_17_25_02_2025-09-17T10_14_59_cleaned.csv
SNI,OFP,F26,OFP_F26,09_18_25,3,59,40,40,9,31,19,15.254237288135593,21.763526399998227,16.763526399998227,73.87531071999996,SNI_OFP_F26_09_18_25_03_2025-09-18T11_14_04 - Copy_cleaned.csv
SNI,OFP,F29,OFP_F29,09_16_25,1,57,38,38,12,26,19,21.05263157894737,12.986233599996922,7.986233599996922,189.38425903157918,SNI_OFP_F29_09_16_25_01_2025-09-16T10_30_40_cleaned.csv
SNI,OFP,F29,OFP_F29,09_17_25,2,97,64,64,31,33,33,31.95876288659794,10.440044800001488,5.440044800001488,54.63256300000012,SNI_OFP_F29_09_17_25_02_2025-09-17T10_14_59_cleaned.csv
SNI,OFP,F29,OFP_F29,09_18_25,3,94,68,68,59,9,26,62.765957446808514,7.409260800000084,2.4092608000000837,55.948774588234976,SNI_OFP_F29_09_18_25_03_2025-09-18T11_14_04 - Copy_cleaned.csv
SNI,OFP,F4,OFP_F4,06_30_25,1,181,149,149,61,88,32,33.70165745856354,11.699238400011382,6.699238400011382,84.09210991677796,SNI_OFP_F4_06_30_25_01_2025-06-30T17_10_06_cleaned.csv
SNI,OFP,F4,OFP_F4,07_01_25,2,187,159,159,141,18,28,75.40106951871658,7.201651199997286,2.2016511999972863,8.957044729558957,SNI_OFP_F4_07_01_25_02_2025-07-01T17_28_20_cleaned.csv
SNI,OFP,F4,OFP_F4,07_02_25,3,262,173,173,157,16,89,59.9236641221374,6.81844479999927,1.81844479999927,73.96891738265866,SNI_OFP_F4_07_02_25_03_2025-07-02T17_11_57_cleaned.csv
SNI,OFP,M1,OFP_M1,07_12_25,1,219,184,184,137,47,35,62.55707762557078,8.264640000016698,3.2646400000166977,89.3077919999999,SNI_OFP_M1_07_12_25_01_2025-07-12T16_05_03_cleaned.csv
SNI,OFP,M1,OFP_M1,07_13_25,2,197,184,183,159,24,14,80.71065989847716,7.424665600003209,2.424665600003209,69.50314715628369,SNI_OFP_M1_07_13_25_02_2025-07-13T17_36_34_cleaned.csv
SNI,OFP,M1,OFP_M1,07_14_25,3,225,188,188,170,18,37,75.55555555555556,6.849516800008132,1.8495168000081321,8.744150331914938,SNI_OFP_M1_07_14_25_03_2025-07-14T19_11_05 _cleaned.csv
SNI,OFP,M11,OFP_M11,09_09_25,1,46,37,35,17,18,11,36.95652173913044,10.227520000000368,5.227520000000368,405.6928771657152,SNI_OFP_M11_09_09_25_01_2025-09-09T11_42_46_cleaned.csv
SNI,OFP,M11,OFP_M11,09_10_25,2,113,77,77,51,26,36,45.13274336283186,7.939910000004602,2.939910000004602,132.07244922077916,SNI_OFP_M11_09_10_25_02_2025-09-10T09_15_38_cleaned.csv
SNI,OFP,M11,OFP_M11,09_11_25,3,124,85,85,76,9,39,61.29032258064516,7.42631679999613,2.4263167999961297,9.17246027294129,SNI_OFP_M11_09_11_25_03_2025-09-11T09_28_47_cleaned.csv
SNI,OFP,M12,OFP_M12,09_09_25,1,79,66,66,46,20,13,58.22784810126582,8.28856960000121,3.2885696000012103,53.33392892121168,SNI_OFP_M12_09_09_25_01_2025-09-09T11_42_46_cleaned.csv
SNI,OFP,M12,OFP_M12,09_10_25,2,121,97,95,63,32,26,52.06611570247934,8.288480000002892,3.2884800000028918,71.88787263157941,SNI_OFP_M12_09_10_25_02_2025-09-10T09_15_38_cleaned.csv
SNI,OFP,M12,OFP_M12,09_11_25,3,112,102,102,78,24,10,69.64285714285714,7.571340800001053,2.571340800001053,89.66946334117681,SNI_OFP_M12_09_11_25_03_2025-09-11T09_28_47_cleaned.csv
SNI,OFP,M13,OFP_M13,09_09_25,1,67,55,55,34,21,12,50.74626865671642,8.866419199999655,3.8664191999996547,13.562025425454463,SNI_OFP_M13_09_09_25_01_2025-09-09T13_09_19_cleaned.csv
SNI,OFP,M13,OFP_M13,09_10_25,2,142,108,108,69,39,34,48.59154929577465,8.018342400006077,3.018342400006077,51.76131994074051,SNI_OFP_M13_09_10_25_02_2025-09-10T09_08_30 (1)_cleaned.csv
SNI,OFP,M13,OFP_M13,09_11_25,3,23,21,21,17,4,2,73.91304347826087,7.200550400004431,2.200550400004431,20.26071893333291,SNI_OFP_M13_09_11_25_03_2025-09-11T09_11_51_cleaned.csv
SNI,OFP,M3,OFP_M3,07_15_25,1,276,181,181,152,29,95,55.072463768115945,7.490841600010754,2.4908416000107536,23.79753115580138,SNI_OFP_M3_07_15_25_01_2025-07-15T17_03_27_cleaned.csv
SNI,OFP,M3,OFP_M3,07_19_25,2,331,246,246,224,22,85,67.6737160120846,7.057900799998606,2.057900799998606,9.468588539836983,SNI_OFP_M3_07_19_25_02_2025-07-19T15_35_53_cleaned.csv
SNI,OFP,M3,OFP_M3,07_20_25,3,261,169,169,143,26,92,54.78927203065134,6.849791999977242,1.849791999977242,10.77230079999961,SNI_OFP_M3_07_20_25_03_2025-07-20T17_48_22_cleaned.csv
SNI,OFP,M5,OFP_M5,06_30_25,1,234,177,177,97,80,57,41.452991452991455,9.37955839999995,4.379558399999951,74.9195287141254,SNI_OFP_M5_06_30_25_01_2025-06-30T17_10_06_cleaned.csv
SNI,OFP,M5,OFP_M5,07_01_25,2,226,136,136,129,7,90,57.07964601769911,6.9601024000094185,1.9601024000094185,20.384778635293422,SNI_OFP_M5_07_01_25_02_2025-07-01T17_28_20_cleaned.csv
SNI,OFP,M5,OFP_M5,07_02_25,3,188,143,142,122,20,46,64.8936170212766,6.703852799997549,1.7038527999975486,31.362351774647617,SNI_OFP_M5_07_02_25_03_2025-07-02T17_11_57_cleaned.csv
