,MM:DD:YYYY hh:mm:ss,Library_Version,Session_type,Device_Number,Battery_Voltage,Motor_Turns,FR,Event,Active_Poke,Left_Poke_Count,Right_Poke_Count,Pellet_Count,Block_Pellet_Count,Retrieval_Time,InterPelletInterval,Poke_Time
0,9/5/2023 17:34:26,1.16.3,FR1,5,3.89,,1,Right,Left,0,1,0,0,,,0.0
1,9/5/2023 17:36:18,1.16.3,FR1,5,3.89,,1,Left,Left,1,1,0,0,,,0.29
2,9/5/2023 17:38:19,1.16.3,FR1,5,3.89,,1,LeftWithPellet,Left,2,1,0,0,,,0.13
3,9/5/2023 17:40:41,1.16.3,FR1,5,3.88,,1,LeftWithPellet,Left,3,1,0,0,,,0.13
4,9/5/2023 17:43:23,1.16.3,FR1,5,3.88,,1,RightWithPellet,Left,3,2,0,0,,,0.2
5,9/5/2023 17:46:23,1.16.3,FR1,5,3.88,3.0,1,Pellet,Left,3,2,1,0,Timed_out,,
6,9/5/2023 17:52:07,1.16.3,FR1,5,3.88,,1,Left,Left,4,2,1,0,,,0.43
7,9/5/2023 17:52:07,1.16.3,FR1,5,3.88,,1,LeftDuringDispense,Left,5,2,1,0,,,0.0
8,9/5/2023 17:52:32,1.16.3,FR1,5,3.89,3.0,1,Pellet,Left,5,2,2,0,21.48,369.0,
9,9/5/2023 18:02:53,1.16.3,FR1,5,3.88,,1,Right,Left,5,3,2,0,,,0.3
10,9/5/2023 18:05:31,1.16.3,FR1,5,3.88,,1,Right,Left,5,4,2,0,,,0.09
11,9/5/2023 18:13:40,1.16.3,FR1,5,3.88,,1,Left,Left,6,4,2,0,,,0.75
12,9/5/2023 18:13:40,1.16.3,FR1,5,3.88,,1,LeftDuringDispense,Left,7,4,2,0,,,0.03
13,9/5/2023 18:14:18,1.16.3,FR1,5,3.88,3.0,1,Pellet,Left,7,4,3,0,35.06,1306.0,
14,9/5/2023 18:15:30,1.16.3,FR1,5,3.89,,1,Left,Left,8,4,3,0,,,0.02
15,9/5/2023 18:15:57,1.16.3,FR1,5,3.88,5.0,1,Pellet,Left,8,4,4,0,19.49,99.0,
16,9/5/2023 18:17:06,1.16.3,FR1,5,3.88,,1,Left,Left,9,4,4,0,,,0.31
17,9/5/2023 18:17:23,1.16.3,FR1,5,3.88,8.0,1,Pellet,Left,9,4,5,0,1.63,86.0,
18,9/5/2023 18:21:29,1.16.3,FR1,5,3.89,,1,Right,Left,9,5,5,0,,,0.01
19,9/5/2023 18:25:16,1.16.3,FR1,5,3.88,,1,Right,Left,9,6,5,0,,,0.25
20,9/5/2023 18:25:16,1.16.3,FR1,5,3.89,,1,Right,Left,9,7,5,0,,,0.0
21,9/5/2023 18:25:18,1.16.3,FR1,5,3.88,,1,Right,Left,9,8,5,0,,,0.0
22,9/5/2023 18:25:18,1.16.3,FR1,5,3.87,,1,Right,Left,9,9,5,0,,,0.0
23,9/5/2023 18:26:00,1.16.3,FR1,5,3.87,,1,Left,Left,10,9,5,0,,,0.61
24,9/5/2023 18:26:12,1.16.3,FR1,5,3.88,4.0,1,Pellet,Left,10,9,6,0,5.19,529.0,
25,9/5/2023 18:38:39,1.16.3,FR1,5,3.89,,1,Left,Left,11,9,6,0,,,0.6
26,9/5/2023 18:38:39,1.16.3,FR1,5,3.88,,1,LeftDuringDispense,Left,12,9,6,0,,,0.02
27,9/5/2023 18:38:54,1.16.3,FR1,5,3.88,2.0,1,Pellet,Left,12,9,7,0,12.03,762.0,
28,9/5/2023 18:44:55,1.16.3,FR1,5,3.88,,1,Right,Left,12,10,7,0,,,0.74
29,9/5/2023 18:45:19,1.16.3,FR1,5,3.87,,1,Left,Left,13,10,7,0,,,0.05
30,9/5/2023 18:45:20,1.16.3,FR1,5,3.87,,1,LeftDuringDispense,Left,14,10,7,0,,,0.33
31,9/5/2023 18:45:20,1.16.3,FR1,5,3.88,,1,LeftDuringDispense,Left,15,10,7,0,,,0.0
32,9/5/2023 18:45:28,1.16.3,FR1,5,3.88,5.0,1,Pellet,Left,15,10,8,0,0.34,394.0,
33,9/5/2023 18:46:20,1.16.3,FR1,5,3.88,,1,Left,Left,16,10,8,0,,,0.08
34,9/5/2023 18:46:29,1.16.3,FR1,5,3.88,3.0,1,Pellet,Left,16,10,9,0,3.89,61.0,
35,9/5/2023 18:47:44,1.16.3,FR1,5,3.88,,1,Left,Left,17,10,9,0,,,0.17
36,9/5/2023 18:47:46,1.16.3,FR1,5,3.88,1.0,1,Pellet,Left,17,10,10,0,0.61,77.0,
37,9/5/2023 18:56:26,1.16.3,FR1,5,3.88,,1,Left,Left,18,10,10,0,,,0.89
38,9/5/2023 18:56:31,1.16.3,FR1,5,3.88,1.0,1,Pellet,Left,18,10,11,0,4.23,525.0,
39,9/5/2023 18:58:04,1.16.3,FR1,5,3.88,,1,Right,Left,18,11,11,0,,,0.18
40,9/5/2023 19:02:29,1.16.3,FR1,5,3.88,,1,Left,Left,19,11,11,0,,,0.04
41,9/5/2023 19:02:33,1.16.3,FR1,5,3.87,2.0,1,Pellet,Left,19,11,12,0,1.43,362.0,
42,9/5/2023 19:03:58,1.16.3,FR1,5,3.88,,1,Left,Left,20,11,12,0,,,0.12
43,9/5/2023 19:04:00,1.16.3,FR1,5,3.88,1.0,1,Pellet,Left,20,11,13,0,1.36,87.0,
44,9/5/2023 19:09:28,1.16.3,FR1,5,3.88,,1,Left,Left,21,11,13,0,,,0.25
45,9/5/2023 19:09:31,1.16.3,FR1,5,3.88,2.0,1,Pellet,Left,21,11,14,0,2.86,331.0,
46,9/5/2023 19:10:47,1.16.3,FR1,5,3.88,,1,Right,Left,21,12,14,0,,,0.2
47,9/5/2023 19:11:25,1.16.3,FR1,5,3.88,,1,Left,Left,22,12,14,0,,,0.21
48,9/5/2023 19:11:57,1.16.3,FR1,5,3.87,3.0,1,Pellet,Left,22,12,15,0,26.70,146.0,
49,9/5/2023 19:12:41,1.16.3,FR1,5,3.88,,1,Left,Left,23,12,15,0,,,0.09
50,9/5/2023 19:12:45,1.16.3,FR1,5,3.88,1.0,1,Pellet,Left,23,12,16,0,3.00,48.0,
51,9/5/2023 19:16:57,1.16.3,FR1,5,3.87,,1,Left,Left,24,12,16,0,,,0.08
52,9/5/2023 19:16:59,1.16.3,FR1,5,3.88,1.0,1,Pellet,Left,24,12,17,0,0.95,254.0,
53,9/5/2023 19:30:46,1.16.3,FR1,5,3.88,,1,Right,Left,24,13,17,0,,,0.23
54,9/5/2023 19:30:48,1.16.3,FR1,5,3.88,,1,Left,Left,25,13,17,0,,,0.13
55,9/5/2023 19:30:51,1.16.3,FR1,5,3.88,1.0,1,Pellet,Left,25,13,18,0,1.63,832.0,
56,9/5/2023 19:31:40,1.16.3,FR1,5,3.88,,1,Left,Left,26,13,18,0,,,0.13
57,9/5/2023 19:31:41,1.16.3,FR1,5,3.88,,1,LeftDuringDispense,Left,27,13,18,0,,,0.33
58,9/5/2023 19:31:41,1.16.3,FR1,5,3.88,,1,LeftDuringDispense,Left,28,13,18,0,,,0.1
59,9/5/2023 19:31:46,1.16.3,FR1,5,3.88,2.0,1,Pellet,Left,28,13,19,0,2.38,55.0,
60,9/5/2023 19:32:56,1.16.3,FR1,5,3.88,,1,Left,Left,29,13,19,0,,,0.02
61,9/5/2023 19:32:57,1.16.3,FR1,5,3.88,,1,LeftDuringDispense,Left,30,13,19,0,,,0.55
62,9/5/2023 19:33:10,1.16.3,FR1,5,3.87,2.0,1,Pellet,Left,30,13,20,0,9.77,84.0,
63,9/5/2023 19:35:15,1.16.3,FR1,5,3.88,,1,Left,Left,31,13,20,0,,,0.07
64,9/5/2023 19:35:42,1.16.3,FR1,5,3.88,3.0,1,Pellet,Left,31,13,21,0,23.35,152.0,
65,9/5/2023 19:40:24,1.16.3,FR1,5,3.88,,1,Left,Left,32,13,21,0,,,0.41
66,9/5/2023 19:40:28,1.16.3,FR1,5,3.87,2.0,1,Pellet,Left,32,13,22,0,2.86,286.0,
67,9/5/2023 19:41:54,1.16.3,FR1,5,3.88,,1,Left,Left,33,13,22,0,,,0.19
68,9/5/2023 19:41:59,1.16.3,FR1,5,3.88,2.0,1,Pellet,Left,33,13,23,0,4.44,91.0,
69,9/5/2023 19:56:21,1.16.3,FR1,5,3.87,,1,Right,Left,33,14,23,0,,,0.18
70,9/5/2023 19:56:31,1.16.3,FR1,5,3.88,,1,Right,Left,33,15,23,0,,,0.15
71,9/5/2023 19:56:35,1.16.3,FR1,5,3.88,,1,Left,Left,34,15,23,0,,,0.22
72,9/5/2023 19:56:37,1.16.3,FR1,5,3.88,2.0,1,Pellet,Left,34,15,24,0,0.88,878.0,
73,9/5/2023 20:05:25,1.16.3,FR1,5,3.88,,1,Right,Left,34,16,24,0,,,0.06
74,9/5/2023 20:05:26,1.16.3,FR1,5,3.88,,1,Right,Left,34,17,24,0,,,0.16
75,9/5/2023 20:05:34,1.16.3,FR1,5,3.88,,1,Left,Left,35,17,24,0,,,0.08
76,9/5/2023 20:05:34,1.16.3,FR1,5,3.87,,1,LeftDuringDispense,Left,36,17,24,0,,,0.06
77,9/5/2023 20:05:38,1.16.3,FR1,5,3.88,3.0,1,Pellet,Left,36,17,25,0,1.29,541.0,
78,9/5/2023 20:06:11,1.16.3,FR1,5,3.88,,1,Left,Left,37,17,25,0,,,0.22
79,9/5/2023 20:07:18,1.16.3,FR1,5,3.88,1.0,1,Pellet,Left,37,17,26,0,Timed_out,100.0,
80,9/5/2023 20:08:23,1.16.3,FR1,5,3.87,,1,Left,Left,38,17,26,0,,,0.11
81,9/5/2023 20:08:25,1.16.3,FR1,5,3.88,1.0,1,Pellet,Left,38,17,27,0,1.02,67.0,
82,9/5/2023 20:09:00,1.16.3,FR1,5,3.87,,1,Left,Left,39,17,27,0,,,0.17
83,9/5/2023 20:09:07,1.16.3,FR1,5,3.87,1.0,1,Pellet,Left,39,17,28,0,6.69,42.0,
84,9/5/2023 20:09:41,1.16.3,FR1,5,3.88,,1,Right,Left,39,18,28,0,,,0.12
85,9/5/2023 20:13:20,1.16.3,FR1,5,3.87,,1,Right,Left,39,19,28,0,,,0.03
86,9/5/2023 20:13:27,1.16.3,FR1,5,3.87,,1,Left,Left,40,19,28,0,,,0.19
87,9/5/2023 20:13:29,1.16.3,FR1,5,3.88,1.0,1,Pellet,Left,40,19,29,0,1.43,262.0,
88,9/5/2023 20:14:16,1.16.3,FR1,5,3.87,,1,Right,Left,40,20,29,0,,,0.16
89,9/5/2023 20:20:29,1.16.3,FR1,5,3.88,,1,Left,Left,41,20,29,0,,,0.09
90,9/5/2023 20:20:31,1.16.3,FR1,5,3.88,1.0,1,Pellet,Left,41,20,30,0,1.15,422.0,
91,9/5/2023 20:21:20,1.16.3,FR1,5,3.88,,1,Left,Left,42,20,30,0,,,0.02
92,9/5/2023 20:21:22,1.16.3,FR1,5,3.88,1.0,1,Pellet,Left,42,20,31,0,1.09,51.0,
93,9/5/2023 20:22:47,1.16.3,FR1,5,3.88,,1,Left,Left,43,20,31,0,,,0.06
94,9/5/2023 20:22:49,1.16.3,FR1,5,3.87,1.0,1,Pellet,Left,43,20,32,0,2.11,87.0,
95,9/5/2023 20:31:35,1.16.3,FR1,5,3.88,,1,Left,Left,44,20,32,0,,,0.17
96,9/5/2023 20:31:36,1.16.3,FR1,5,3.87,1.0,1,Pellet,Left,44,20,33,0,1.09,527.0,
97,9/5/2023 20:32:07,1.16.3,FR1,5,3.87,,1,Left,Left,45,20,33,0,,,0.11
98,9/5/2023 20:32:11,1.16.3,FR1,5,3.87,2.0,1,Pellet,Left,45,20,34,0,1.70,35.0,
99,9/5/2023 20:32:54,1.16.3,FR1,5,3.87,,1,Left,Left,46,20,34,0,,,0.0
100,9/5/2023 20:32:56,1.16.3,FR1,5,3.88,1.0,1,Pellet,Left,46,20,35,0,1.02,45.0,
101,9/5/2023 20:33:30,1.16.3,FR1,5,3.88,,1,Left,Left,47,20,35,0,,,0.14
102,9/5/2023 20:33:35,1.16.3,FR1,5,3.87,1.0,1,Pellet,Left,47,20,36,0,3.41,38.0,
103,9/5/2023 20:34:35,1.16.3,FR1,5,3.87,,1,Left,Left,48,20,36,0,,,0.0
104,9/5/2023 20:34:37,1.16.3,FR1,5,3.88,1.0,1,Pellet,Left,48,20,37,0,1.29,63.0,
105,9/5/2023 20:36:50,1.16.3,FR1,5,3.87,,1,Left,Left,49,20,37,0,,,0.0
106,9/5/2023 20:36:53,1.16.3,FR1,5,3.87,1.0,1,Pellet,Left,49,20,38,0,2.52,136.0,
107,9/5/2023 20:37:23,1.16.3,FR1,5,3.88,,1,Left,Left,50,20,38,0,,,0.04
108,9/5/2023 20:37:26,1.16.3,FR1,5,3.87,1.0,1,Pellet,Left,50,20,39,0,2.11,33.0,
109,9/5/2023 20:37:51,1.16.3,FR1,5,3.88,,1,Left,Left,51,20,39,0,,,0.0
110,9/5/2023 20:37:55,1.16.3,FR1,5,3.87,1.0,1,Pellet,Left,51,20,40,0,2.86,29.0,
111,9/5/2023 20:38:37,1.16.3,FR1,5,3.87,,1,Left,Left,52,20,40,0,,,0.1
112,9/5/2023 20:38:39,1.16.3,FR1,5,3.88,1.0,1,Pellet,Left,52,20,41,0,0.95,44.0,
113,9/5/2023 20:44:11,1.16.3,FR1,5,3.87,,1,Left,Left,53,20,41,0,,,0.17
114,9/5/2023 20:48:33,1.16.3,FR1,5,3.87,1.0,1,Pellet,Left,53,20,42,0,Timed_out,594.0,
115,9/5/2023 21:02:07,1.16.3,FR1,5,3.87,,1,Left,Left,54,20,42,0,,,0.03
116,9/5/2023 21:02:11,1.16.3,FR1,5,3.87,2.0,1,Pellet,Left,54,20,43,0,3.14,818.0,
117,9/5/2023 21:04:17,1.16.3,FR1,5,3.87,,1,Left,Left,55,20,43,0,,,0.0
118,9/5/2023 21:04:21,1.16.3,FR1,5,3.87,1.0,1,Pellet,Left,55,20,44,0,3.82,130.0,
119,9/5/2023 21:05:26,1.16.3,FR1,5,3.88,,1,Left,Left,56,20,44,0,,,0.32
120,9/5/2023 21:05:30,1.16.3,FR1,5,3.87,1.0,1,Pellet,Left,56,20,45,0,2.93,69.0,
121,9/5/2023 21:14:44,1.16.3,FR1,5,3.87,,1,Left,Left,57,20,45,0,,,0.29
122,9/5/2023 21:14:47,1.16.3,FR1,5,3.87,1.0,1,Pellet,Left,57,20,46,0,2.25,557.0,
123,9/5/2023 21:15:17,1.16.3,FR1,5,3.87,,1,Left,Left,58,20,46,0,,,0.09
124,9/5/2023 21:15:24,1.16.3,FR1,5,3.87,1.0,1,Pellet,Left,58,20,47,0,5.74,37.0,
125,9/5/2023 21:16:06,1.16.3,FR1,5,3.88,,1,Left,Left,59,20,47,0,,,0.08
126,9/5/2023 21:16:08,1.16.3,FR1,5,3.87,1.0,1,Pellet,Left,59,20,48,0,1.29,44.0,
127,9/5/2023 21:20:57,1.16.3,FR1,5,3.87,,1,Left,Left,60,20,48,0,,,0.06
128,9/5/2023 21:20:59,1.16.3,FR1,5,3.87,1.0,1,Pellet,Left,60,20,49,0,1.36,291.0,
129,9/5/2023 21:26:21,1.16.3,FR1,5,3.87,,1,Left,Left,61,20,49,0,,,0.09
130,9/5/2023 21:26:22,1.16.3,FR1,5,3.87,1.0,1,Pellet,Left,61,20,50,0,0.75,323.0,
131,9/5/2023 21:29:17,1.16.3,FR1,5,3.87,,1,Left,Left,62,20,50,0,,,0.09
132,9/5/2023 21:29:19,1.16.3,FR1,5,3.87,1.0,1,Pellet,Left,62,20,51,0,1.56,177.0,
133,9/5/2023 21:30:04,1.16.3,FR1,5,3.87,,1,Left,Left,63,20,51,0,,,0.11
134,9/5/2023 21:30:05,1.16.3,FR1,5,3.87,1.0,1,Pellet,Left,63,20,52,0,0.68,46.0,
135,9/5/2023 21:30:38,1.16.3,FR1,5,3.87,,1,Left,Left,64,20,52,0,,,0.05
136,9/5/2023 21:30:40,1.16.3,FR1,5,3.87,1.0,1,Pellet,Left,64,20,53,0,1.29,35.0,
137,9/5/2023 21:36:37,1.16.3,FR1,5,3.88,,1,Left,Left,65,20,53,0,,,0.07
138,9/5/2023 21:36:39,1.16.3,FR1,5,3.87,1.0,1,Pellet,Left,65,20,54,0,1.02,359.0,
139,9/5/2023 21:39:23,1.16.3,FR1,5,3.87,,1,Left,Left,66,20,54,0,,,0.04
140,9/5/2023 21:39:26,1.16.3,FR1,5,3.87,1.0,1,Pellet,Left,66,20,55,0,2.11,167.0,
141,9/5/2023 21:39:46,1.16.3,FR1,5,3.87,,1,Left,Left,67,20,55,0,,,0.0
142,9/5/2023 21:39:47,1.16.3,FR1,5,3.87,,1,LeftDuringDispense,Left,68,20,55,0,,,0.06
143,9/5/2023 21:39:49,1.16.3,FR1,5,3.87,1.0,1,Pellet,Left,68,20,56,0,1.36,23.0,
144,9/5/2023 21:42:18,1.16.3,FR1,5,3.87,,1,Left,Left,69,20,56,0,,,0.04
145,9/5/2023 21:42:20,1.16.3,FR1,5,3.87,2.0,1,Pellet,Left,69,20,57,0,1.29,151.0,
146,9/5/2023 21:51:56,1.16.3,FR1,5,3.87,,1,Left,Left,70,20,57,0,,,0.11
147,9/5/2023 21:51:58,1.16.3,FR1,5,3.87,1.0,1,Pellet,Left,70,20,58,0,1.36,578.0,
148,9/5/2023 21:53:02,1.16.3,FR1,5,3.87,,1,Left,Left,71,20,58,0,,,0.04
149,9/5/2023 21:53:04,1.16.3,FR1,5,3.87,1.0,1,Pellet,Left,71,20,59,0,0.81,66.0,
150,9/5/2023 22:01:18,1.16.3,FR1,5,3.87,,1,Left,Left,72,20,59,0,,,0.08
151,9/5/2023 22:01:20,1.16.3,FR1,5,3.87,1.0,1,Pellet,Left,72,20,60,0,0.68,496.0,
152,9/5/2023 22:03:29,1.16.3,FR1,5,3.87,,1,Left,Left,73,20,60,0,,,0.07
153,9/5/2023 22:03:31,1.16.3,FR1,5,3.87,1.0,1,Pellet,Left,73,20,61,0,1.15,131.0,
154,9/5/2023 22:04:16,1.16.3,FR1,5,3.87,,1,Left,Left,74,20,61,0,,,0.1
155,9/5/2023 22:04:18,1.16.3,FR1,5,3.87,1.0,1,Pellet,Left,74,20,62,0,1.84,47.0,
156,9/5/2023 22:05:02,1.16.3,FR1,5,3.87,,1,Left,Left,75,20,62,0,,,0.03
157,9/5/2023 22:05:03,1.16.3,FR1,5,3.87,1.0,1,Pellet,Left,75,20,63,0,0.68,45.0,
158,9/5/2023 22:05:37,1.16.3,FR1,5,3.88,,1,Left,Left,76,20,63,0,,,0.19
159,9/5/2023 22:05:38,1.16.3,FR1,5,3.87,1.0,1,Pellet,Left,76,20,64,0,0.54,35.0,
160,9/5/2023 22:06:35,1.16.3,FR1,5,3.87,,1,Left,Left,77,20,64,0,,,0.27
161,9/5/2023 22:06:37,1.16.3,FR1,5,3.87,,1,LeftWithPellet,Left,78,20,64,0,,,0.1
162,9/5/2023 22:06:38,1.16.3,FR1,5,3.87,1.0,1,Pellet,Left,78,20,65,0,1.83,60.0,
163,9/5/2023 22:07:33,1.16.3,FR1,5,3.87,,1,Left,Left,79,20,65,0,,,0.05
164,9/5/2023 22:07:35,1.16.3,FR1,5,3.87,1.0,1,Pellet,Left,79,20,66,0,1.22,57.0,
165,9/5/2023 22:14:29,1.16.3,FR1,5,3.87,,1,Left,Left,80,20,66,0,,,0.0
166,9/5/2023 22:14:32,1.16.3,FR1,5,3.87,1.0,1,Pellet,Left,80,20,67,0,1.97,417.0,
167,9/5/2023 22:15:58,1.16.3,FR1,5,3.87,,1,Left,Left,81,20,67,0,,,0.12
168,9/5/2023 22:16:00,1.16.3,FR1,5,3.87,1.0,1,Pellet,Left,81,20,68,0,1.08,88.0,
169,9/5/2023 22:26:13,1.16.3,FR1,5,3.87,,1,Left,Left,82,20,68,0,,,0.02
170,9/5/2023 22:26:16,1.16.3,FR1,5,3.87,1.0,1,Pellet,Left,82,20,69,0,2.80,616.0,
171,9/5/2023 22:32:55,1.16.3,FR1,5,3.87,,1,Left,Left,83,20,69,0,,,0.32
172,9/5/2023 22:32:57,1.16.3,FR1,5,3.87,1.0,1,Pellet,Left,83,20,70,0,1.70,401.0,
173,9/5/2023 22:35:05,1.16.3,FR1,5,3.87,,1,Right,Left,83,21,70,0,,,0.81
174,9/5/2023 22:35:06,1.16.3,FR1,5,3.87,,1,Right,Left,83,22,70,0,,,0.0
175,9/5/2023 22:35:19,1.16.3,FR1,5,3.87,,1,Left,Left,84,22,70,0,,,0.09
176,9/5/2023 22:35:21,1.16.3,FR1,5,3.87,1.0,1,Pellet,Left,84,22,71,0,0.95,144.0,
177,9/5/2023 22:35:47,1.16.3,FR1,5,3.87,,1,Left,Left,85,22,71,0,,,0.17
178,9/5/2023 22:35:49,1.16.3,FR1,5,3.87,1.0,1,Pellet,Left,85,22,72,0,1.29,28.0,
179,9/5/2023 22:36:13,1.16.3,FR1,5,3.87,,1,Left,Left,86,22,72,0,,,0.07
180,9/5/2023 22:36:18,1.16.3,FR1,5,3.87,2.0,1,Pellet,Left,86,22,73,0,1.56,29.0,
181,9/5/2023 22:40:49,1.16.3,FR1,5,3.87,,1,Left,Left,87,22,73,0,,,0.12
182,9/5/2023 22:40:51,1.16.3,FR1,5,3.87,1.0,1,Pellet,Left,87,22,74,0,0.68,273.0,
183,9/5/2023 22:42:00,1.16.3,FR1,5,3.87,,1,Left,Left,88,22,74,0,,,0.31
184,9/5/2023 22:42:01,1.16.3,FR1,5,3.87,1.0,1,Pellet,Left,88,22,75,0,0.61,70.0,
185,9/5/2023 22:42:32,1.16.3,FR1,5,3.87,,1,Left,Left,89,22,75,0,,,0.06
186,9/5/2023 22:42:34,1.16.3,FR1,5,3.87,2.0,1,Pellet,Left,89,22,76,0,0.68,33.0,
187,9/5/2023 22:45:46,1.16.3,FR1,5,3.87,,1,Right,Left,89,23,76,0,,,0.14
188,9/5/2023 22:45:58,1.16.3,FR1,5,3.87,,1,Left,Left,90,23,76,0,,,0.54
189,9/5/2023 22:46:00,1.16.3,FR1,5,3.87,1.0,1,Pellet,Left,90,23,77,0,0.47,206.0,
190,9/5/2023 22:48:52,1.16.3,FR1,5,3.87,,1,Left,Left,91,23,77,0,,,0.13
191,9/5/2023 22:48:54,1.16.3,FR1,5,3.87,1.0,1,Pellet,Left,91,23,78,0,1.09,174.0,
192,9/5/2023 22:49:50,1.16.3,FR1,5,3.87,,1,Left,Left,92,23,78,0,,,0.15
193,9/5/2023 22:49:52,1.16.3,FR1,5,3.87,1.0,1,Pellet,Left,92,23,79,0,1.02,58.0,
194,9/5/2023 22:55:01,1.16.3,FR1,5,3.87,,1,Right,Left,92,24,79,0,,,0.01
195,9/5/2023 22:55:04,1.16.3,FR1,5,3.87,,1,Right,Left,92,25,79,0,,,0.43
196,9/5/2023 22:55:15,1.16.3,FR1,5,3.87,,1,Left,Left,93,25,79,0,,,0.16
197,9/5/2023 22:55:17,1.16.3,FR1,5,3.87,1.0,1,Pellet,Left,93,25,80,0,1.02,325.0,
198,9/5/2023 22:56:04,1.16.3,FR1,5,3.87,,1,Left,Left,94,25,80,0,,,0.27
199,9/5/2023 22:56:05,1.16.3,FR1,5,3.87,1.0,1,Pellet,Left,94,25,81,0,0.68,48.0,
200,9/5/2023 22:58:30,1.16.3,FR1,5,3.87,,1,Left,Left,95,25,81,0,,,0.06
201,9/5/2023 22:58:32,1.16.3,FR1,5,3.87,2.0,1,Pellet,Left,95,25,82,0,0.75,147.0,
202,9/5/2023 23:01:56,1.16.3,FR1,5,3.87,,1,Left,Left,96,25,82,0,,,0.07
203,9/5/2023 23:01:58,1.16.3,FR1,5,3.87,1.0,1,Pellet,Left,96,25,83,0,0.88,206.0,
204,9/5/2023 23:05:18,1.16.3,FR1,5,3.87,,1,Left,Left,97,25,83,0,,,0.07
205,9/5/2023 23:05:18,1.16.3,FR1,5,3.87,,1,LeftDuringDispense,Left,98,25,83,0,,,0.08
206,9/5/2023 23:05:22,1.16.3,FR1,5,3.87,2.0,1,Pellet,Left,98,25,84,0,0.81,204.0,
207,9/5/2023 23:05:58,1.16.3,FR1,5,3.87,,1,Left,Left,99,25,84,0,,,0.19
208,9/5/2023 23:05:59,1.16.3,FR1,5,3.87,1.0,1,Pellet,Left,99,25,85,0,0.81,37.0,
209,9/5/2023 23:12:49,1.16.3,FR1,5,3.87,,1,Left,Left,100,25,85,0,,,0.11
210,9/5/2023 23:12:51,1.16.3,FR1,5,3.87,1.0,1,Pellet,Left,100,25,86,0,1.29,412.0,
211,9/5/2023 23:13:55,1.16.3,FR1,5,3.87,,1,Left,Left,101,25,86,0,,,0.05
212,9/5/2023 23:13:56,1.16.3,FR1,5,3.87,1.0,1,Pellet,Left,101,25,87,0,0.68,65.0,
213,9/5/2023 23:17:48,1.16.3,FR1,5,3.87,,1,Right,Left,101,26,87,0,,,0.07
214,9/5/2023 23:17:53,1.16.3,FR1,5,3.87,,1,Left,Left,102,26,87,0,,,0.09
215,9/5/2023 23:17:55,1.16.3,FR1,5,3.87,1.0,1,Pellet,Left,102,26,88,0,1.15,239.0,
216,9/5/2023 23:18:38,1.16.3,FR1,5,3.87,,1,Left,Left,103,26,88,0,,,0.1
217,9/5/2023 23:18:40,1.16.3,FR1,5,3.87,1.0,1,Pellet,Left,103,26,89,0,0.75,45.0,
218,9/5/2023 23:25:07,1.16.3,FR1,5,3.87,,1,Left,Left,104,26,89,0,,,0.05
219,9/5/2023 23:25:11,1.16.3,FR1,5,3.87,1.0,1,Pellet,Left,104,26,90,0,2.66,391.0,
220,9/5/2023 23:27:59,1.16.3,FR1,5,3.87,,1,Right,Left,104,27,90,0,,,0.42
221,9/5/2023 23:28:01,1.16.3,FR1,5,3.87,,1,Left,Left,105,27,90,0,,,0.06
222,9/5/2023 23:28:04,1.16.3,FR1,5,3.87,1.0,1,Pellet,Left,105,27,91,0,1.43,173.0,
223,9/5/2023 23:29:30,1.16.3,FR1,5,3.87,,1,Left,Left,106,27,91,0,,,0.2
224,9/5/2023 23:29:31,1.16.3,FR1,5,3.87,1.0,1,Pellet,Left,106,27,92,0,0.61,87.0,
225,9/5/2023 23:35:40,1.16.3,FR1,5,3.87,,1,Left,Left,107,27,92,0,,,0.01
226,9/5/2023 23:35:48,1.16.3,FR1,5,3.87,1.0,1,Pellet,Left,107,27,93,0,7.18,377.0,
227,9/5/2023 23:44:49,1.16.3,FR1,5,3.86,,1,Left,Left,108,27,93,0,,,0.15
228,9/5/2023 23:44:51,1.16.3,FR1,5,3.87,1.0,1,Pellet,Left,108,27,94,0,1.09,543.0,
229,9/5/2023 23:48:17,1.16.3,FR1,5,3.87,,1,Left,Left,109,27,94,0,,,0.03
230,9/5/2023 23:48:20,1.16.3,FR1,5,3.87,1.0,1,Pellet,Left,109,27,95,0,1.91,209.0,
231,9/5/2023 23:48:50,1.16.3,FR1,5,3.87,,1,Left,Left,110,27,95,0,,,0.5
232,9/5/2023 23:48:52,1.16.3,FR1,5,3.87,1.0,1,Pellet,Left,110,27,96,0,1.29,32.0,
233,9/5/2023 23:49:31,1.16.3,FR1,5,3.87,,1,Left,Left,111,27,96,0,,,0.11
234,9/5/2023 23:49:33,1.16.3,FR1,5,3.87,1.0,1,Pellet,Left,111,27,97,0,1.70,41.0,
235,9/5/2023 23:54:44,1.16.3,FR1,5,3.87,,1,Left,Left,112,27,97,0,,,0.02
236,9/5/2023 23:54:46,1.16.3,FR1,5,3.87,1.0,1,Pellet,Left,112,27,98,0,1.02,313.0,
237,9/6/2023 0:05:38,1.16.3,FR1,5,3.87,,1,Left,Left,113,27,98,0,,,0.11
238,9/6/2023 0:05:40,1.16.3,FR1,5,3.87,1.0,1,Pellet,Left,113,27,99,0,0.95,654.0,
239,9/6/2023 0:10:03,1.16.3,FR1,5,3.87,,1,Left,Left,114,27,99,0,,,0.04
240,9/6/2023 0:10:06,1.16.3,FR1,5,3.87,1.0,1,Pellet,Left,114,27,100,0,1.97,266.0,
241,9/6/2023 0:11:46,1.16.3,FR1,5,3.87,,1,Left,Left,115,27,100,0,,,0.06
242,9/6/2023 0:11:52,1.16.3,FR1,5,3.87,1.0,1,Pellet,Left,115,27,101,0,4.78,106.0,
243,9/6/2023 0:12:27,1.16.3,FR1,5,3.87,,1,Left,Left,116,27,101,0,,,0.04
244,9/6/2023 0:12:29,1.16.3,FR1,5,3.87,1.0,1,Pellet,Left,116,27,102,0,0.61,37.0,
245,9/6/2023 0:13:07,1.16.3,FR1,5,3.87,,1,Right,Left,116,28,102,0,,,0.46
246,9/6/2023 0:13:15,1.16.3,FR1,5,3.87,,1,Right,Left,116,29,102,0,,,0.3
247,9/6/2023 0:13:58,1.16.3,FR1,5,3.87,,1,Left,Left,117,29,102,0,,,0.08
248,9/6/2023 0:14:00,1.16.3,FR1,5,3.87,1.0,1,Pellet,Left,117,29,103,0,1.36,91.0,
249,9/6/2023 0:14:37,1.16.3,FR1,5,3.87,,1,Left,Left,118,29,103,0,,,0.21
250,9/6/2023 0:14:39,1.16.3,FR1,5,3.87,1.0,1,Pellet,Left,118,29,104,0,0.81,39.0,
251,9/6/2023 0:15:52,1.16.3,FR1,5,3.87,,1,Left,Left,119,29,104,0,,,0.12
252,9/6/2023 0:15:54,1.16.3,FR1,5,3.87,1.0,1,Pellet,Left,119,29,105,0,0.40,74.0,
253,9/6/2023 0:26:26,1.16.3,FR1,5,3.87,,1,Left,Left,120,29,105,0,,,0.07
254,9/6/2023 0:26:27,1.16.3,FR1,5,3.87,1.0,1,Pellet,Left,120,29,106,0,0.75,634.0,
255,9/6/2023 0:28:14,1.16.3,FR1,5,3.87,,1,Left,Left,121,29,106,0,,,0.07
256,9/6/2023 0:28:16,1.16.3,FR1,5,3.87,1.0,1,Pellet,Left,121,29,107,0,1.43,109.0,
257,9/6/2023 0:28:39,1.16.3,FR1,5,3.87,,1,Left,Left,122,29,107,0,,,0.02
258,9/6/2023 0:28:40,1.16.3,FR1,5,3.87,1.0,1,Pellet,Left,122,29,108,0,0.47,24.0,
259,9/6/2023 0:29:10,1.16.3,FR1,5,3.87,,1,Left,Left,123,29,108,0,,,0.0
260,9/6/2023 0:29:11,1.16.3,FR1,5,3.86,1.0,1,Pellet,Left,123,29,109,0,0.41,31.0,
261,9/6/2023 0:29:44,1.16.3,FR1,5,3.87,,1,Left,Left,124,29,109,0,,,0.02
262,9/6/2023 0:29:45,1.16.3,FR1,5,3.87,1.0,1,Pellet,Left,124,29,110,0,0.41,34.0,
263,9/6/2023 0:30:30,1.16.3,FR1,5,3.87,,1,Left,Left,125,29,110,0,,,0.09
264,9/6/2023 0:30:31,1.16.3,FR1,5,3.87,1.0,1,Pellet,Left,125,29,111,0,0.47,46.0,
265,9/6/2023 0:47:47,1.16.3,FR1,5,3.86,,1,Left,Left,126,29,111,0,,,0.12
266,9/6/2023 0:47:51,1.16.3,FR1,5,3.87,2.0,1,Pellet,Left,126,29,112,0,1.50,1040.0,
267,9/6/2023 0:52:30,1.16.3,FR1,5,3.86,,1,Left,Left,127,29,112,0,,,0.17
268,9/6/2023 0:52:31,1.16.3,FR1,5,3.87,,1,LeftDuringDispense,Left,128,29,112,0,,,0.07
269,9/6/2023 0:53:30,1.16.3,FR1,5,3.87,,1,LeftWithPellet,Left,129,29,112,0,,,0.35
270,9/6/2023 0:53:37,1.16.3,FR1,5,3.87,,1,LeftWithPellet,Left,130,29,112,0,,,0.4
271,9/6/2023 0:53:38,1.16.3,FR1,5,3.87,,1,LeftWithPellet,Left,131,29,112,0,,,0.05
272,9/6/2023 0:56:12,1.16.3,FR1,5,3.87,,1,LeftWithPellet,Left,132,29,112,0,,,0.07
273,9/6/2023 0:56:23,1.16.3,FR1,5,3.87,,1,LeftWithPellet,Left,133,29,112,0,,,0.05
274,9/6/2023 0:56:29,1.16.3,FR1,5,3.87,,1,LeftWithPellet,Left,134,29,112,0,,,0.04
275,9/6/2023 0:56:32,1.16.3,FR1,5,3.86,,1,LeftWithPellet,Left,135,29,112,0,,,0.03
276,9/6/2023 0:56:32,1.16.3,FR1,5,3.87,,1,LeftWithPellet,Left,136,29,112,0,,,0.29
277,9/6/2023 0:56:34,1.16.3,FR1,5,3.87,,1,LeftWithPellet,Left,137,29,112,0,,,0.79
278,9/6/2023 0:56:39,1.16.3,FR1,5,3.87,,1,LeftWithPellet,Left,138,29,112,0,,,0.57
279,9/6/2023 0:56:41,1.16.3,FR1,5,3.86,,1,LeftWithPellet,Left,139,29,112,0,,,0.22
280,9/6/2023 0:56:45,1.16.3,FR1,5,3.87,,1,LeftWithPellet,Left,140,29,112,0,,,0.33
281,9/6/2023 0:56:46,1.16.3,FR1,5,3.87,,1,LeftWithPellet,Left,141,29,112,0,,,0.05
282,9/6/2023 0:56:48,1.16.3,FR1,5,3.87,,1,LeftWithPellet,Left,142,29,112,0,,,0.19
283,9/6/2023 1:04:59,1.16.3,FR1,5,3.87,,1,LeftWithPellet,Left,143,29,112,0,,,0.12
284,9/6/2023 1:05:00,1.16.3,FR1,5,3.87,,1,LeftWithPellet,Left,144,29,112,0,,,0.35
285,9/6/2023 1:05:15,1.16.3,FR1,5,3.87,,1,LeftWithPellet,Left,145,29,112,0,,,0.05
286,9/6/2023 1:07:20,1.16.3,FR1,5,3.87,,1,LeftWithPellet,Left,146,29,112,0,,,0.06
287,9/6/2023 1:07:28,1.16.3,FR1,5,3.87,,1,RightWithPellet,Left,146,30,112,0,,,0.75
288,9/6/2023 1:07:30,1.16.3,FR1,5,3.87,,1,LeftWithPellet,Left,147,30,112,0,,,0.09
289,9/6/2023 1:07:34,1.16.3,FR1,5,3.87,,1,LeftWithPellet,Left,148,30,112,0,,,0.05
290,9/6/2023 1:07:39,1.16.3,FR1,5,3.86,,1,RightWithPellet,Left,148,31,112,0,,,0.07
291,9/6/2023 1:09:06,1.16.3,FR1,5,3.87,,1,LeftWithPellet,Left,149,31,112,0,,,0.08
292,9/6/2023 1:09:21,1.16.3,FR1,5,3.86,,1,LeftWithPellet,Left,150,31,112,0,,,0.17
293,9/6/2023 1:09:23,1.16.3,FR1,5,3.87,,1,LeftWithPellet,Left,151,31,112,0,,,0.09
294,9/6/2023 1:09:26,1.16.3,FR1,5,3.87,,1,RightWithPellet,Left,151,32,112,0,,,0.07
295,9/6/2023 1:09:28,1.16.3,FR1,5,3.87,,1,RightWithPellet,Left,151,33,112,0,,,0.38
296,9/6/2023 1:09:31,1.16.3,FR1,5,3.87,,1,LeftWithPellet,Left,152,33,112,0,,,0.06
297,9/6/2023 1:09:35,1.16.3,FR1,5,3.86,,1,LeftWithPellet,Left,153,33,112,0,,,0.54
298,9/6/2023 1:09:37,1.16.3,FR1,5,3.87,,1,LeftWithPellet,Left,154,33,112,0,,,0.92
299,9/6/2023 1:09:40,1.16.3,FR1,5,3.87,,1,LeftWithPellet,Left,155,33,112,0,,,0.28
300,9/6/2023 1:09:42,1.16.3,FR1,5,3.87,,1,LeftWithPellet,Left,156,33,112,0,,,0.11
301,9/6/2023 1:09:48,1.16.3,FR1,5,3.87,,1,LeftWithPellet,Left,157,33,112,0,,,0.12
302,9/6/2023 1:09:50,1.16.3,FR1,5,3.86,,1,LeftWithPellet,Left,158,33,112,0,,,0.22
303,9/6/2023 1:16:18,1.16.3,FR1,5,3.87,,1,RightWithPellet,Left,158,34,112,0,,,0.02
304,9/6/2023 1:17:42,1.16.3,FR1,5,3.87,,1,RightWithPellet,Left,158,35,112,0,,,0.29
305,9/6/2023 1:17:58,1.16.3,FR1,5,3.87,,1,RightWithPellet,Left,158,36,112,0,,,0.02
306,9/6/2023 1:18:24,1.16.3,FR1,5,3.87,,1,LeftWithPellet,Left,159,36,112,0,,,0.42
307,9/6/2023 1:18:31,1.16.3,FR1,5,3.87,,1,LeftWithPellet,Left,160,36,112,0,,,1.05
308,9/6/2023 1:18:32,1.16.3,FR1,5,3.86,,1,LeftWithPellet,Left,161,36,112,0,,,0.33
309,9/6/2023 1:23:05,1.16.3,FR1,5,3.86,,1,LeftWithPellet,Left,162,36,112,0,,,0.04
310,9/6/2023 1:24:00,1.16.3,FR1,5,3.87,,1,LeftWithPellet,Left,163,36,112,0,,,0.03
311,9/6/2023 1:24:01,1.16.3,FR1,5,3.87,,1,LeftWithPellet,Left,164,36,112,0,,,0.14
312,9/6/2023 1:24:04,1.16.3,FR1,5,3.87,,1,LeftWithPellet,Left,165,36,112,0,,,0.51
313,9/6/2023 1:25:21,1.16.3,FR1,5,3.87,,1,LeftWithPellet,Left,166,36,112,0,,,0.08
314,9/6/2023 1:25:25,1.16.3,FR1,5,3.86,,1,RightWithPellet,Left,166,37,112,0,,,0.0
315,9/6/2023 1:27:55,1.16.3,FR1,5,3.86,,1,LeftWithPellet,Left,167,37,112,0,,,0.3
316,9/6/2023 1:28:03,1.16.3,FR1,5,3.87,,1,RightWithPellet,Left,167,38,112,0,,,0.03
317,9/6/2023 1:28:04,1.16.3,FR1,5,3.87,,1,LeftWithPellet,Left,168,38,112,0,,,0.12
318,9/6/2023 1:28:05,1.16.3,FR1,5,3.86,,1,LeftWithPellet,Left,169,38,112,0,,,0.38
319,9/6/2023 1:28:12,1.16.3,FR1,5,3.86,,1,LeftWithPellet,Left,170,38,112,0,,,0.14
320,9/6/2023 1:34:02,1.16.3,FR1,5,3.87,,1,LeftWithPellet,Left,171,38,112,0,,,0.16
321,9/6/2023 1:42:35,1.16.3,FR1,5,3.86,2.0,1,Pellet,Left,171,38,113,0,Timed_out,3284.0,
322,9/6/2023 1:51:15,1.16.3,FR1,5,3.87,,1,Right,Left,171,39,113,0,,,0.07
323,9/6/2023 1:51:31,1.16.3,FR1,5,3.87,,1,Left,Left,172,39,113,0,,,0.04
324,9/6/2023 1:51:33,1.16.3,FR1,5,3.86,1.0,1,Pellet,Left,172,39,114,0,0.95,538.0,
325,9/6/2023 1:52:36,1.16.3,FR1,5,3.87,,1,Left,Left,173,39,114,0,,,0.08
326,9/6/2023 1:52:39,1.16.3,FR1,5,3.87,1.0,1,Pellet,Left,173,39,115,0,2.04,66.0,
327,9/6/2023 1:53:07,1.16.3,FR1,5,3.87,,1,Right,Left,173,40,115,0,,,0.03
328,9/6/2023 1:53:24,1.16.3,FR1,5,3.85,,1,Left,Left,174,40,115,0,,,0.05
329,9/6/2023 1:53:26,1.16.3,FR1,5,3.87,1.0,1,Pellet,Left,174,40,116,0,1.09,46.0,
330,9/6/2023 1:54:21,1.16.3,FR1,5,3.87,,1,Left,Left,175,40,116,0,,,0.35
331,9/6/2023 1:54:23,1.16.3,FR1,5,3.87,1.0,1,Pellet,Left,175,40,117,0,0.47,57.0,
332,9/6/2023 1:54:48,1.16.3,FR1,5,3.86,,1,Left,Left,176,40,117,0,,,0.03
333,9/6/2023 1:54:49,1.16.3,FR1,5,3.87,1.0,1,Pellet,Left,176,40,118,0,0.47,27.0,
334,9/6/2023 1:55:27,1.16.3,FR1,5,3.86,,1,Left,Left,177,40,118,0,,,0.18
335,9/6/2023 1:55:31,1.16.3,FR1,5,3.86,3.0,1,Pellet,Left,177,40,119,0,1.15,42.0,
336,9/6/2023 1:56:03,1.16.3,FR1,5,3.86,,1,Left,Left,178,40,119,0,,,0.02
337,9/6/2023 1:56:07,1.16.3,FR1,5,3.86,3.0,1,Pellet,Left,178,40,120,0,0.88,36.0,
338,9/6/2023 1:56:41,1.16.3,FR1,5,3.87,,1,Left,Left,179,40,120,0,,,0.08
339,9/6/2023 1:57:03,1.16.3,FR1,5,3.87,3.0,1,Pellet,Left,179,40,121,0,18.82,56.0,
340,9/6/2023 1:57:42,1.16.3,FR1,5,3.86,,1,Left,Left,180,40,121,0,,,0.11
341,9/6/2023 1:57:43,1.16.3,FR1,5,3.87,2.0,1,Pellet,Left,180,40,122,0,0.54,40.0,
342,9/6/2023 1:58:10,1.16.3,FR1,5,3.87,,1,Left,Left,181,40,122,0,,,0.07
343,9/6/2023 1:58:10,1.16.3,FR1,5,3.86,,1,LeftDuringDispense,Left,182,40,122,0,,,0.02
344,9/6/2023 1:58:11,1.16.3,FR1,5,3.86,1.0,1,Pellet,Left,182,40,123,0,0.75,28.0,
345,9/6/2023 1:58:36,1.16.3,FR1,5,3.87,,1,Left,Left,183,40,123,0,,,0.13
346,9/6/2023 1:58:38,1.16.3,FR1,5,3.86,2.0,1,Pellet,Left,183,40,124,0,0.61,27.0,
347,9/6/2023 1:59:09,1.16.3,FR1,5,3.86,,1,Left,Left,184,40,124,0,,,0.06
348,9/6/2023 1:59:42,1.16.3,FR1,5,3.86,2.0,1,Pellet,Left,184,40,125,0,29.67,63.0,
349,9/6/2023 2:04:43,1.16.3,FR1,5,3.86,,1,Left,Left,185,40,125,0,,,0.07
350,9/6/2023 2:04:44,1.16.3,FR1,5,3.87,1.0,1,Pellet,Left,185,40,126,0,0.40,303.0,
351,9/6/2023 2:05:29,1.16.3,FR1,5,3.86,,1,Left,Left,186,40,126,0,,,0.1
352,9/6/2023 2:05:30,1.16.3,FR1,5,3.87,1.0,1,Pellet,Left,186,40,127,0,0.54,46.0,
353,9/6/2023 2:12:19,1.16.3,FR1,5,3.86,,1,Left,Left,187,40,127,0,,,0.07
354,9/6/2023 2:12:20,1.16.3,FR1,5,3.87,1.0,1,Pellet,Left,187,40,128,0,0.68,410.0,
355,9/6/2023 2:13:19,1.16.3,FR1,5,3.86,,1,Left,Left,188,40,128,0,,,0.02
356,9/6/2023 2:13:20,1.16.3,FR1,5,3.87,1.0,1,Pellet,Left,188,40,129,0,0.61,60.0,
357,9/6/2023 2:23:07,1.16.3,FR1,5,3.85,,1,Left,Left,189,40,129,0,,,0.07
358,9/6/2023 2:23:08,1.16.3,FR1,5,3.87,,1,LeftDuringDispense,Left,190,40,129,0,,,0.13
359,9/6/2023 2:23:08,1.16.3,FR1,5,3.86,,1,LeftDuringDispense,Left,191,40,129,0,,,0.0
360,9/6/2023 2:23:09,1.16.3,FR1,5,3.85,,1,LeftDuringDispense,Left,192,40,129,0,,,0.1
361,9/6/2023 2:23:34,1.16.3,FR1,5,3.87,2.0,1,Pellet,Left,192,40,130,0,22.95,614.0,
362,9/6/2023 2:24:15,1.16.3,FR1,5,3.86,,1,Left,Left,193,40,130,0,,,0.1
363,9/6/2023 2:24:16,1.16.3,FR1,5,3.86,1.0,1,Pellet,Left,193,40,131,0,0.47,42.0,
364,9/6/2023 2:36:49,1.16.3,FR1,5,3.87,,1,Left,Left,194,40,131,0,,,0.02
365,9/6/2023 2:36:50,1.16.3,FR1,5,3.86,1.0,1,Pellet,Left,194,40,132,0,0.68,754.0,
366,9/6/2023 2:37:27,1.16.3,FR1,5,3.87,,1,Left,Left,195,40,132,0,,,0.07
367,9/6/2023 2:37:29,1.16.3,FR1,5,3.86,1.0,1,Pellet,Left,195,40,133,0,0.88,39.0,
368,9/6/2023 2:38:33,1.16.3,FR1,5,3.87,,1,Left,Left,196,40,133,0,,,0.23
369,9/6/2023 2:38:35,1.16.3,FR1,5,3.87,1.0,1,Pellet,Left,196,40,134,0,0.81,66.0,
370,9/6/2023 2:46:10,1.16.3,FR1,5,3.86,,1,Left,Left,197,40,134,0,,,0.08
371,9/6/2023 2:46:11,1.16.3,FR1,5,3.86,1.0,1,Pellet,Left,197,40,135,0,0.41,456.0,
372,9/6/2023 2:47:48,1.16.3,FR1,5,3.86,,1,Right,Left,197,41,135,0,,,0.03
373,9/6/2023 2:47:50,1.16.3,FR1,5,3.86,,1,Left,Left,198,41,135,0,,,0.03
374,9/6/2023 2:47:51,1.16.3,FR1,5,3.86,1.0,1,Pellet,Left,198,41,136,0,0.61,100.0,
375,9/6/2023 3:02:55,1.16.3,FR1,5,3.86,,1,Left,Left,199,41,136,0,,,0.08
376,9/6/2023 3:02:58,1.16.3,FR1,5,3.86,2.0,1,Pellet,Left,199,41,137,0,0.61,907.0,
377,9/6/2023 3:03:31,1.16.3,FR1,5,3.86,,1,Left,Left,200,41,137,0,,,0.06
378,9/6/2023 3:03:33,1.16.3,FR1,5,3.86,1.0,1,Pellet,Left,200,41,138,0,0.88,35.0,
379,9/6/2023 3:04:18,1.16.3,FR1,5,3.87,,1,Left,Left,201,41,138,0,,,0.03
380,9/6/2023 3:04:20,1.16.3,FR1,5,3.86,1.0,1,Pellet,Left,201,41,139,0,1.22,47.0,
381,9/6/2023 3:09:43,1.16.3,FR1,5,3.86,,1,Left,Left,202,41,139,0,,,0.03
382,9/6/2023 3:10:01,1.16.3,FR1,5,3.86,1.0,1,Pellet,Left,202,41,140,0,16.91,341.0,
383,9/6/2023 3:14:06,1.16.3,FR1,5,3.86,,1,Right,Left,202,42,140,0,,,0.05
384,9/6/2023 3:21:40,1.16.3,FR1,5,3.87,,1,Left,Left,203,42,140,0,,,0.03
385,9/6/2023 3:21:41,1.16.3,FR1,5,3.85,,1,LeftDuringDispense,Left,204,42,140,0,,,0.01
386,9/6/2023 3:22:14,1.16.3,FR1,5,3.86,2.0,1,Pellet,Left,204,42,141,0,30.70,733.0,
387,9/6/2023 3:25:11,1.16.3,FR1,5,3.86,,1,Left,Left,205,42,141,0,,,0.05
388,9/6/2023 3:25:14,1.16.3,FR1,5,3.86,1.0,1,Pellet,Left,205,42,142,0,1.50,180.0,
389,9/6/2023 3:30:38,1.16.3,FR1,5,3.86,,1,Left,Left,206,42,142,0,,,0.13
390,9/6/2023 3:30:42,1.16.3,FR1,5,3.86,1.0,1,Pellet,Left,206,42,143,0,2.32,327.0,
391,9/6/2023 3:36:29,1.16.3,FR1,5,3.86,,1,Left,Left,207,42,143,0,,,0.01
392,9/6/2023 3:36:33,1.16.3,FR1,5,3.86,2.0,1,Pellet,Left,207,42,144,0,1.29,352.0,
393,9/6/2023 3:56:49,1.16.3,FR1,5,3.85,,1,Left,Left,208,42,144,0,,,0.07
394,9/6/2023 3:56:50,1.16.3,FR1,5,3.86,1.0,1,Pellet,Left,208,42,145,0,0.61,1217.0,
395,9/6/2023 3:58:02,1.16.3,FR1,5,3.85,,1,Left,Left,209,42,145,0,,,0.03
396,9/6/2023 3:58:04,1.16.3,FR1,5,3.85,1.0,1,Pellet,Left,209,42,146,0,0.75,74.0,
397,9/6/2023 3:58:42,1.16.3,FR1,5,3.86,,1,Left,Left,210,42,146,0,,,0.06
398,9/6/2023 3:58:44,1.16.3,FR1,5,3.85,1.0,1,Pellet,Left,210,42,147,0,1.77,40.0,
399,9/6/2023 3:59:16,1.16.3,FR1,5,3.86,,1,Left,Left,211,42,147,0,,,0.05
400,9/6/2023 3:59:17,1.16.3,FR1,5,3.86,,1,LeftDuringDispense,Left,212,42,147,0,,,0.02
401,9/6/2023 3:59:20,1.16.3,FR1,5,3.86,2.0,1,Pellet,Left,212,42,148,0,0.95,36.0,
402,9/6/2023 3:59:57,1.16.3,FR1,5,3.86,,1,Left,Left,213,42,148,0,,,0.13
403,9/6/2023 3:59:59,1.16.3,FR1,5,3.86,1.0,1,Pellet,Left,213,42,149,0,0.75,39.0,
404,9/6/2023 4:01:10,1.16.3,FR1,5,3.86,,1,Left,Left,214,42,149,0,,,0.06
405,9/6/2023 4:01:12,1.16.3,FR1,5,3.86,1.0,1,Pellet,Left,214,42,150,0,0.68,73.0,
406,9/6/2023 4:08:09,1.16.3,FR1,5,3.86,,1,Left,Left,215,42,150,0,,,0.09
407,9/6/2023 4:08:10,1.16.3,FR1,5,3.86,,1,LeftDuringDispense,Left,216,42,150,0,,,0.01
408,9/6/2023 4:08:14,1.16.3,FR1,5,3.86,2.0,1,Pellet,Left,216,42,151,0,1.36,422.0,
409,9/6/2023 4:08:43,1.16.3,FR1,5,3.86,,1,Left,Left,217,42,151,0,,,0.15
410,9/6/2023 4:08:45,1.16.3,FR1,5,3.85,1.0,1,Pellet,Left,217,42,152,0,0.68,31.0,
411,9/6/2023 4:09:18,1.16.3,FR1,5,3.85,,1,Left,Left,218,42,152,0,,,0.04
412,9/6/2023 4:09:19,1.16.3,FR1,5,3.86,1.0,1,Pellet,Left,218,42,153,0,0.95,34.0,
413,9/6/2023 5:37:03,1.16.3,FR1,5,3.85,,1,Left,Left,219,42,153,0,,,0.26
414,9/6/2023 5:37:04,1.16.3,FR1,5,3.85,2.0,1,Pellet,Left,219,42,154,0,0.81,5265.0,
415,9/6/2023 5:37:36,1.16.3,FR1,5,3.85,,1,Left,Left,220,42,154,0,,,0.33
416,9/6/2023 5:37:38,1.16.3,FR1,5,3.85,1.0,1,Pellet,Left,220,42,155,0,1.09,34.0,
417,9/6/2023 5:38:34,1.16.3,FR1,5,3.86,,1,Left,Left,221,42,155,0,,,0.17
418,9/6/2023 5:38:59,1.16.3,FR1,5,3.86,2.0,1,Pellet,Left,221,42,156,0,23.78,81.0,
419,9/6/2023 5:40:23,1.16.3,FR1,5,3.86,,1,Right,Left,221,43,156,0,,,0.02
420,9/6/2023 5:40:38,1.16.3,FR1,5,3.85,,1,Left,Left,222,43,156,0,,,0.11
421,9/6/2023 5:51:53,1.16.3,FR1,5,3.85,,1,LeftDuringDispense,Left,223,43,156,0,,,0.28
422,9/6/2023 5:51:54,1.16.3,FR1,5,3.84,,1,LeftDuringDispense,Left,224,43,156,0,,,0.3
423,9/6/2023 5:51:56,1.16.3,FR1,5,3.85,,1,LeftDuringDispense,Left,225,43,156,0,,,0.38
424,9/6/2023 5:51:59,1.16.3,FR1,5,3.84,,1,LeftDuringDispense,Left,226,43,156,0,,,0.5
425,9/6/2023 5:52:03,1.16.3,FR1,5,3.84,,1,LeftDuringDispense,Left,227,43,156,0,,,0.54
426,9/6/2023 5:52:14,1.16.3,FR1,5,3.83,,1,LeftDuringDispense,Left,228,43,156,0,,,0.03
427,9/6/2023 5:52:16,1.16.3,FR1,5,3.84,,1,LeftDuringDispense,Left,229,43,156,0,,,0.03
428,9/6/2023 5:52:17,1.16.3,FR1,5,3.84,,1,LeftDuringDispense,Left,230,43,156,0,,,0.07
429,9/6/2023 5:52:19,1.16.3,FR1,5,3.84,,1,LeftDuringDispense,Left,231,43,156,0,,,0.06
430,9/6/2023 5:52:20,1.16.3,FR1,5,3.85,,1,LeftDuringDispense,Left,232,43,156,0,,,0.42
431,9/6/2023 5:52:20,1.16.3,FR1,5,3.84,,1,LeftDuringDispense,Left,233,43,156,0,,,0.34
432,9/6/2023 5:52:21,1.16.3,FR1,5,3.85,,1,LeftDuringDispense,Left,234,43,156,0,,,0.08
433,9/6/2023 5:52:25,1.16.3,FR1,5,3.84,,1,LeftDuringDispense,Left,235,43,156,0,,,0.39
434,9/6/2023 5:52:33,1.16.3,FR1,5,3.84,,1,LeftDuringDispense,Left,236,43,156,0,,,0.03
435,9/6/2023 5:52:36,1.16.3,FR1,5,3.84,,1,LeftDuringDispense,Left,237,43,156,0,,,0.16
436,9/6/2023 5:52:37,1.16.3,FR1,5,3.85,,1,LeftDuringDispense,Left,238,43,156,0,,,0.13
437,9/6/2023 5:52:41,1.16.3,FR1,5,3.84,,1,LeftDuringDispense,Left,239,43,156,0,,,0.07
438,9/6/2023 5:52:41,1.16.3,FR1,5,3.84,,1,LeftDuringDispense,Left,240,43,156,0,,,0.12
439,9/6/2023 5:52:57,1.16.3,FR1,5,3.83,,1,LeftDuringDispense,Left,241,43,156,0,,,0.12
440,9/6/2023 5:52:59,1.16.3,FR1,5,3.84,,1,LeftDuringDispense,Left,242,43,156,0,,,0.2
441,9/6/2023 5:53:00,1.16.3,FR1,5,3.85,,1,LeftDuringDispense,Left,243,43,156,0,,,0.22
442,9/6/2023 5:53:03,1.16.3,FR1,5,3.84,,1,LeftDuringDispense,Left,244,43,156,0,,,0.36
443,9/6/2023 5:53:06,1.16.3,FR1,5,3.84,,1,LeftDuringDispense,Left,245,43,156,0,,,0.1
444,9/6/2023 5:53:06,1.16.3,FR1,5,3.85,,1,LeftDuringDispense,Left,246,43,156,0,,,0.09
445,9/6/2023 5:53:06,1.16.3,FR1,5,3.84,,1,LeftDuringDispense,Left,247,43,156,0,,,0.03
446,9/6/2023 5:53:11,1.16.3,FR1,5,3.85,,1,LeftDuringDispense,Left,248,43,156,0,,,0.23
447,9/6/2023 5:53:12,1.16.3,FR1,5,3.85,,1,LeftDuringDispense,Left,249,43,156,0,,,0.96
448,9/6/2023 5:53:15,1.16.3,FR1,5,3.85,,1,LeftDuringDispense,Left,250,43,156,0,,,0.06
449,9/6/2023 5:53:23,1.16.3,FR1,5,3.84,,1,LeftDuringDispense,Left,251,43,156,0,,,0.16
450,9/6/2023 5:53:25,1.16.3,FR1,5,3.84,,1,LeftDuringDispense,Left,252,43,156,0,,,0.01
451,9/6/2023 5:53:26,1.16.3,FR1,5,3.83,,1,LeftDuringDispense,Left,253,43,156,0,,,0.11
452,9/6/2023 5:53:34,1.16.3,FR1,5,3.83,,1,RightDuringDispense,Left,253,44,156,0,,,0.16
453,9/6/2023 5:53:34,1.16.3,FR1,5,3.84,,1,RightDuringDispense,Left,253,45,156,0,,,0.05
454,9/6/2023 5:53:58,1.16.3,FR1,5,3.84,,1,LeftDuringDispense,Left,254,45,156,0,,,0.41
455,9/6/2023 5:54:00,1.16.3,FR1,5,3.84,,1,LeftDuringDispense,Left,255,45,156,0,,,0.21
456,9/6/2023 5:54:01,1.16.3,FR1,5,3.84,,1,LeftDuringDispense,Left,256,45,156,0,,,0.28
457,9/6/2023 6:07:11,1.16.3,FR1,5,3.83,,1,LeftDuringDispense,Left,257,45,156,0,,,0.66
458,9/6/2023 6:26:39,1.16.3,FR1,5,3.82,,1,LeftDuringDispense,Left,258,45,156,0,,,0.05
459,9/6/2023 6:32:42,1.16.3,FR1,5,3.82,,1,LeftDuringDispense,Left,259,45,156,0,,,0.14
460,9/6/2023 6:32:45,1.16.3,FR1,5,3.82,,1,RightDuringDispense,Left,259,46,156,0,,,0.01
461,9/6/2023 6:32:50,1.16.3,FR1,5,3.81,,1,LeftDuringDispense,Left,260,46,156,0,,,0.09
462,9/6/2023 6:32:59,1.16.3,FR1,5,3.82,,1,LeftDuringDispense,Left,261,46,156,0,,,0.02
463,9/6/2023 6:36:02,1.16.3,FR1,5,3.82,,1,LeftDuringDispense,Left,262,46,156,0,,,0.02
464,9/6/2023 6:36:15,1.16.3,FR1,5,3.82,,1,LeftDuringDispense,Left,263,46,156,0,,,0.05
465,9/6/2023 6:38:09,1.16.3,FR1,5,3.82,,1,LeftDuringDispense,Left,264,46,156,0,,,0.34
466,9/6/2023 6:38:10,1.16.3,FR1,5,3.82,,1,LeftDuringDispense,Left,265,46,156,0,,,0.26
467,9/6/2023 6:38:11,1.16.3,FR1,5,3.82,,1,LeftDuringDispense,Left,266,46,156,0,,,0.13
468,9/6/2023 6:38:11,1.16.3,FR1,5,3.82,,1,LeftDuringDispense,Left,267,46,156,0,,,0.1
469,9/6/2023 6:38:12,1.16.3,FR1,5,3.82,,1,LeftDuringDispense,Left,268,46,156,0,,,0.58
470,9/6/2023 6:38:13,1.16.3,FR1,5,3.82,,1,LeftDuringDispense,Left,269,46,156,0,,,0.15
471,9/6/2023 6:38:15,1.16.3,FR1,5,3.82,,1,LeftDuringDispense,Left,270,46,156,0,,,0.11
472,9/6/2023 6:38:16,1.16.3,FR1,5,3.82,,1,LeftDuringDispense,Left,271,46,156,0,,,0.42
473,9/6/2023 6:38:18,1.16.3,FR1,5,3.82,,1,LeftDuringDispense,Left,272,46,156,0,,,0.71
474,9/6/2023 6:38:22,1.16.3,FR1,5,3.82,,1,LeftDuringDispense,Left,273,46,156,0,,,1.06
475,9/6/2023 6:38:22,1.16.3,FR1,5,3.82,,1,LeftDuringDispense,Left,274,46,156,0,,,0.02
476,9/6/2023 6:38:24,1.16.3,FR1,5,3.82,,1,LeftDuringDispense,Left,275,46,156,0,,,1.49
477,9/6/2023 6:38:25,1.16.3,FR1,5,3.82,,1,LeftDuringDispense,Left,276,46,156,0,,,0.55
478,9/6/2023 6:38:25,1.16.3,FR1,5,3.82,,1,LeftDuringDispense,Left,277,46,156,0,,,0.14
479,9/6/2023 6:38:26,1.16.3,FR1,5,3.82,,1,LeftDuringDispense,Left,278,46,156,0,,,0.5
480,9/6/2023 6:38:27,1.16.3,FR1,5,3.82,,1,LeftDuringDispense,Left,279,46,156,0,,,0.09
481,9/6/2023 6:38:32,1.16.3,FR1,5,3.82,,1,LeftDuringDispense,Left,280,46,156,0,,,2.63
482,9/6/2023 6:38:33,1.16.3,FR1,5,3.82,,1,LeftDuringDispense,Left,281,46,156,0,,,0.14
483,9/6/2023 6:38:33,1.16.3,FR1,5,3.82,,1,LeftDuringDispense,Left,282,46,156,0,,,0.47
484,9/6/2023 6:38:35,1.16.3,FR1,5,3.82,,1,LeftDuringDispense,Left,283,46,156,0,,,0.04
485,9/6/2023 6:38:36,1.16.3,FR1,5,3.82,,1,LeftDuringDispense,Left,284,46,156,0,,,0.11
486,9/6/2023 6:38:36,1.16.3,FR1,5,3.82,,1,LeftDuringDispense,Left,285,46,156,0,,,0.37
487,9/6/2023 6:38:40,1.16.3,FR1,5,3.82,,1,LeftDuringDispense,Left,286,46,156,0,,,0.85
488,9/6/2023 6:39:12,1.16.3,FR1,5,3.82,,1,RightDuringDispense,Left,286,47,156,0,,,0.98
489,9/6/2023 6:39:15,1.16.3,FR1,5,3.82,,1,RightDuringDispense,Left,286,48,156,0,,,0.82
490,9/6/2023 6:39:18,1.16.3,FR1,5,3.82,,1,RightDuringDispense,Left,286,49,156,0,,,2.06
491,9/6/2023 6:39:19,1.16.3,FR1,5,3.82,,1,RightDuringDispense,Left,286,50,156,0,,,1.14
492,9/6/2023 6:39:20,1.16.3,FR1,5,3.82,,1,RightDuringDispense,Left,286,51,156,0,,,0.23
493,9/6/2023 6:39:21,1.16.3,FR1,5,3.82,,1,RightDuringDispense,Left,286,52,156,0,,,0.89
494,9/6/2023 6:39:26,1.16.3,FR1,5,3.82,,1,LeftDuringDispense,Left,287,52,156,0,,,0.02
495,9/6/2023 6:39:27,1.16.3,FR1,5,3.82,,1,LeftDuringDispense,Left,288,52,156,0,,,0.52
496,9/6/2023 6:39:28,1.16.3,FR1,5,3.82,,1,LeftDuringDispense,Left,289,52,156,0,,,0.27
497,9/6/2023 6:50:29,1.16.3,FR1,5,3.81,,1,RightDuringDispense,Left,289,53,156,0,,,0.09
498,9/6/2023 6:50:33,1.16.3,FR1,5,3.82,,1,RightDuringDispense,Left,289,54,156,0,,,0.1
499,9/6/2023 6:50:35,1.16.3,FR1,5,3.82,,1,LeftDuringDispense,Left,290,54,156,0,,,0.1
500,9/6/2023 6:50:38,1.16.3,FR1,5,3.81,,1,LeftDuringDispense,Left,291,54,156,0,,,0.1
501,9/6/2023 6:50:45,1.16.3,FR1,5,3.81,,1,LeftDuringDispense,Left,292,54,156,0,,,0.1
502,9/6/2023 6:50:52,1.16.3,FR1,5,3.82,,1,LeftDuringDispense,Left,293,54,156,0,,,0.01
503,9/6/2023 6:50:53,1.16.3,FR1,5,3.82,,1,LeftDuringDispense,Left,294,54,156,0,,,0.51
504,9/6/2023 6:50:54,1.16.3,FR1,5,3.82,,1,LeftDuringDispense,Left,295,54,156,0,,,0.12
505,9/6/2023 6:50:54,1.16.3,FR1,5,3.81,,1,LeftDuringDispense,Left,296,54,156,0,,,0.53
506,9/6/2023 6:54:06,1.16.3,FR1,5,3.81,,1,LeftDuringDispense,Left,297,54,156,0,,,0.2
507,9/6/2023 6:54:07,1.16.3,FR1,5,3.81,,1,LeftDuringDispense,Left,298,54,156,0,,,0.2
508,9/6/2023 6:54:10,1.16.3,FR1,5,3.8,,1,RightDuringDispense,Left,298,55,156,0,,,0.21
509,9/6/2023 6:54:11,1.16.3,FR1,5,3.81,,1,RightDuringDispense,Left,298,56,156,0,,,0.0
510,9/6/2023 6:56:37,1.16.3,FR1,5,3.81,1491.0,1,Pellet,Left,298,56,157,0,0.06,4658.0,
511,9/6/2023 6:58:47,1.16.3,FR1,5,3.81,,1,Left,Left,299,56,157,0,,,0.12
512,9/6/2023 6:59:34,1.16.3,FR1,5,3.81,,1,LeftDuringDispense,Left,300,56,157,0,,,0.25
513,9/6/2023 7:01:13,1.16.3,FR1,5,3.8,,1,RightDuringDispense,Left,300,57,157,0,,,0.01
514,9/6/2023 7:03:19,1.16.3,FR1,5,3.8,,1,RightDuringDispense,Left,300,58,157,0,,,0.01
515,9/6/2023 7:07:26,1.16.3,FR1,5,3.8,,1,RightDuringDispense,Left,300,59,157,0,,,0.02
516,9/6/2023 7:07:26,1.16.3,FR1,5,3.8,,1,RightDuringDispense,Left,300,60,157,0,,,0.12
517,9/6/2023 7:09:06,1.16.3,FR1,5,3.8,,1,LeftDuringDispense,Left,301,60,157,0,,,0.09
518,9/6/2023 7:09:28,1.16.3,FR1,5,3.8,,1,LeftDuringDispense,Left,302,60,157,0,,,0.03
519,9/6/2023 7:12:20,1.16.3,FR1,5,3.8,,1,RightDuringDispense,Left,302,61,157,0,,,0.12
520,9/6/2023 7:12:21,1.16.3,FR1,5,3.8,,1,RightDuringDispense,Left,302,62,157,0,,,0.21
521,9/6/2023 7:12:22,1.16.3,FR1,5,3.8,,1,RightDuringDispense,Left,302,63,157,0,,,1.17
522,9/6/2023 7:12:24,1.16.3,FR1,5,3.81,,1,RightDuringDispense,Left,302,64,157,0,,,1.36
523,9/6/2023 7:12:24,1.16.3,FR1,5,3.8,,1,RightDuringDispense,Left,302,65,157,0,,,0.14
524,9/6/2023 7:12:26,1.16.3,FR1,5,3.8,,1,RightDuringDispense,Left,302,66,157,0,,,1.03
525,9/6/2023 7:12:27,1.16.3,FR1,5,3.8,,1,RightDuringDispense,Left,302,67,157,0,,,0.91
526,9/6/2023 7:12:28,1.16.3,FR1,5,3.8,,1,RightDuringDispense,Left,302,68,157,0,,,0.33
527,9/6/2023 7:16:10,1.16.3,FR1,5,3.8,,1,LeftDuringDispense,Left,303,68,157,0,,,0.04
528,9/6/2023 7:18:00,1.16.3,FR1,5,3.8,,1,RightDuringDispense,Left,303,69,157,0,,,1.12
529,9/6/2023 7:18:00,1.16.3,FR1,5,3.8,,1,RightDuringDispense,Left,303,70,157,0,,,0.15
530,9/6/2023 7:18:05,1.16.3,FR1,5,3.8,,1,LeftDuringDispense,Left,304,70,157,0,,,0.06
531,9/6/2023 7:18:19,1.16.3,FR1,5,3.8,386.0,1,Pellet,Left,304,70,158,0,0.06,1302.0,
532,9/6/2023 7:18:27,1.16.3,FR1,5,3.8,,1,Right,Left,304,71,158,0,,,0.04
533,9/6/2023 7:18:30,1.16.3,FR1,5,3.8,,1,Left,Left,305,71,158,0,,,0.15
534,9/6/2023 7:18:44,1.16.3,FR1,5,3.8,,1,LeftDuringDispense,Left,306,71,158,0,,,0.14
535,9/6/2023 7:20:57,1.16.3,FR1,5,3.79,,1,LeftDuringDispense,Left,307,71,158,0,,,0.08
536,9/6/2023 7:24:43,1.16.3,FR1,5,3.79,,1,LeftDuringDispense,Left,308,71,158,0,,,0.21
537,9/6/2023 7:24:43,1.16.3,FR1,5,3.8,,1,LeftDuringDispense,Left,309,71,158,0,,,0.34
538,9/6/2023 7:31:05,1.16.3,FR1,5,3.8,,1,LeftDuringDispense,Left,310,71,158,0,,,0.06
539,9/6/2023 7:31:08,1.16.3,FR1,5,3.78,,1,LeftDuringDispense,Left,311,71,158,0,,,0.1
540,9/6/2023 7:31:08,1.16.3,FR1,5,3.79,,1,LeftDuringDispense,Left,312,71,158,0,,,0.08
541,9/6/2023 7:31:09,1.16.3,FR1,5,3.79,,1,LeftDuringDispense,Left,313,71,158,0,,,0.44
542,9/6/2023 7:31:12,1.16.3,FR1,5,3.78,,1,RightDuringDispense,Left,313,72,158,0,,,0.34
543,9/6/2023 7:31:17,1.16.3,FR1,5,3.79,,1,LeftDuringDispense,Left,314,72,158,0,,,0.08
544,9/6/2023 7:32:59,1.16.3,FR1,5,3.8,290.0,1,Pellet,Left,314,72,159,0,0.06,880.0,
545,9/6/2023 7:33:04,1.16.3,FR1,5,3.79,,1,Right,Left,314,73,159,0,,,0.32
546,9/6/2023 7:33:06,1.16.3,FR1,5,3.79,,1,Right,Left,314,74,159,0,,,0.49
547,9/6/2023 7:33:09,1.16.3,FR1,5,3.8,,1,Right,Left,314,75,159,0,,,0.75
548,9/6/2023 7:33:09,1.16.3,FR1,5,3.79,,1,Right,Left,314,76,159,0,,,0.0
549,9/6/2023 7:33:10,1.16.3,FR1,5,3.8,,1,Right,Left,314,77,159,0,,,0.16
550,9/6/2023 7:33:11,1.16.3,FR1,5,3.8,,1,Right,Left,314,78,159,0,,,0.12
551,9/6/2023 7:44:07,1.16.3,FR1,5,3.8,,1,Left,Left,315,78,159,0,,,0.66
552,9/6/2023 7:44:08,1.16.3,FR1,5,3.8,,1,LeftDuringDispense,Left,316,78,159,0,,,0.19
553,9/6/2023 7:44:15,1.16.3,FR1,5,3.8,,1,LeftDuringDispense,Left,317,78,159,0,,,0.23
554,9/6/2023 7:44:15,1.16.3,FR1,5,3.8,,1,LeftDuringDispense,Left,318,78,159,0,,,0.14
555,9/6/2023 7:44:16,1.16.3,FR1,5,3.8,,1,LeftDuringDispense,Left,319,78,159,0,,,0.17
556,9/6/2023 7:44:29,1.16.3,FR1,5,3.8,,1,RightDuringDispense,Left,319,79,159,0,,,0.21
557,9/6/2023 7:47:22,1.16.3,FR1,5,3.79,,1,RightDuringDispense,Left,319,80,159,0,,,0.39
558,9/6/2023 7:47:34,1.16.3,FR1,5,3.79,,1,RightDuringDispense,Left,319,81,159,0,,,0.5
559,9/6/2023 7:47:45,1.16.3,FR1,5,3.79,,1,LeftDuringDispense,Left,320,81,159,0,,,0.09
560,9/6/2023 7:47:46,1.16.3,FR1,5,3.79,,1,LeftDuringDispense,Left,321,81,159,0,,,0.01
561,9/6/2023 7:59:11,1.16.3,FR1,5,3.78,,1,LeftDuringDispense,Left,322,81,159,0,,,0.62
562,9/6/2023 8:01:14,1.16.3,FR1,5,3.78,,1,LeftDuringDispense,Left,323,81,159,0,,,0.05
563,9/6/2023 8:01:26,1.16.3,FR1,5,3.78,,1,LeftDuringDispense,Left,324,81,159,0,,,0.09
564,9/6/2023 8:01:27,1.16.3,FR1,5,3.78,,1,LeftDuringDispense,Left,325,81,159,0,,,0.04
565,9/6/2023 8:01:29,1.16.3,FR1,5,3.78,,1,LeftDuringDispense,Left,326,81,159,0,,,0.28
566,9/6/2023 8:01:30,1.16.3,FR1,5,3.78,,1,LeftDuringDispense,Left,327,81,159,0,,,0.25
567,9/6/2023 8:01:30,1.16.3,FR1,5,3.78,,1,LeftDuringDispense,Left,328,81,159,0,,,0.04
568,9/6/2023 8:01:33,1.16.3,FR1,5,3.78,,1,LeftDuringDispense,Left,329,81,159,0,,,0.04
569,9/6/2023 8:01:38,1.16.3,FR1,5,3.78,,1,LeftDuringDispense,Left,330,81,159,0,,,0.27
570,9/6/2023 8:02:12,1.16.3,FR1,5,3.78,,1,LeftDuringDispense,Left,331,81,159,0,,,0.12
571,9/6/2023 8:02:21,1.16.3,FR1,5,3.78,,1,LeftDuringDispense,Left,332,81,159,0,,,0.21
572,9/6/2023 8:02:23,1.16.3,FR1,5,3.78,,1,LeftDuringDispense,Left,333,81,159,0,,,0.11
573,9/6/2023 8:02:46,1.16.3,FR1,5,3.78,,1,RightDuringDispense,Left,333,82,159,0,,,0.37
574,9/6/2023 8:02:54,1.16.3,FR1,5,3.78,,1,LeftDuringDispense,Left,334,82,159,0,,,0.09
575,9/6/2023 8:03:52,1.16.3,FR1,5,3.78,,1,RightDuringDispense,Left,334,83,159,0,,,0.0
576,9/6/2023 8:03:55,1.16.3,FR1,5,3.78,,1,RightDuringDispense,Left,334,84,159,0,,,0.13
577,9/6/2023 10:30:29,1.16.3,FR1,5,3.72,,1,RightDuringDispense,Left,334,85,159,0,,,0.07
578,9/6/2023 10:30:30,1.16.3,FR1,5,3.73,,1,RightDuringDispense,Left,334,86,159,0,,,1.26
579,9/6/2023 10:30:33,1.16.3,FR1,5,3.72,,1,RightDuringDispense,Left,334,87,159,0,,,0.15
580,9/6/2023 10:34:15,1.16.3,FR1,5,3.73,,1,RightDuringDispense,Left,334,88,159,0,,,0.34
581,9/6/2023 10:41:30,1.16.3,FR1,5,3.72,,1,LeftDuringDispense,Left,335,88,159,0,,,0.08
582,9/6/2023 10:41:30,1.16.3,FR1,5,3.72,,1,LeftDuringDispense,Left,336,88,159,0,,,0.17
583,9/6/2023 10:41:32,1.16.3,FR1,5,3.73,,1,LeftDuringDispense,Left,337,88,159,0,,,0.82
584,9/6/2023 10:50:32,1.16.3,FR1,5,3.71,,1,RightDuringDispense,Left,337,89,159,0,,,0.11
585,9/6/2023 10:50:42,1.16.3,FR1,5,3.72,,1,LeftDuringDispense,Left,338,89,159,0,,,0.07
586,9/6/2023 10:51:59,1.16.3,FR1,5,3.71,,1,LeftDuringDispense,Left,339,89,159,0,,,0.2
587,9/6/2023 10:52:05,1.16.3,FR1,5,3.72,,1,LeftDuringDispense,Left,340,89,159,0,,,0.18
588,9/6/2023 10:52:07,1.16.3,FR1,5,3.71,,1,LeftDuringDispense,Left,341,89,159,0,,,0.09
589,9/6/2023 10:52:08,1.16.3,FR1,5,3.71,,1,LeftDuringDispense,Left,342,89,159,0,,,0.11
590,9/6/2023 11:05:16,1.16.3,FR1,5,3.72,,1,LeftDuringDispense,Left,343,89,159,0,,,0.05
591,9/6/2023 11:05:43,1.16.3,FR1,5,3.71,,1,RightDuringDispense,Left,343,90,159,0,,,0.14
592,9/6/2023 11:11:58,1.16.3,FR1,5,3.71,,1,RightDuringDispense,Left,343,91,159,0,,,0.1
593,9/6/2023 11:13:40,1.16.3,FR1,5,3.71,,1,LeftDuringDispense,Left,344,91,159,0,,,0.09
594,9/6/2023 14:14:18,1.16.3,FR1,5,3.69,,1,LeftDuringDispense,Left,345,91,159,0,,,0.49
595,9/6/2023 15:15:44,1.16.3,FR1,5,3.67,,1,RightDuringDispense,Left,345,92,159,0,,,0.25
596,9/6/2023 15:15:47,1.16.3,FR1,5,3.67,,1,RightDuringDispense,Left,345,93,159,0,,,0.05
597,9/6/2023 18:01:49,1.16.3,FR1,5,3.67,,1,Right,Left,345,94,159,0,,,0.31
598,9/6/2023 18:01:51,1.16.3,FR1,5,3.67,,1,Right,Left,345,95,159,0,,,0.74
599,9/6/2023 18:02:02,1.16.3,FR1,5,3.67,,1,Right,Left,345,96,159,0,,,1.62
600,9/6/2023 18:02:28,1.16.3,FR1,5,3.67,,1,Left,Left,346,96,159,0,,,0.44
601,9/6/2023 18:02:32,1.16.3,FR1,5,3.67,3.0,1,Pellet,Left,346,96,160,0,0.88,,
602,9/6/2023 18:06:12,1.16.3,FR1,5,3.67,,1,Left,Left,347,96,160,0,,,0.06
603,9/6/2023 18:06:12,1.16.3,FR1,5,3.67,,1,LeftDuringDispense,Left,348,96,160,0,,,0.14
604,9/6/2023 18:06:16,1.16.3,FR1,5,3.67,3.0,1,Pellet,Left,348,96,161,0,0.54,224.0,
605,9/6/2023 18:07:12,1.16.3,FR1,5,3.67,,1,Left,Left,349,96,161,0,,,0.34
606,9/6/2023 18:07:13,1.16.3,FR1,5,3.67,2.0,1,Pellet,Left,349,96,162,0,0.47,57.0,
607,9/6/2023 18:07:36,1.16.3,FR1,5,3.67,,1,Left,Left,350,96,162,0,,,0.19
608,9/6/2023 18:08:04,1.16.3,FR1,5,3.67,3.0,1,Pellet,Left,350,96,163,0,25.11,51.0,
609,9/6/2023 18:08:23,1.16.3,FR1,5,3.67,,1,Left,Left,351,96,163,0,,,0.26
610,9/6/2023 18:08:24,1.16.3,FR1,5,3.67,1.0,1,Pellet,Left,351,96,164,0,0.34,20.0,
611,9/6/2023 18:08:40,1.16.3,FR1,5,3.67,,1,Left,Left,352,96,164,0,,,0.2
612,9/6/2023 18:08:41,1.16.3,FR1,5,3.67,1.0,1,Pellet,Left,352,96,165,0,0.54,17.0,
613,9/6/2023 18:08:59,1.16.3,FR1,5,3.67,,1,Left,Left,353,96,165,0,,,0.17
614,9/6/2023 18:09:01,1.16.3,FR1,5,3.67,1.0,1,Pellet,Left,353,96,166,0,0.81,20.0,
615,9/6/2023 18:09:24,1.16.3,FR1,5,3.67,,1,Left,Left,354,96,166,0,,,0.07
616,9/6/2023 18:09:25,1.16.3,FR1,5,3.67,2.0,1,Pellet,Left,354,96,167,0,0.20,24.0,
617,9/6/2023 18:09:51,1.16.3,FR1,5,3.67,,1,Left,Left,355,96,167,0,,,0.02
618,9/6/2023 18:09:52,1.16.3,FR1,5,3.67,,1,LeftDuringDispense,Left,356,96,167,0,,,0.3
619,9/6/2023 18:09:55,1.16.3,FR1,5,3.67,,1,LeftWithPellet,Left,357,96,167,0,,,0.04
620,9/6/2023 18:09:55,1.16.3,FR1,5,3.67,,1,LeftWithPellet,Left,358,96,167,0,,,0.08
621,9/6/2023 18:09:57,1.16.3,FR1,5,3.67,2.0,1,Pellet,Left,358,96,168,0,2.28,32.0,
622,9/6/2023 18:10:22,1.16.3,FR1,5,3.67,,1,Left,Left,359,96,168,0,,,0.01
623,9/6/2023 18:10:23,1.16.3,FR1,5,3.67,1.0,1,Pellet,Left,359,96,169,0,0.40,26.0,
624,9/6/2023 18:13:48,1.16.3,FR1,5,3.67,,1,Left,Left,360,96,169,0,,,0.22
625,9/6/2023 18:13:49,1.16.3,FR1,5,3.67,1.0,1,Pellet,Left,360,96,170,0,0.54,206.0,
626,9/6/2023 18:14:22,1.16.3,FR1,5,3.67,,1,Left,Left,361,96,170,0,,,0.1
627,9/6/2023 18:14:23,1.16.3,FR1,5,3.67,1.0,1,Pellet,Left,361,96,171,0,0.54,34.0,
628,9/6/2023 18:14:54,1.16.3,FR1,5,3.67,,1,Left,Left,362,96,171,0,,,0.12
629,9/6/2023 18:14:55,1.16.3,FR1,5,3.67,1.0,1,Pellet,Left,362,96,172,0,0.54,32.0,
630,9/6/2023 18:15:23,1.16.3,FR1,5,3.67,,1,Left,Left,363,96,172,0,,,0.06
631,9/6/2023 18:15:24,1.16.3,FR1,5,3.67,2.0,1,Pellet,Left,363,96,173,0,0.13,29.0,
632,9/6/2023 18:15:45,1.16.3,FR1,5,3.67,,1,Left,Left,364,96,173,0,,,0.04
633,9/6/2023 18:15:46,1.16.3,FR1,5,3.67,1.0,1,Pellet,Left,364,96,174,0,0.34,22.0,
634,9/6/2023 18:16:05,1.16.3,FR1,5,3.67,,1,Left,Left,365,96,174,0,,,0.17
635,9/6/2023 18:16:06,1.16.3,FR1,5,3.67,1.0,1,Pellet,Left,365,96,175,0,0.88,20.0,
636,9/6/2023 18:19:10,1.16.3,FR1,5,3.67,,1,Left,Left,366,96,175,0,,,0.15
637,9/6/2023 18:19:11,1.16.3,FR1,5,3.67,1.0,1,Pellet,Left,366,96,176,0,0.27,185.0,
638,9/6/2023 18:19:50,1.16.3,FR1,5,3.67,,1,Left,Left,367,96,176,0,,,0.22
639,9/6/2023 18:19:52,1.16.3,FR1,5,3.67,2.0,1,Pellet,Left,367,96,177,0,0.40,41.0,
640,9/6/2023 18:20:16,1.16.3,FR1,5,3.67,,1,Left,Left,368,96,177,0,,,0.06
641,9/6/2023 18:20:17,1.16.3,FR1,5,3.67,1.0,1,Pellet,Left,368,96,178,0,0.47,25.0,
642,9/6/2023 18:58:14,1.16.3,FR1,5,3.67,,1,Left,Left,369,96,178,0,,,0.51
643,9/6/2023 18:58:16,1.16.3,FR1,5,3.67,1.0,1,Pellet,Left,369,96,179,0,0.75,2279.0,
644,9/6/2023 18:58:50,1.16.3,FR1,5,3.67,,1,Left,Left,370,96,179,0,,,0.06
645,9/6/2023 18:58:51,1.16.3,FR1,5,3.67,1.0,1,Pellet,Left,370,96,180,0,0.41,35.0,
646,9/6/2023 18:59:25,1.16.3,FR1,5,3.67,,1,Left,Left,371,96,180,0,,,0.33
647,9/6/2023 18:59:26,1.16.3,FR1,5,3.67,1.0,1,Pellet,Left,371,96,181,0,0.54,35.0,
648,9/6/2023 19:00:03,1.16.3,FR1,5,3.67,,1,Left,Left,372,96,181,0,,,0.21
649,9/6/2023 19:00:05,1.16.3,FR1,5,3.67,1.0,1,Pellet,Left,372,96,182,0,0.54,39.0,
650,9/6/2023 19:00:34,1.16.3,FR1,5,3.67,,1,Left,Left,373,96,182,0,,,0.02
651,9/6/2023 19:00:34,1.16.3,FR1,5,3.66,,1,LeftDuringDispense,Left,374,96,182,0,,,0.2
652,9/6/2023 19:00:35,1.16.3,FR1,5,3.67,,1,LeftDuringDispense,Left,375,96,182,0,,,0.0
653,9/6/2023 19:00:39,1.16.3,FR1,5,3.66,2.0,1,Pellet,Left,375,96,183,0,0.95,34.0,
654,9/6/2023 19:01:55,1.16.3,FR1,5,3.67,,1,Left,Left,376,96,183,0,,,0.25
655,9/6/2023 19:01:56,1.16.3,FR1,5,3.67,1.0,1,Pellet,Left,376,96,184,0,0.61,77.0,
656,9/6/2023 19:02:29,1.16.3,FR1,5,3.67,,1,Left,Left,377,96,184,0,,,0.28
657,9/6/2023 19:02:30,1.16.3,FR1,5,3.67,1.0,1,Pellet,Left,377,96,185,0,0.47,34.0,
658,9/6/2023 19:03:01,1.16.3,FR1,5,3.67,,1,Left,Left,378,96,185,0,,,0.0
659,9/6/2023 19:03:02,1.16.3,FR1,5,3.67,1.0,1,Pellet,Left,378,96,186,0,0.81,32.0,
660,9/6/2023 19:03:20,1.16.3,FR1,5,3.67,,1,Left,Left,379,96,186,0,,,0.06
661,9/6/2023 19:03:21,1.16.3,FR1,5,3.67,1.0,1,Pellet,Left,379,96,187,0,0.54,19.0,
662,9/6/2023 19:04:01,1.16.3,FR1,5,3.67,,1,Left,Left,380,96,187,0,,,0.5
663,9/6/2023 19:04:03,1.16.3,FR1,5,3.67,1.0,1,Pellet,Left,380,96,188,0,0.47,42.0,
664,9/6/2023 19:04:31,1.16.3,FR1,5,3.67,,1,Left,Left,381,96,188,0,,,0.2
665,9/6/2023 19:04:32,1.16.3,FR1,5,3.67,1.0,1,Pellet,Left,381,96,189,0,0.34,29.0,
666,9/6/2023 19:15:23,1.16.3,FR1,5,3.67,,1,Left,Left,382,96,189,0,,,0.14
667,9/6/2023 19:15:25,1.16.3,FR1,5,3.67,1.0,1,Pellet,Left,382,96,190,0,0.88,653.0,
668,9/6/2023 19:15:48,1.16.3,FR1,5,3.67,,1,Left,Left,383,96,190,0,,,0.19
669,9/6/2023 19:15:49,1.16.3,FR1,5,3.67,1.0,1,Pellet,Left,383,96,191,0,0.54,24.0,
670,9/6/2023 19:16:12,1.16.3,FR1,5,3.67,,1,Left,Left,384,96,191,0,,,0.09
671,9/6/2023 19:16:13,1.16.3,FR1,5,3.67,1.0,1,Pellet,Left,384,96,192,0,0.40,24.0,
672,9/6/2023 19:16:43,1.16.3,FR1,5,3.67,,1,Left,Left,385,96,192,0,,,0.09
673,9/6/2023 19:16:45,1.16.3,FR1,5,3.67,1.0,1,Pellet,Left,385,96,193,0,0.34,32.0,
674,9/6/2023 19:17:22,1.16.3,FR1,5,3.67,,1,Left,Left,386,96,193,0,,,0.07
675,9/6/2023 19:17:24,1.16.3,FR1,5,3.67,1.0,1,Pellet,Left,386,96,194,0,0.81,38.0,
676,9/6/2023 19:38:23,1.16.3,FR1,5,3.67,,1,Left,Left,387,96,194,0,,,0.5
677,9/6/2023 19:38:26,1.16.3,FR1,5,3.67,1.0,1,Pellet,Left,387,96,195,0,1.90,1263.0,
678,9/6/2023 19:38:48,1.16.3,FR1,5,3.67,,1,Left,Left,388,96,195,0,,,0.51
679,9/6/2023 19:38:52,1.16.3,FR1,5,3.66,1.0,1,Pellet,Left,388,96,196,0,3.75,26.0,
680,9/6/2023 19:39:16,1.16.3,FR1,5,3.67,,1,Left,Left,389,96,196,0,,,0.09
681,9/6/2023 19:39:16,1.16.3,FR1,5,3.67,,1,LeftDuringDispense,Left,390,96,196,0,,,0.07
682,9/6/2023 19:39:19,1.16.3,FR1,5,3.67,,1,LeftDuringDispense,Left,391,96,196,0,,,0.01
683,9/6/2023 19:39:20,1.16.3,FR1,5,3.67,,1,LeftDuringDispense,Left,392,96,196,0,,,0.56
684,9/6/2023 19:39:22,1.16.3,FR1,5,3.67,,1,LeftDuringDispense,Left,393,96,196,0,,,0.02
685,9/6/2023 19:39:24,1.16.3,FR1,5,3.67,3.0,1,Pellet,Left,393,96,197,0,1.50,32.0,
686,9/6/2023 19:39:48,1.16.3,FR1,5,3.67,,1,Left,Left,394,96,197,0,,,0.05
687,9/6/2023 19:39:49,1.16.3,FR1,5,3.67,2.0,1,Pellet,Left,394,96,198,0,0.47,25.0,
688,9/6/2023 19:40:14,1.16.3,FR1,5,3.67,,1,Left,Left,395,96,198,0,,,0.3
689,9/6/2023 19:40:15,1.16.3,FR1,5,3.67,2.0,1,Pellet,Left,395,96,199,0,0.40,26.0,
690,9/6/2023 19:54:47,1.16.3,FR1,5,3.67,,1,Right,Left,395,97,199,0,,,0.06
691,9/6/2023 19:54:49,1.16.3,FR1,5,3.67,,1,Right,Left,395,98,199,0,,,0.46
692,9/6/2023 19:54:50,1.16.3,FR1,5,3.67,,1,Right,Left,395,99,199,0,,,0.08
693,9/6/2023 19:54:51,1.16.3,FR1,5,3.67,,1,Right,Left,395,100,199,0,,,0.2
694,9/6/2023 19:54:55,1.16.3,FR1,5,3.66,,1,Right,Left,395,101,199,0,,,0.02
695,9/6/2023 19:56:07,1.16.3,FR1,5,3.67,,1,Left,Left,396,101,199,0,,,0.18
696,9/6/2023 19:56:08,1.16.3,FR1,5,3.67,1.0,1,Pellet,Left,396,101,200,0,0.61,953.0,
697,9/6/2023 19:56:42,1.16.3,FR1,5,3.67,,1,Left,Left,397,101,200,0,,,0.04
698,9/6/2023 19:56:43,1.16.3,FR1,5,3.67,1.0,1,Pellet,Left,397,101,201,0,0.40,35.0,
699,9/6/2023 19:57:53,1.16.3,FR1,5,3.67,,1,Left,Left,398,101,201,0,,,0.1
700,9/6/2023 19:57:54,1.16.3,FR1,5,3.67,1.0,1,Pellet,Left,398,101,202,0,0.40,71.0,
701,9/6/2023 19:58:23,1.16.3,FR1,5,3.67,,1,Left,Left,399,101,202,0,,,0.02
702,9/6/2023 19:58:24,1.16.3,FR1,5,3.67,2.0,1,Pellet,Left,399,101,203,0,0.06,30.0,
703,9/6/2023 19:59:00,1.16.3,FR1,5,3.67,,1,Left,Left,400,101,203,0,,,0.03
704,9/6/2023 19:59:01,1.16.3,FR1,5,3.67,1.0,1,Pellet,Left,400,101,204,0,0.27,37.0,
705,9/6/2023 19:59:39,1.16.3,FR1,5,3.67,,1,Left,Left,401,101,204,0,,,0.16
706,9/6/2023 19:59:40,1.16.3,FR1,5,3.67,1.0,1,Pellet,Left,401,101,205,0,0.68,39.0,
707,9/6/2023 20:00:26,1.16.3,FR1,5,3.67,,1,Left,Left,402,101,205,0,,,0.09
708,9/6/2023 20:00:28,1.16.3,FR1,5,3.67,2.0,1,Pellet,Left,402,101,206,0,0.13,47.0,
709,9/6/2023 20:05:04,1.16.3,FR1,5,3.67,,1,Left,Left,403,101,206,0,,,0.02
710,9/6/2023 20:05:05,1.16.3,FR1,5,3.67,2.0,1,Pellet,Left,403,101,207,0,0.06,278.0,
711,9/6/2023 20:05:45,1.16.3,FR1,5,3.67,,1,Left,Left,404,101,207,0,,,0.15
712,9/6/2023 20:05:46,1.16.3,FR1,5,3.67,1.0,1,Pellet,Left,404,101,208,0,0.75,41.0,
713,9/6/2023 20:11:55,1.16.3,FR1,5,3.67,,1,Left,Left,405,101,208,0,,,0.03
714,9/6/2023 20:11:56,1.16.3,FR1,5,3.67,1.0,1,Pellet,Left,405,101,209,0,0.54,370.0,
715,9/6/2023 20:12:45,1.16.3,FR1,5,3.67,,1,Left,Left,406,101,209,0,,,0.06
716,9/6/2023 20:12:46,1.16.3,FR1,5,3.67,1.0,1,Pellet,Left,406,101,210,0,0.47,50.0,
717,9/6/2023 20:27:43,1.16.3,FR1,5,3.67,,1,Left,Left,407,101,210,0,,,0.17
718,9/6/2023 20:27:44,1.16.3,FR1,5,3.67,1.0,1,Pellet,Left,407,101,211,0,0.34,898.0,
719,9/6/2023 20:28:22,1.16.3,FR1,5,3.67,,1,Left,Left,408,101,211,0,,,0.05
720,9/6/2023 20:28:23,1.16.3,FR1,5,3.67,1.0,1,Pellet,Left,408,101,212,0,0.41,39.0,
721,9/6/2023 20:28:45,1.16.3,FR1,5,3.67,,1,Left,Left,409,101,212,0,,,0.04
722,9/6/2023 20:28:46,1.16.3,FR1,5,3.67,1.0,1,Pellet,Left,409,101,213,0,0.27,23.0,
723,9/6/2023 20:29:12,1.16.3,FR1,5,3.67,,1,Left,Left,410,101,213,0,,,0.09
724,9/6/2023 20:29:13,1.16.3,FR1,5,3.67,2.0,1,Pellet,Left,410,101,214,0,0.20,27.0,
725,9/6/2023 20:29:58,1.16.3,FR1,5,3.67,,1,Left,Left,411,101,214,0,,,0.03
726,9/6/2023 20:29:59,1.16.3,FR1,5,3.67,1.0,1,Pellet,Left,411,101,215,0,0.20,46.0,
727,9/6/2023 20:30:37,1.16.3,FR1,5,3.67,,1,Left,Left,412,101,215,0,,,0.12
728,9/6/2023 20:30:38,1.16.3,FR1,5,3.67,1.0,1,Pellet,Left,412,101,216,0,0.20,39.0,
729,9/6/2023 20:31:05,1.16.3,FR1,5,3.67,,1,Left,Left,413,101,216,0,,,0.07
730,9/6/2023 20:31:06,1.16.3,FR1,5,3.67,2.0,1,Pellet,Left,413,101,217,0,0.06,28.0,
731,9/6/2023 20:31:57,1.16.3,FR1,5,3.67,,1,Left,Left,414,101,217,0,,,0.03
732,9/6/2023 20:31:58,1.16.3,FR1,5,3.67,1.0,1,Pellet,Left,414,101,218,0,0.47,52.0,
733,9/6/2023 20:33:45,1.16.3,FR1,5,3.67,,1,Left,Left,415,101,218,0,,,0.21
734,9/6/2023 20:33:46,1.16.3,FR1,5,3.67,1.0,1,Pellet,Left,415,101,219,0,0.47,108.0,
735,9/6/2023 20:34:12,1.16.3,FR1,5,3.67,,1,Right,Left,415,102,219,0,,,0.17
736,9/6/2023 20:34:13,1.16.3,FR1,5,3.67,,1,Right,Left,415,103,219,0,,,0.27
737,9/6/2023 20:34:15,1.16.3,FR1,5,3.67,,1,Right,Left,415,104,219,0,,,0.01
738,9/6/2023 20:34:19,1.16.3,FR1,5,3.67,,1,Left,Left,416,104,219,0,,,0.05
739,9/6/2023 20:34:21,1.16.3,FR1,5,3.67,1.0,1,Pellet,Left,416,104,220,0,0.95,35.0,
740,9/6/2023 20:37:10,1.16.3,FR1,5,3.67,,1,Left,Left,417,104,220,0,,,0.04
741,9/6/2023 20:37:12,1.16.3,FR1,5,3.67,1.0,1,Pellet,Left,417,104,221,0,0.27,170.0,
742,9/6/2023 20:52:04,1.16.3,FR1,5,3.67,,1,Left,Left,418,104,221,0,,,0.2
743,9/6/2023 20:52:05,1.16.3,FR1,5,3.66,1.0,1,Pellet,Left,418,104,222,0,0.75,894.0,
744,9/6/2023 20:52:39,1.16.3,FR1,5,3.67,,1,Left,Left,419,104,222,0,,,0.03
745,9/6/2023 20:52:40,1.16.3,FR1,5,3.67,2.0,1,Pellet,Left,419,104,223,0,0.47,35.0,
746,9/6/2023 20:53:25,1.16.3,FR1,5,3.67,,1,Left,Left,420,104,223,0,,,0.07
747,9/6/2023 20:53:26,1.16.3,FR1,5,3.67,2.0,1,Pellet,Left,420,104,224,0,0.06,45.0,
748,9/6/2023 21:00:00,1.16.3,FR1,5,3.67,,1,Left,Left,421,104,224,0,,,0.05
749,9/6/2023 21:00:02,1.16.3,FR1,5,3.67,1.0,1,Pellet,Left,421,104,225,0,0.54,397.0,
750,9/6/2023 21:08:27,1.16.3,FR1,5,3.67,,1,Left,Left,422,104,225,0,,,0.08
751,9/6/2023 21:08:29,1.16.3,FR1,5,3.67,1.0,1,Pellet,Left,422,104,226,0,0.81,507.0,
752,9/6/2023 21:09:51,1.16.3,FR1,5,3.67,,1,Left,Left,423,104,226,0,,,0.03
753,9/6/2023 21:09:52,1.16.3,FR1,5,3.67,1.0,1,Pellet,Left,423,104,227,0,0.34,83.0,
754,9/6/2023 21:11:24,1.16.3,FR1,5,3.67,,1,Left,Left,424,104,227,0,,,0.02
755,9/6/2023 21:11:25,1.16.3,FR1,5,3.67,2.0,1,Pellet,Left,424,104,228,0,0.06,93.0,
756,9/6/2023 21:11:53,1.16.3,FR1,5,3.67,,1,Left,Left,425,104,228,0,,,0.09
757,9/6/2023 21:11:57,1.16.3,FR1,5,3.67,2.0,1,Pellet,Left,425,104,229,0,3.27,32.0,
758,9/6/2023 21:12:24,1.16.3,FR1,5,3.67,,1,Left,Left,426,104,229,0,,,0.06
759,9/6/2023 21:12:40,1.16.3,FR1,5,3.67,3.0,1,Pellet,Left,426,104,230,0,12.50,43.0,
760,9/6/2023 21:18:12,1.16.3,FR1,5,3.67,,1,Left,Left,427,104,230,0,,,0.0
761,9/6/2023 21:18:13,1.16.3,FR1,5,3.67,2.0,1,Pellet,Left,427,104,231,0,0.54,333.0,
762,9/6/2023 21:21:32,1.16.3,FR1,5,3.67,,1,Left,Left,428,104,231,0,,,0.07
763,9/6/2023 21:21:34,1.16.3,FR1,5,3.67,2.0,1,Pellet,Left,428,104,232,0,0.20,201.0,
764,9/6/2023 21:25:38,1.16.3,FR1,5,3.67,,1,Left,Left,429,104,232,0,,,0.11
765,9/6/2023 21:25:39,1.16.3,FR1,5,3.67,1.0,1,Pellet,Left,429,104,233,0,0.34,245.0,
766,9/6/2023 21:30:16,1.16.3,FR1,5,3.67,,1,Left,Left,430,104,233,0,,,0.01
767,9/6/2023 21:30:17,1.16.3,FR1,5,3.67,1.0,1,Pellet,Left,430,104,234,0,0.27,278.0,
768,9/6/2023 21:30:50,1.16.3,FR1,5,3.67,,1,Left,Left,431,104,234,0,,,0.02
769,9/6/2023 21:30:51,1.16.3,FR1,5,3.66,1.0,1,Pellet,Left,431,104,235,0,0.20,34.0,
770,9/6/2023 21:31:23,1.16.3,FR1,5,3.67,,1,Left,Left,432,104,235,0,,,0.06
771,9/6/2023 21:31:24,1.16.3,FR1,5,3.67,1.0,1,Pellet,Left,432,104,236,0,0.27,33.0,
772,9/6/2023 21:35:27,1.16.3,FR1,5,3.67,,1,Left,Left,433,104,236,0,,,0.05
773,9/6/2023 21:35:29,1.16.3,FR1,5,3.67,1.0,1,Pellet,Left,433,104,237,0,1.22,245.0,
774,9/6/2023 21:36:11,1.16.3,FR1,5,3.66,,1,Left,Left,434,104,237,0,,,0.07
775,9/6/2023 21:36:11,1.16.3,FR1,5,3.67,,1,LeftDuringDispense,Left,435,104,237,0,,,0.14
776,9/6/2023 21:36:15,1.16.3,FR1,5,3.67,2.0,1,Pellet,Left,435,104,238,0,1.15,46.0,
777,9/6/2023 21:50:58,1.16.3,FR1,5,3.67,,1,Left,Left,436,104,238,0,,,0.03
778,9/6/2023 21:51:00,1.16.3,FR1,5,3.67,1.0,1,Pellet,Left,436,104,239,0,0.61,885.0,
779,9/6/2023 21:51:20,1.16.3,FR1,5,3.67,,1,Left,Left,437,104,239,0,,,0.12
780,9/6/2023 21:51:22,1.16.3,FR1,5,3.67,2.0,1,Pellet,Left,437,104,240,0,0.06,22.0,
781,9/6/2023 21:52:05,1.16.3,FR1,5,3.67,,1,Left,Left,438,104,240,0,,,0.02
782,9/6/2023 21:52:06,1.16.3,FR1,5,3.67,1.0,1,Pellet,Left,438,104,241,0,0.34,44.0,
783,9/6/2023 21:53:22,1.16.3,FR1,5,3.67,,1,Left,Left,439,104,241,0,,,0.21
784,9/6/2023 21:53:23,1.16.3,FR1,5,3.67,1.0,1,Pellet,Left,439,104,242,0,0.27,77.0,
785,9/6/2023 21:54:32,1.16.3,FR1,5,3.67,,1,Left,Left,440,104,242,0,,,0.1
786,9/6/2023 21:54:33,1.16.3,FR1,5,3.67,1.0,1,Pellet,Left,440,104,243,0,0.61,70.0,
787,9/6/2023 21:55:07,1.16.3,FR1,5,3.66,,1,Left,Left,441,104,243,0,,,0.02
788,9/6/2023 21:55:08,1.16.3,FR1,5,3.67,1.0,1,Pellet,Left,441,104,244,0,0.27,35.0,
789,9/6/2023 21:57:42,1.16.3,FR1,5,3.67,,1,Left,Left,442,104,244,0,,,0.02
790,9/6/2023 21:57:43,1.16.3,FR1,5,3.66,1.0,1,Pellet,Left,442,104,245,0,0.27,155.0,
791,9/6/2023 22:01:07,1.16.3,FR1,5,3.66,,1,Left,Left,443,104,245,0,,,0.09
792,9/6/2023 22:01:17,1.16.3,FR1,5,3.67,6.0,1,Pellet,Left,443,104,246,0,0.54,214.0,
793,9/6/2023 22:05:37,1.16.3,FR1,5,3.67,,1,Left,Left,444,104,246,0,,,0.06
794,9/6/2023 22:05:39,1.16.3,FR1,5,3.67,1.0,1,Pellet,Left,444,104,247,0,0.41,262.0,
795,9/6/2023 22:06:23,1.16.3,FR1,5,3.67,,1,Left,Left,445,104,247,0,,,0.19
796,9/6/2023 22:06:24,1.16.3,FR1,5,3.66,1.0,1,Pellet,Left,445,104,248,0,0.06,45.0,
797,9/6/2023 22:07:00,1.16.3,FR1,5,3.67,,1,Left,Left,446,104,248,0,,,0.14
798,9/6/2023 22:07:01,1.16.3,FR1,5,3.67,1.0,1,Pellet,Left,446,104,249,0,0.34,37.0,
799,9/6/2023 22:07:29,1.16.3,FR1,5,3.67,,1,Right,Left,446,105,249,0,,,0.07
800,9/6/2023 22:07:31,1.16.3,FR1,5,3.67,,1,Right,Left,446,106,249,0,,,0.08
801,9/6/2023 22:07:34,1.16.3,FR1,5,3.67,,1,Right,Left,446,107,249,0,,,0.34
802,9/6/2023 22:07:36,1.16.3,FR1,5,3.67,,1,Left,Left,447,107,249,0,,,0.05
803,9/6/2023 22:07:37,1.16.3,FR1,5,3.67,1.0,1,Pellet,Left,447,107,250,0,0.27,36.0,
804,9/6/2023 22:18:21,1.16.3,FR1,5,3.67,,1,Left,Left,448,107,250,0,,,0.02
805,9/6/2023 22:18:22,1.16.3,FR1,5,3.67,1.0,1,Pellet,Left,448,107,251,0,0.13,645.0,
806,9/6/2023 22:26:04,1.16.3,FR1,5,3.66,,1,Left,Left,449,107,251,0,,,0.04
807,9/6/2023 22:26:05,1.16.3,FR1,5,3.67,1.0,1,Pellet,Left,449,107,252,0,0.47,463.0,
808,9/6/2023 22:28:43,1.16.3,FR1,5,3.66,,1,Left,Left,450,107,252,0,,,0.03
809,9/6/2023 22:28:44,1.16.3,FR1,5,3.66,1.0,1,Pellet,Left,450,107,253,0,0.06,159.0,
810,9/6/2023 22:32:06,1.16.3,FR1,5,3.67,,1,Left,Left,451,107,253,0,,,0.09
811,9/6/2023 22:32:07,1.16.3,FR1,5,3.67,1.0,1,Pellet,Left,451,107,254,0,0.34,203.0,
812,9/6/2023 22:33:52,1.16.3,FR1,5,3.67,,1,Left,Left,452,107,254,0,,,0.14
813,9/6/2023 22:33:52,1.16.3,FR1,5,3.66,2.0,1,Pellet,Left,452,107,255,0,0.06,105.0,
814,9/6/2023 22:39:12,1.16.3,FR1,5,3.67,,1,Right,Left,452,108,255,0,,,0.01
815,9/6/2023 22:39:21,1.16.3,FR1,5,3.67,,1,Left,Left,453,108,255,0,,,0.06
816,9/6/2023 22:39:23,1.16.3,FR1,5,3.67,1.0,1,Pellet,Left,453,108,256,0,0.41,331.0,
817,9/6/2023 22:46:43,1.16.3,FR1,5,3.67,,1,Left,Left,454,108,256,0,,,0.09
818,9/6/2023 22:46:44,1.16.3,FR1,5,3.67,1.0,1,Pellet,Left,454,108,257,0,0.27,441.0,
819,9/6/2023 22:47:08,1.16.3,FR1,5,3.67,,1,Left,Left,455,108,257,0,,,0.04
820,9/6/2023 22:47:09,1.16.3,FR1,5,3.67,1.0,1,Pellet,Left,455,108,258,0,0.34,25.0,
821,9/6/2023 22:51:30,1.16.3,FR1,5,3.67,,1,Left,Left,456,108,258,0,,,0.38
822,9/6/2023 22:51:31,1.16.3,FR1,5,3.67,1.0,1,Pellet,Left,456,108,259,0,0.34,262.0,
823,9/6/2023 22:59:33,1.16.3,FR1,5,3.66,,1,Left,Left,457,108,259,0,,,0.19
824,9/6/2023 22:59:34,1.16.3,FR1,5,3.67,2.0,1,Pellet,Left,457,108,260,0,0.06,483.0,
825,9/6/2023 22:59:54,1.16.3,FR1,5,3.67,,1,Right,Left,457,109,260,0,,,0.36
826,9/6/2023 22:59:56,1.16.3,FR1,5,3.67,,1,Right,Left,457,110,260,0,,,0.09
827,9/6/2023 23:00:00,1.16.3,FR1,5,3.67,,1,Left,Left,458,110,260,0,,,0.05
828,9/6/2023 23:00:01,1.16.3,FR1,5,3.66,1.0,1,Pellet,Left,458,110,261,0,0.40,27.0,
829,9/6/2023 23:00:21,1.16.3,FR1,5,3.67,,1,Left,Left,459,110,261,0,,,0.07
830,9/6/2023 23:00:22,1.16.3,FR1,5,3.67,1.0,1,Pellet,Left,459,110,262,0,0.47,21.0,
831,9/6/2023 23:02:26,1.16.3,FR1,5,3.67,,1,Left,Left,460,110,262,0,,,0.05
832,9/6/2023 23:02:27,1.16.3,FR1,5,3.67,2.0,1,Pellet,Left,460,110,263,0,0.06,125.0,
833,9/6/2023 23:14:10,1.16.3,FR1,5,3.67,,1,Left,Left,461,110,263,0,,,0.08
834,9/6/2023 23:14:11,1.16.3,FR1,5,3.66,1.0,1,Pellet,Left,461,110,264,0,0.40,704.0,
835,9/6/2023 23:14:40,1.16.3,FR1,5,3.67,,1,Left,Left,462,110,264,0,,,0.09
836,9/6/2023 23:14:41,1.16.3,FR1,5,3.67,2.0,1,Pellet,Left,462,110,265,0,0.06,30.0,
837,9/6/2023 23:15:06,1.16.3,FR1,5,3.67,,1,Left,Left,463,110,265,0,,,0.12
838,9/6/2023 23:15:07,1.16.3,FR1,5,3.66,2.0,1,Pellet,Left,463,110,266,0,0.06,26.0,
839,9/6/2023 23:15:43,1.16.3,FR1,5,3.67,,1,Left,Left,464,110,266,0,,,0.06
840,9/6/2023 23:15:43,1.16.3,FR1,5,3.67,,1,LeftDuringDispense,Left,465,110,266,0,,,0.02
841,9/6/2023 23:15:48,1.16.3,FR1,5,3.66,2.0,1,Pellet,Left,465,110,267,0,1.97,41.0,
842,9/6/2023 23:16:04,1.16.3,FR1,5,3.67,,1,Left,Left,466,110,267,0,,,0.1
843,9/6/2023 23:16:05,1.16.3,FR1,5,3.67,1.0,1,Pellet,Left,466,110,268,0,0.34,17.0,
844,9/6/2023 23:16:38,1.16.3,FR1,5,3.67,,1,Left,Left,467,110,268,0,,,0.05
845,9/6/2023 23:16:50,1.16.3,FR1,5,3.66,2.0,1,Pellet,Left,467,110,269,0,8.81,45.0,
846,9/6/2023 23:31:22,1.16.3,FR1,5,3.67,,1,Left,Left,468,110,269,0,,,0.02
847,9/6/2023 23:31:23,1.16.3,FR1,5,3.67,1.0,1,Pellet,Left,468,110,270,0,0.40,873.0,
848,9/6/2023 23:31:53,1.16.3,FR1,5,3.66,,1,Left,Left,469,110,270,0,,,0.04
849,9/6/2023 23:31:54,1.16.3,FR1,5,3.67,2.0,1,Pellet,Left,469,110,271,0,0.06,31.0,
850,9/6/2023 23:32:29,1.16.3,FR1,5,3.67,,1,Left,Left,470,110,271,0,,,0.01
851,9/6/2023 23:32:31,1.16.3,FR1,5,3.67,1.0,1,Pellet,Left,470,110,272,0,0.61,37.0,
852,9/6/2023 23:41:18,1.16.3,FR1,5,3.66,,1,Left,Left,471,110,272,0,,,0.03
853,9/6/2023 23:41:20,1.16.3,FR1,5,3.66,1.0,1,Pellet,Left,471,110,273,0,0.54,529.0,
854,9/6/2023 23:41:43,1.16.3,FR1,5,3.66,,1,Left,Left,472,110,273,0,,,0.16
855,9/6/2023 23:41:44,1.16.3,FR1,5,3.67,1.0,1,Pellet,Left,472,110,274,0,0.34,24.0,
856,9/6/2023 23:42:01,1.16.3,FR1,5,3.67,,1,Left,Left,473,110,274,0,,,0.25
857,9/6/2023 23:42:02,1.16.3,FR1,5,3.67,1.0,1,Pellet,Left,473,110,275,0,0.13,18.0,
858,9/6/2023 23:42:22,1.16.3,FR1,5,3.66,,1,Left,Left,474,110,275,0,,,0.03
859,9/6/2023 23:42:23,1.16.3,FR1,5,3.67,2.0,1,Pellet,Left,474,110,276,0,0.06,21.0,
860,9/6/2023 23:42:55,1.16.3,FR1,5,3.67,,1,Left,Left,475,110,276,0,,,0.11
861,9/6/2023 23:42:56,1.16.3,FR1,5,3.67,1.0,1,Pellet,Left,475,110,277,0,0.34,33.0,
862,9/6/2023 23:43:46,1.16.3,FR1,5,3.67,,1,Left,Left,476,110,277,0,,,0.0
863,9/6/2023 23:43:46,1.16.3,FR1,5,3.67,1.0,1,Pellet,Left,476,110,278,0,0.06,50.0,
864,9/6/2023 23:53:57,1.16.3,FR1,5,3.67,,1,Left,Left,477,110,278,0,,,0.02
865,9/6/2023 23:53:59,1.16.3,FR1,5,3.67,1.0,1,Pellet,Left,477,110,279,0,0.68,613.0,
866,9/6/2023 23:54:25,1.16.3,FR1,5,3.67,,1,Left,Left,478,110,279,0,,,0.5
867,9/6/2023 23:54:26,1.16.3,FR1,5,3.67,1.0,1,Pellet,Left,478,110,280,0,0.20,27.0,
868,9/6/2023 23:55:52,1.16.3,FR1,5,3.66,,1,Left,Left,479,110,280,0,,,0.05
869,9/6/2023 23:55:53,1.16.3,FR1,5,3.67,1.0,1,Pellet,Left,479,110,281,0,0.13,87.0,
870,9/6/2023 23:56:10,1.16.3,FR1,5,3.66,,1,Left,Left,480,110,281,0,,,0.02
871,9/6/2023 23:56:10,1.16.3,FR1,5,3.67,,1,LeftDuringDispense,Left,481,110,281,0,,,0.13
872,9/6/2023 23:56:14,1.16.3,FR1,5,3.67,2.0,1,Pellet,Left,481,110,282,0,0.54,20.0,
873,9/6/2023 23:56:26,1.16.3,FR1,5,3.67,,1,Left,Left,482,110,282,0,,,0.0
874,9/6/2023 23:56:27,1.16.3,FR1,5,3.67,2.0,1,Pellet,Left,482,110,283,0,0.20,14.0,
875,9/6/2023 23:57:29,1.16.3,FR1,5,3.67,,1,Left,Left,483,110,283,0,,,0.03
876,9/6/2023 23:57:30,1.16.3,FR1,5,3.66,1.0,1,Pellet,Left,483,110,284,0,0.34,63.0,
877,9/7/2023 0:05:57,1.16.3,FR1,5,3.66,,1,Left,Left,484,110,284,0,,,0.12
878,9/7/2023 0:05:58,1.16.3,FR1,5,3.67,1.0,1,Pellet,Left,484,110,285,0,0.20,508.0,
879,9/7/2023 0:09:06,1.16.3,FR1,5,3.67,,1,Left,Left,485,110,285,0,,,0.05
880,9/7/2023 0:09:07,1.16.3,FR1,5,3.67,1.0,1,Pellet,Left,485,110,286,0,0.61,189.0,
881,9/7/2023 0:09:39,1.16.3,FR1,5,3.67,,1,Left,Left,486,110,286,0,,,0.31
882,9/7/2023 0:09:40,1.16.3,FR1,5,3.67,1.0,1,Pellet,Left,486,110,287,0,0.40,33.0,
883,9/7/2023 0:12:39,1.16.3,FR1,5,3.67,,1,Left,Left,487,110,287,0,,,0.18
884,9/7/2023 0:12:40,1.16.3,FR1,5,3.67,1.0,1,Pellet,Left,487,110,288,0,0.40,180.0,
885,9/7/2023 0:16:31,1.16.3,FR1,5,3.67,,1,Left,Left,488,110,288,0,,,0.04
886,9/7/2023 0:16:32,1.16.3,FR1,5,3.67,1.0,1,Pellet,Left,488,110,289,0,0.47,232.0,
887,9/7/2023 0:25:29,1.16.3,FR1,5,3.67,,1,Left,Left,489,110,289,0,,,0.03
888,9/7/2023 0:25:30,1.16.3,FR1,5,3.67,1.0,1,Pellet,Left,489,110,290,0,0.40,538.0,
889,9/7/2023 0:25:56,1.16.3,FR1,5,3.67,,1,Left,Left,490,110,290,0,,,0.08
890,9/7/2023 0:25:57,1.16.3,FR1,5,3.67,1.0,1,Pellet,Left,490,110,291,0,0.95,27.0,
891,9/7/2023 0:26:26,1.16.3,FR1,5,3.67,,1,Left,Left,491,110,291,0,,,0.03
892,9/7/2023 0:26:28,1.16.3,FR1,5,3.67,1.0,1,Pellet,Left,491,110,292,0,0.95,31.0,
893,9/7/2023 0:30:46,1.16.3,FR1,5,3.67,,1,Left,Left,492,110,292,0,,,0.0
894,9/7/2023 0:30:56,1.16.3,FR1,5,3.67,1.0,1,Pellet,Left,492,110,293,0,8.53,268.0,
895,9/7/2023 0:33:51,1.16.3,FR1,5,3.67,,1,Left,Left,493,110,293,0,,,0.1
896,9/7/2023 0:33:52,1.16.3,FR1,5,3.66,1.0,1,Pellet,Left,493,110,294,0,0.20,176.0,
897,9/7/2023 0:40:03,1.16.3,FR1,5,3.67,,1,Right,Left,493,111,294,0,,,0.02
898,9/7/2023 0:40:06,1.16.3,FR1,5,3.67,,1,Left,Left,494,111,294,0,,,0.02
899,9/7/2023 0:40:07,1.16.3,FR1,5,3.67,,1,LeftDuringDispense,Left,495,111,294,0,,,0.02
900,9/7/2023 0:40:10,1.16.3,FR1,5,3.67,2.0,1,Pellet,Left,495,111,295,0,1.02,378.0,
901,9/7/2023 0:40:45,1.16.3,FR1,5,3.67,,1,Left,Left,496,111,295,0,,,0.04
902,9/7/2023 0:40:47,1.16.3,FR1,5,3.67,1.0,1,Pellet,Left,496,111,296,0,0.54,36.0,
903,9/7/2023 0:42:48,1.16.3,FR1,5,3.67,,1,Left,Left,497,111,296,0,,,0.26
904,9/7/2023 0:42:49,1.16.3,FR1,5,3.66,2.0,1,Pellet,Left,497,111,297,0,0.06,123.0,
905,9/7/2023 0:55:17,1.16.3,FR1,5,3.67,,1,Left,Left,498,111,297,0,,,0.17
906,9/7/2023 0:55:19,1.16.3,FR1,5,3.67,1.0,1,Pellet,Left,498,111,298,0,0.54,750.0,
907,9/7/2023 1:09:23,1.16.3,FR1,5,3.67,,1,Left,Left,499,111,298,0,,,0.27
908,9/7/2023 1:09:24,1.16.3,FR1,5,3.67,1.0,1,Pellet,Left,499,111,299,0,0.34,845.0,
909,9/7/2023 1:09:47,1.16.3,FR1,5,3.67,,1,Left,Left,500,111,299,0,,,0.14
910,9/7/2023 1:09:49,1.16.3,FR1,5,3.67,2.0,1,Pellet,Left,500,111,300,0,0.68,25.0,
911,9/7/2023 1:10:21,1.16.3,FR1,5,3.66,,1,Left,Left,501,111,300,0,,,0.08
912,9/7/2023 1:10:22,1.16.3,FR1,5,3.67,1.0,1,Pellet,Left,501,111,301,0,0.61,33.0,
913,9/7/2023 1:10:50,1.16.3,FR1,5,3.67,,1,Left,Left,502,111,301,0,,,0.09
914,9/7/2023 1:10:51,1.16.3,FR1,5,3.66,1.0,1,Pellet,Left,502,111,302,0,0.27,29.0,
915,9/7/2023 1:11:16,1.16.3,FR1,5,3.67,,1,Left,Left,503,111,302,0,,,0.02
916,9/7/2023 1:11:41,1.16.3,FR1,5,3.67,2.0,1,Pellet,Left,503,111,303,0,21.75,49.0,
917,9/7/2023 1:12:28,1.16.3,FR1,5,3.67,,1,Right,Left,503,112,303,0,,,0.21
918,9/7/2023 1:24:05,1.16.3,FR1,5,3.67,,1,Left,Left,504,112,303,0,,,0.21
919,9/7/2023 1:24:06,1.16.3,FR1,5,3.67,1.0,1,Pellet,Left,504,112,304,0,0.61,746.0,
920,9/7/2023 1:24:29,1.16.3,FR1,5,3.67,,1,Left,Left,505,112,304,0,,,0.09
921,9/7/2023 1:24:30,1.16.3,FR1,5,3.67,1.0,1,Pellet,Left,505,112,305,0,0.47,24.0,
922,9/7/2023 1:25:00,1.16.3,FR1,5,3.67,,1,Left,Left,506,112,305,0,,,0.14
923,9/7/2023 1:25:01,1.16.3,FR1,5,3.67,2.0,1,Pellet,Left,506,112,306,0,0.06,31.0,
924,9/7/2023 1:25:28,1.16.3,FR1,5,3.67,,1,Left,Left,507,112,306,0,,,0.14
925,9/7/2023 1:25:29,1.16.3,FR1,5,3.66,1.0,1,Pellet,Left,507,112,307,0,0.27,28.0,
926,9/7/2023 1:40:49,1.16.3,FR1,5,3.67,,1,Left,Left,508,112,307,0,,,0.33
927,9/7/2023 1:40:50,1.16.3,FR1,5,3.67,1.0,1,Pellet,Left,508,112,308,0,0.34,921.0,
928,9/7/2023 2:53:38,1.16.3,FR1,5,3.66,,1,Left,Left,509,112,308,0,,,0.17
929,9/7/2023 2:53:40,1.16.3,FR1,5,3.67,1.0,1,Pellet,Left,509,112,309,0,1.56,4370.0,
930,9/7/2023 3:01:39,1.16.3,FR1,5,3.67,,1,Left,Left,510,112,309,0,,,0.08
931,9/7/2023 3:01:41,1.16.3,FR1,5,3.67,1.0,1,Pellet,Left,510,112,310,0,1.43,481.0,
932,9/7/2023 3:02:25,1.16.3,FR1,5,3.67,,1,Left,Left,511,112,310,0,,,0.27
933,9/7/2023 3:02:26,1.16.3,FR1,5,3.66,1.0,1,Pellet,Left,511,112,311,0,0.47,45.0,
934,9/7/2023 3:03:58,1.16.3,FR1,5,3.67,,1,Left,Left,512,112,311,0,,,0.17
935,9/7/2023 3:03:59,1.16.3,FR1,5,3.67,1.0,1,Pellet,Left,512,112,312,0,0.34,93.0,
936,9/7/2023 3:04:19,1.16.3,FR1,5,3.67,,1,Left,Left,513,112,312,0,,,0.1
937,9/7/2023 3:04:21,1.16.3,FR1,5,3.67,1.0,1,Pellet,Left,513,112,313,0,0.68,22.0,
938,9/7/2023 3:05:08,1.16.3,FR1,5,3.66,,1,Left,Left,514,112,313,0,,,0.32
939,9/7/2023 3:05:09,1.16.3,FR1,5,3.66,1.0,1,Pellet,Left,514,112,314,0,0.40,48.0,
940,9/7/2023 3:05:44,1.16.3,FR1,5,3.66,,1,Left,Left,515,112,314,0,,,0.11
941,9/7/2023 3:05:45,1.16.3,FR1,5,3.66,,1,LeftDuringDispense,Left,516,112,314,0,,,0.02
942,9/7/2023 3:05:48,1.16.3,FR1,5,3.66,2.0,1,Pellet,Left,516,112,315,0,0.40,39.0,
943,9/7/2023 3:06:13,1.16.3,FR1,5,3.66,,1,Left,Left,517,112,315,0,,,0.07
944,9/7/2023 3:06:14,1.16.3,FR1,5,3.67,1.0,1,Pellet,Left,517,112,316,0,0.20,26.0,
945,9/7/2023 3:21:54,1.16.3,FR1,5,3.67,,1,Left,Left,518,112,316,0,,,0.09
946,9/7/2023 3:21:55,1.16.3,FR1,5,3.67,1.0,1,Pellet,Left,518,112,317,0,0.41,941.0,
947,9/7/2023 3:24:18,1.16.3,FR1,5,3.67,,1,Left,Left,519,112,317,0,,,0.05
948,9/7/2023 3:24:19,1.16.3,FR1,5,3.67,1.0,1,Pellet,Left,519,112,318,0,0.61,144.0,
949,9/7/2023 3:27:27,1.16.3,FR1,5,3.66,,1,Right,Left,519,113,318,0,,,0.03
950,9/7/2023 3:27:29,1.16.3,FR1,5,3.67,,1,Left,Left,520,113,318,0,,,0.1
951,9/7/2023 3:27:30,1.16.3,FR1,5,3.66,,1,LeftDuringDispense,Left,521,113,318,0,,,0.12
952,9/7/2023 3:27:33,1.16.3,FR1,5,3.66,2.0,1,Pellet,Left,521,113,319,0,0.41,194.0,
953,9/7/2023 3:27:59,1.16.3,FR1,5,3.67,,1,Left,Left,522,113,319,0,,,0.14
954,9/7/2023 3:27:59,1.16.3,FR1,5,3.67,,1,LeftDuringDispense,Left,523,113,319,0,,,0.0
955,9/7/2023 3:28:03,1.16.3,FR1,5,3.67,2.0,1,Pellet,Left,523,113,320,0,0.34,30.0,
956,9/7/2023 3:28:23,1.16.3,FR1,5,3.67,,1,Left,Left,524,113,320,0,,,0.17
957,9/7/2023 3:28:24,1.16.3,FR1,5,3.67,1.0,1,Pellet,Left,524,113,321,0,0.34,21.0,
958,9/7/2023 3:32:09,1.16.3,FR1,5,3.66,,1,Left,Left,525,113,321,0,,,0.12
959,9/7/2023 3:32:10,1.16.3,FR1,5,3.67,1.0,1,Pellet,Left,525,113,322,0,0.34,226.0,
960,9/7/2023 3:32:35,1.16.3,FR1,5,3.66,,1,Left,Left,526,113,322,0,,,0.33
961,9/7/2023 3:32:37,1.16.3,FR1,5,3.66,2.0,1,Pellet,Left,526,113,323,0,0.06,26.0,
962,9/7/2023 3:33:07,1.16.3,FR1,5,3.66,,1,Left,Left,527,113,323,0,,,0.32
963,9/7/2023 3:33:08,1.16.3,FR1,5,3.67,2.0,1,Pellet,Left,527,113,324,0,0.06,32.0,
964,9/7/2023 3:33:33,1.16.3,FR1,5,3.67,,1,Left,Left,528,113,324,0,,,0.12
965,9/7/2023 3:33:34,1.16.3,FR1,5,3.67,1.0,1,Pellet,Left,528,113,325,0,0.34,26.0,
966,9/7/2023 3:33:51,1.16.3,FR1,5,3.66,,1,Left,Left,529,113,325,0,,,0.2
967,9/7/2023 3:33:52,1.16.3,FR1,5,3.66,1.0,1,Pellet,Left,529,113,326,0,0.20,18.0,
968,9/7/2023 3:34:17,1.16.3,FR1,5,3.67,,1,Left,Left,530,113,326,0,,,0.51
969,9/7/2023 3:34:31,1.16.3,FR1,5,3.67,2.0,1,Pellet,Left,530,113,327,0,11.14,39.0,
970,9/7/2023 3:34:56,1.16.3,FR1,5,3.67,,1,Left,Left,531,113,327,0,,,0.12
971,9/7/2023 3:34:57,1.16.3,FR1,5,3.67,1.0,1,Pellet,Left,531,113,328,0,0.20,26.0,
972,9/7/2023 3:51:14,1.16.3,FR1,5,3.67,,1,Left,Left,532,113,328,0,,,0.23
973,9/7/2023 3:51:15,1.16.3,FR1,5,3.66,1.0,1,Pellet,Left,532,113,329,0,0.41,978.0,
974,9/7/2023 3:51:36,1.16.3,FR1,5,3.67,,1,Left,Left,533,113,329,0,,,0.1
975,9/7/2023 3:51:38,1.16.3,FR1,5,3.67,1.0,1,Pellet,Left,533,113,330,0,0.34,23.0,
976,9/7/2023 3:52:00,1.16.3,FR1,5,3.67,,1,Left,Left,534,113,330,0,,,0.04
977,9/7/2023 3:52:01,1.16.3,FR1,5,3.67,1.0,1,Pellet,Left,534,113,331,0,0.34,23.0,
978,9/7/2023 3:52:32,1.16.3,FR1,5,3.66,,1,Left,Left,535,113,331,0,,,0.04
979,9/7/2023 3:52:33,1.16.3,FR1,5,3.66,1.0,1,Pellet,Left,535,113,332,0,0.68,32.0,
980,9/7/2023 3:54:53,1.16.3,FR1,5,3.66,,1,Left,Left,536,113,332,0,,,0.2
981,9/7/2023 3:54:54,1.16.3,FR1,5,3.66,2.0,1,Pellet,Left,536,113,333,0,0.06,141.0,
982,9/7/2023 4:05:37,1.16.3,FR1,5,3.67,,1,Left,Left,537,113,333,0,,,0.04
983,9/7/2023 4:05:38,1.16.3,FR1,5,3.66,1.0,1,Pellet,Left,537,113,334,0,0.34,644.0,
984,9/7/2023 4:06:11,1.16.3,FR1,5,3.66,,1,Left,Left,538,113,334,0,,,0.29
985,9/7/2023 4:06:12,1.16.3,FR1,5,3.67,1.0,1,Pellet,Left,538,113,335,0,0.20,34.0,
986,9/7/2023 4:11:50,1.16.3,FR1,5,3.67,,1,Left,Left,539,113,335,0,,,0.04
987,9/7/2023 4:11:51,1.16.3,FR1,5,3.67,1.0,1,Pellet,Left,539,113,336,0,0.81,339.0,
988,9/7/2023 4:12:14,1.16.3,FR1,5,3.67,,1,Left,Left,540,113,336,0,,,0.04
989,9/7/2023 4:12:15,1.16.3,FR1,5,3.67,,1,LeftDuringDispense,Left,541,113,336,0,,,0.04
990,9/7/2023 4:12:18,1.16.3,FR1,5,3.67,2.0,1,Pellet,Left,541,113,337,0,0.27,27.0,
991,9/7/2023 4:25:14,1.16.3,FR1,5,3.66,,1,Left,Left,542,113,337,0,,,0.1
992,9/7/2023 4:25:15,1.16.3,FR1,5,3.66,1.0,1,Pellet,Left,542,113,338,0,0.47,777.0,
993,9/7/2023 4:27:52,1.16.3,FR1,5,3.67,,1,Left,Left,543,113,338,0,,,0.03
994,9/7/2023 4:27:56,1.16.3,FR1,5,3.66,1.0,1,Pellet,Left,543,113,339,0,3.00,161.0,
995,9/7/2023 4:37:59,1.16.3,FR1,5,3.67,,1,Left,Left,544,113,339,0,,,0.06
996,9/7/2023 4:38:01,1.16.3,FR1,5,3.67,1.0,1,Pellet,Left,544,113,340,0,0.68,605.0,
997,9/7/2023 4:39:14,1.16.3,FR1,5,3.67,,1,Left,Left,545,113,340,0,,,0.09
998,9/7/2023 4:39:16,1.16.3,FR1,5,3.66,1.0,1,Pellet,Left,545,113,341,0,1.43,75.0,
999,9/7/2023 4:39:46,1.16.3,FR1,5,3.67,,1,Right,Left,545,114,341,0,,,0.61
1000,9/7/2023 4:39:47,1.16.3,FR1,5,3.67,,1,Right,Left,545,115,341,0,,,0.4
1001,9/7/2023 4:47:06,1.16.3,FR1,5,3.67,,1,Left,Left,546,115,341,0,,,0.06
1002,9/7/2023 4:47:07,1.16.3,FR1,5,3.66,1.0,1,Pellet,Left,546,115,342,0,0.40,471.0,
1003,9/7/2023 4:47:37,1.16.3,FR1,5,3.67,,1,Left,Left,547,115,342,0,,,0.03
1004,9/7/2023 4:47:38,1.16.3,FR1,5,3.66,1.0,1,Pellet,Left,547,115,343,0,0.88,31.0,
1005,9/7/2023 4:51:49,1.16.3,FR1,5,3.66,,1,Left,Left,548,115,343,0,,,0.07
1006,9/7/2023 4:51:50,1.16.3,FR1,5,3.67,2.0,1,Pellet,Left,548,115,344,0,0.13,252.0,
1007,9/7/2023 4:54:34,1.16.3,FR1,5,3.67,,1,Left,Left,549,115,344,0,,,0.17
1008,9/7/2023 4:54:35,1.16.3,FR1,5,3.66,1.0,1,Pellet,Left,549,115,345,0,1.02,165.0,
1009,9/7/2023 4:59:12,1.16.3,FR1,5,3.67,,1,Right,Left,549,116,345,0,,,0.51
1010,9/7/2023 4:59:17,1.16.3,FR1,5,3.66,,1,Right,Left,549,117,345,0,,,0.07
1011,9/7/2023 4:59:19,1.16.3,FR1,5,3.66,,1,Left,Left,550,117,345,0,,,0.12
1012,9/7/2023 4:59:21,1.16.3,FR1,5,3.67,1.0,1,Pellet,Left,550,117,346,0,0.61,286.0,
1013,9/7/2023 5:07:11,1.16.3,FR1,5,3.66,,1,Left,Left,551,117,346,0,,,0.08
1014,9/7/2023 5:07:12,1.16.3,FR1,5,3.67,1.0,1,Pellet,Left,551,117,347,0,0.41,471.0,
1015,9/7/2023 5:09:33,1.16.3,FR1,5,3.67,,1,Left,Left,552,117,347,0,,,0.01
1016,9/7/2023 5:12:45,1.16.3,FR1,5,3.66,1.0,1,Pellet,Left,552,117,348,0,Timed_out,333.0,
1017,9/7/2023 5:21:28,1.16.3,FR1,5,3.67,,1,Left,Left,553,117,348,0,,,0.11
1018,9/7/2023 5:21:30,1.16.3,FR1,5,3.67,1.0,1,Pellet,Left,553,117,349,0,0.81,525.0,
1019,9/7/2023 5:21:48,1.16.3,FR1,5,3.67,,1,Left,Left,554,117,349,0,,,0.0
1020,9/7/2023 5:21:50,1.16.3,FR1,5,3.67,1.0,1,Pellet,Left,554,117,350,0,0.75,20.0,
1021,9/7/2023 5:33:25,1.16.3,FR1,5,3.67,,1,Right,Left,554,118,350,0,,,0.12
1022,9/7/2023 5:33:27,1.16.3,FR1,5,3.67,,1,Right,Left,554,119,350,0,,,0.61
1023,9/7/2023 5:33:28,1.16.3,FR1,5,3.66,,1,Right,Left,554,120,350,0,,,0.44
1024,9/7/2023 5:37:09,1.16.3,FR1,5,3.66,,1,Left,Left,555,120,350,0,,,0.17
1025,9/7/2023 5:37:10,1.16.3,FR1,5,3.67,1.0,1,Pellet,Left,555,120,351,0,0.54,920.0,
1026,9/7/2023 5:40:24,1.16.3,FR1,5,3.66,,1,Left,Left,556,120,351,0,,,0.24
1027,9/7/2023 5:40:25,1.16.3,FR1,5,3.66,2.0,1,Pellet,Left,556,120,352,0,0.20,195.0,
1028,9/7/2023 5:40:51,1.16.3,FR1,5,3.66,,1,Right,Left,556,121,352,0,,,0.01
1029,9/7/2023 5:44:35,1.16.3,FR1,5,3.66,,1,Left,Left,557,121,352,0,,,0.27
1030,9/7/2023 5:44:39,1.16.3,FR1,5,3.67,2.0,1,Pellet,Left,557,121,353,0,1.02,254.0,
1031,9/7/2023 5:45:19,1.16.3,FR1,5,3.67,,1,Right,Left,557,122,353,0,,,0.19
1032,9/7/2023 6:03:53,1.16.3,FR1,5,3.66,,1,Left,Left,558,122,353,0,,,0.03
1033,9/7/2023 6:03:54,1.16.3,FR1,5,3.67,1.0,1,Pellet,Left,558,122,354,0,0.20,1155.0,
1034,9/7/2023 6:04:13,1.16.3,FR1,5,3.66,,1,Left,Left,559,122,354,0,,,0.09
1035,9/7/2023 6:04:15,1.16.3,FR1,5,3.67,1.0,1,Pellet,Left,559,122,355,0,0.40,21.0,
1036,9/7/2023 6:04:30,1.16.3,FR1,5,3.65,,1,Left,Left,560,122,355,0,,,0.06
1037,9/7/2023 6:04:31,1.16.3,FR1,5,3.67,2.0,1,Pellet,Left,560,122,356,0,0.06,16.0,
1038,9/7/2023 6:04:50,1.16.3,FR1,5,3.67,,1,Left,Left,561,122,356,0,,,0.13
1039,9/7/2023 6:04:51,1.16.3,FR1,5,3.66,1.0,1,Pellet,Left,561,122,357,0,0.13,20.0,
1040,9/7/2023 6:05:16,1.16.3,FR1,5,3.66,,1,Left,Left,562,122,357,0,,,0.05
1041,9/7/2023 6:05:17,1.16.3,FR1,5,3.67,1.0,1,Pellet,Left,562,122,358,0,0.13,26.0,
1042,9/7/2023 6:05:37,1.16.3,FR1,5,3.66,,1,Left,Left,563,122,358,0,,,0.13
1043,9/7/2023 6:05:38,1.16.3,FR1,5,3.67,2.0,1,Pellet,Left,563,122,359,0,0.06,21.0,
1044,9/7/2023 6:28:02,1.16.3,FR1,5,3.66,,1,Left,Left,564,122,359,0,,,0.11
1045,9/7/2023 6:28:02,1.16.3,FR1,5,3.66,1.0,1,Pellet,Left,564,122,360,0,0.27,1344.0,
1046,9/7/2023 6:33:04,1.16.3,FR1,5,3.66,,1,Left,Left,565,122,360,0,,,0.09
1047,9/7/2023 6:33:06,1.16.3,FR1,5,3.66,1.0,1,Pellet,Left,565,122,361,0,0.54,304.0,
1048,9/7/2023 6:33:31,1.16.3,FR1,5,3.66,,1,Left,Left,566,122,361,0,,,0.21
1049,9/7/2023 6:33:32,1.16.3,FR1,5,3.66,1.0,1,Pellet,Left,566,122,362,0,0.27,26.0,
1050,9/7/2023 6:33:50,1.16.3,FR1,5,3.67,,1,Left,Left,567,122,362,0,,,0.01
1051,9/7/2023 6:33:51,1.16.3,FR1,5,3.66,1.0,1,Pellet,Left,567,122,363,0,0.27,19.0,
1052,9/7/2023 6:41:52,1.16.3,FR1,5,3.67,,1,Right,Left,567,123,363,0,,,0.23
1053,9/7/2023 7:46:52,1.16.3,FR1,5,3.66,,1,Left,Left,568,123,363,0,,,0.05
1054,9/7/2023 7:46:53,1.16.3,FR1,5,3.66,1.0,1,Pellet,Left,568,123,364,0,0.54,4382.0,
1055,9/7/2023 7:50:14,1.16.3,FR1,5,3.66,,1,Left,Left,569,123,364,0,,,0.96
1056,9/7/2023 7:50:16,1.16.3,FR1,5,3.67,1.0,1,Pellet,Left,569,123,365,0,1.02,203.0,
1057,9/7/2023 7:51:58,1.16.3,FR1,5,3.66,,1,Left,Left,570,123,365,0,,,0.02
1058,9/7/2023 7:51:59,1.16.3,FR1,5,3.66,1.0,1,Pellet,Left,570,123,366,0,0.27,103.0,
1059,9/7/2023 7:54:42,1.16.3,FR1,5,3.66,,1,Left,Left,571,123,366,0,,,0.06
1060,9/7/2023 7:54:43,1.16.3,FR1,5,3.67,2.0,1,Pellet,Left,571,123,367,0,0.34,164.0,
1061,9/7/2023 7:56:59,1.16.3,FR1,5,3.66,,1,Left,Left,572,123,367,0,,,0.03
1062,9/7/2023 7:56:59,1.16.3,FR1,5,3.66,,1,LeftDuringDispense,Left,573,123,367,0,,,0.05
1063,9/7/2023 7:57:03,1.16.3,FR1,5,3.67,2.0,1,Pellet,Left,573,123,368,0,1.36,140.0,
1064,9/7/2023 8:01:41,1.16.3,FR1,5,3.67,,1,Right,Left,573,124,368,0,,,0.0
1065,9/7/2023 8:02:56,1.16.3,FR1,5,3.66,,1,Right,Left,573,125,368,0,,,0.28
1066,9/7/2023 8:02:57,1.16.3,FR1,5,3.66,,1,Left,Left,574,125,368,0,,,0.48
1067,9/7/2023 8:02:59,1.16.3,FR1,5,3.66,1.0,1,Pellet,Left,574,125,369,0,1.09,356.0,
1068,9/7/2023 8:26:51,1.16.3,FR1,5,3.67,,1,Left,Left,575,125,369,0,,,0.03
1069,9/7/2023 8:26:53,1.16.3,FR1,5,3.66,1.0,1,Pellet,Left,575,125,370,0,1.22,1434.0,
1070,9/7/2023 8:27:14,1.16.3,FR1,5,3.66,,1,Left,Left,576,125,370,0,,,0.16
1071,9/7/2023 8:27:16,1.16.3,FR1,5,3.65,1.0,1,Pellet,Left,576,125,371,0,0.34,23.0,
1072,9/7/2023 8:27:57,1.16.3,FR1,5,3.66,,1,Left,Left,577,125,371,0,,,0.24
1073,9/7/2023 8:27:58,1.16.3,FR1,5,3.66,1.0,1,Pellet,Left,577,125,372,0,0.47,42.0,
1074,9/7/2023 8:28:20,1.16.3,FR1,5,3.66,,1,Left,Left,578,125,372,0,,,0.41
1075,9/7/2023 8:28:21,1.16.3,FR1,5,3.66,1.0,1,Pellet,Left,578,125,373,0,0.27,23.0,
1076,9/7/2023 8:45:36,1.16.3,FR1,5,3.67,,1,Left,Left,579,125,373,0,,,0.19
1077,9/7/2023 8:45:38,1.16.3,FR1,5,3.66,1.0,1,Pellet,Left,579,125,374,0,0.61,1037.0,
1078,9/7/2023 8:58:49,1.16.3,FR1,5,3.66,,1,Left,Left,580,125,374,0,,,0.37
1079,9/7/2023 8:58:50,1.16.3,FR1,5,3.66,1.0,1,Pellet,Left,580,125,375,0,0.27,792.0,
1080,9/7/2023 9:12:33,1.16.3,FR1,5,3.66,,1,Left,Left,581,125,375,0,,,0.0
1081,9/7/2023 9:12:42,1.16.3,FR1,5,3.66,1.0,1,Pellet,Left,581,125,376,0,8.95,832.0,
1082,9/7/2023 9:13:08,1.16.3,FR1,5,3.66,,1,Left,Left,582,125,376,0,,,0.02
1083,9/7/2023 9:13:09,1.16.3,FR1,5,3.65,,1,LeftDuringDispense,Left,583,125,376,0,,,0.13
1084,9/7/2023 9:13:09,1.16.3,FR1,5,3.66,,1,LeftDuringDispense,Left,584,125,376,0,,,0.3
1085,9/7/2023 9:13:13,1.16.3,FR1,5,3.66,2.0,1,Pellet,Left,584,125,377,0,0.88,31.0,
1086,9/7/2023 9:13:15,1.16.3,FR1,5,3.67,,1,Left,Left,585,125,377,0,,,0.01
1087,9/7/2023 9:16:04,1.16.3,FR1,5,3.66,,1,LeftDuringDispense,Left,586,125,377,0,,,168.96
1088,9/7/2023 9:16:06,1.16.3,FR1,5,3.66,,1,LeftDuringDispense,Left,587,125,377,0,,,0.27
1089,9/7/2023 9:16:21,1.16.3,FR1,5,3.65,,1,LeftWithPellet,Left,588,125,377,0,,,6.03
1090,9/7/2023 9:16:25,1.16.3,FR1,5,3.66,,1,LeftWithPellet,Left,589,125,377,0,,,3.09
1091,9/7/2023 9:16:53,1.16.3,FR1,5,3.67,3.0,1,Pellet,Left,589,125,378,0,43.61,220.0,
1092,9/7/2023 9:17:16,1.16.3,FR1,5,3.66,,1,Left,Left,590,125,378,0,,,5.22
1093,9/7/2023 9:17:19,1.16.3,FR1,5,3.66,,1,LeftWithPellet,Left,591,125,378,0,,,1.32
1094,9/7/2023 9:17:19,1.16.3,FR1,5,3.66,1.0,1,Pellet,Left,591,125,379,0,0.27,26.0,
1095,9/7/2023 9:17:40,1.16.3,FR1,5,3.66,,1,Left,Left,592,125,379,0,,,14.92
1096,9/7/2023 9:17:42,1.16.3,FR1,5,3.66,1.0,1,Pellet,Left,592,125,380,0,0.54,23.0,
1097,9/7/2023 9:17:59,1.16.3,FR1,5,3.66,,1,Left,Left,593,125,380,0,,,16.21
1098,9/7/2023 9:18:03,1.16.3,FR1,5,3.66,,1,LeftWithPellet,Left,594,125,380,0,,,1.83
1099,9/7/2023 9:18:04,1.16.3,FR1,5,3.66,1.0,1,Pellet,Left,594,125,381,0,1.77,22.0,
1100,9/7/2023 9:18:33,1.16.3,FR1,5,3.65,,1,Left,Left,595,125,381,0,,,9.22
1101,9/7/2023 9:18:36,1.16.3,FR1,5,3.65,,1,LeftWithPellet,Left,596,125,381,0,,,1.04
1102,9/7/2023 9:18:36,1.16.3,FR1,5,3.66,1.0,1,Pellet,Left,596,125,382,0,0.68,32.0,
1103,9/7/2023 9:20:07,1.16.3,FR1,5,3.66,,1,Left,Left,597,125,382,0,,,87.04
1104,9/7/2023 9:20:10,1.16.3,FR1,5,3.66,,1,LeftWithPellet,Left,598,125,382,0,,,0.11
1105,9/7/2023 9:20:18,1.16.3,FR1,5,3.66,,1,LeftWithPellet,Left,599,125,382,0,,,0.21
1106,9/7/2023 9:29:59,1.16.3,FR1,5,3.66,,1,LeftWithPellet,Left,600,125,382,0,,,579.94
1107,9/7/2023 9:31:39,1.16.3,FR1,5,3.66,,1,LeftWithPellet,Left,601,125,382,0,,,68.47
1108,9/7/2023 9:31:39,1.16.3,FR1,5,3.66,,1,LeftWithPellet,Left,602,125,382,0,,,0.33
1109,9/7/2023 9:31:42,1.16.3,FR1,5,3.66,,1,LeftWithPellet,Left,603,125,382,0,,,1.05
1110,9/7/2023 9:31:43,1.16.3,FR1,5,3.66,,1,LeftWithPellet,Left,604,125,382,0,,,0.08
1111,9/7/2023 9:31:49,1.16.3,FR1,5,3.66,,1,LeftWithPellet,Left,605,125,382,0,,,1.06
1112,9/7/2023 9:31:56,1.16.3,FR1,5,3.65,,1,LeftWithPellet,Left,606,125,382,0,,,0.03
1113,9/7/2023 9:32:25,1.16.3,FR1,5,3.66,,1,LeftWithPellet,Left,607,125,382,0,,,22.72
1114,9/7/2023 9:35:49,1.16.3,FR1,5,3.66,,1,LeftWithPellet,Left,608,125,382,0,,,79.21
1115,9/7/2023 9:36:12,1.16.3,FR1,5,3.65,,1,LeftWithPellet,Left,609,125,382,0,,,0.01
1116,9/7/2023 9:45:18,1.16.3,FR1,5,3.65,1.0,1,Pellet,Left,609,125,383,0,Timed_out,1602.0,
1117,9/7/2023 11:15:20,1.16.3,FR1,5,3.66,,1,Left,Left,610,125,383,0,,,0.13
1118,9/7/2023 11:15:21,1.16.3,FR1,5,3.66,1.0,1,Pellet,Left,610,125,384,0,0.88,5403.0,
1119,9/7/2023 11:15:53,1.16.3,FR1,5,3.66,,1,Left,Left,611,125,384,0,,,0.18
1120,9/7/2023 11:15:55,1.16.3,FR1,5,3.66,1.0,1,Pellet,Left,611,125,385,0,0.61,34.0,
1121,9/7/2023 11:16:28,1.16.3,FR1,5,3.66,,1,Left,Left,612,125,385,0,,,0.21
1122,9/7/2023 11:16:29,1.16.3,FR1,5,3.66,1.0,1,Pellet,Left,612,125,386,0,0.34,34.0,
1123,9/7/2023 11:16:56,1.16.3,FR1,5,3.66,,1,Left,Left,613,125,386,0,,,0.19
1124,9/7/2023 11:16:57,1.16.3,FR1,5,3.66,1.0,1,Pellet,Left,613,125,387,0,0.54,28.0,
1125,9/7/2023 12:44:00,1.16.3,FR1,5,3.66,,1,Left,Left,614,125,387,0,,,0.27
1126,9/7/2023 12:44:01,1.16.3,FR1,5,3.66,1.0,1,Pellet,Left,614,125,388,0,0.95,5224.0,
1127,9/7/2023 12:44:41,1.16.3,FR1,5,3.65,,1,Left,Left,615,125,388,0,,,0.36
1128,9/7/2023 12:44:42,1.16.3,FR1,5,3.66,1.0,1,Pellet,Left,615,125,389,0,0.54,41.0,
1129,9/7/2023 12:46:29,1.16.3,FR1,5,3.66,,1,Right,Left,615,126,389,0,,,0.9
1130,9/7/2023 12:46:29,1.16.3,FR1,5,3.66,,1,Right,Left,615,127,389,0,,,0.08
1131,9/7/2023 13:08:16,1.16.3,FR1,5,3.65,,1,Left,Left,616,127,389,0,,,0.2
1132,9/7/2023 13:08:17,1.16.3,FR1,5,3.65,1.0,1,Pellet,Left,616,127,390,0,0.40,1415.0,
1133,9/7/2023 13:08:36,1.16.3,FR1,5,3.65,,1,Left,Left,617,127,390,0,,,0.14
1134,9/7/2023 13:08:37,1.16.3,FR1,5,3.66,1.0,1,Pellet,Left,617,127,391,0,0.34,20.0,
1135,9/7/2023 13:09:01,1.16.3,FR1,5,3.66,,1,Left,Left,618,127,391,0,,,0.38
1136,9/7/2023 13:09:02,1.16.3,FR1,5,3.65,2.0,1,Pellet,Left,618,127,392,0,0.40,25.0,
1137,9/7/2023 13:09:42,1.16.3,FR1,5,3.65,,1,Right,Left,618,128,392,0,,,0.18
1138,9/7/2023 14:38:22,1.16.3,FR1,5,3.65,,1,Left,Left,619,128,392,0,,,0.16
1139,9/7/2023 14:38:25,1.16.3,FR1,5,3.65,1.0,1,Pellet,Left,619,128,393,0,2.18,5363.0,
1140,9/7/2023 14:39:08,1.16.3,FR1,5,3.65,,1,Left,Left,620,128,393,0,,,0.1
1141,9/7/2023 14:39:10,1.16.3,FR1,5,3.65,1.0,1,Pellet,Left,620,128,394,0,0.61,45.0,
1142,9/7/2023 14:39:32,1.16.3,FR1,5,3.65,,1,Left,Left,621,128,394,0,,,0.28
1143,9/7/2023 14:39:34,1.16.3,FR1,5,3.66,1.0,1,Pellet,Left,621,128,395,0,0.47,24.0,
1144,9/7/2023 14:39:56,1.16.3,FR1,5,3.66,,1,Left,Left,622,128,395,0,,,0.05
1145,9/7/2023 14:39:57,1.16.3,FR1,5,3.65,,1,LeftDuringDispense,Left,623,128,395,0,,,0.04
1146,9/7/2023 14:40:01,1.16.3,FR1,5,3.65,2.0,1,Pellet,Left,623,128,396,0,1.70,27.0,
1147,9/7/2023 14:40:26,1.16.3,FR1,5,3.66,,1,Left,Left,624,128,396,0,,,0.0
1148,9/7/2023 14:40:27,1.16.3,FR1,5,3.65,2.0,1,Pellet,Left,624,128,397,0,0.27,26.0,
1149,9/7/2023 14:40:46,1.16.3,FR1,5,3.65,,1,Left,Left,625,128,397,0,,,0.07
1150,9/7/2023 14:40:47,1.16.3,FR1,5,3.65,1.0,1,Pellet,Left,625,128,398,0,0.20,20.0,
1151,9/7/2023 14:41:40,1.16.3,FR1,5,3.66,,1,Left,Left,626,128,398,0,,,0.09
1152,9/7/2023 14:41:41,1.16.3,FR1,5,3.65,1.0,1,Pellet,Left,626,128,399,0,0.41,54.0,
1153,9/7/2023 15:38:52,1.16.3,FR1,5,3.66,,1,Left,Left,627,128,399,0,,,0.25
1154,9/7/2023 15:38:54,1.16.3,FR1,5,3.65,1.0,1,Pellet,Left,627,128,400,0,1.50,3433.0,
1155,9/7/2023 15:47:55,1.16.3,FR1,5,3.65,,1,Left,Left,628,128,400,0,,,0.23
1156,9/7/2023 15:47:57,1.16.3,FR1,5,3.65,1.0,1,Pellet,Left,628,128,401,0,1.43,543.0,
1157,9/7/2023 15:55:55,1.16.3,FR1,5,3.65,,1,Left,Left,629,128,401,0,,,0.24
1158,9/7/2023 15:55:57,1.16.3,FR1,5,3.65,1.0,1,Pellet,Left,629,128,402,0,1.09,480.0,
1159,9/7/2023 16:23:29,1.16.3,FR1,5,3.65,,1,Left,Left,630,128,402,0,,,0.43
1160,9/7/2023 16:23:30,1.16.3,FR1,5,3.65,1.0,1,Pellet,Left,630,128,403,0,1.09,1653.0,
1161,9/7/2023 16:36:35,1.16.3,FR1,5,3.65,,1,Left,Left,631,128,403,0,,,0.16
1162,9/7/2023 16:36:36,1.16.3,FR1,5,3.65,1.0,1,Pellet,Left,631,128,404,0,0.95,786.0,
1163,9/7/2023 16:37:43,1.16.3,FR1,5,3.65,,1,Left,Left,632,128,404,0,,,0.18
1164,9/7/2023 16:37:45,1.16.3,FR1,5,3.66,1.0,1,Pellet,Left,632,128,405,0,0.47,68.0,
1165,9/7/2023 16:38:13,1.16.3,FR1,5,3.65,,1,Left,Left,633,128,405,0,,,0.08
1166,9/7/2023 16:38:14,1.16.3,FR1,5,3.65,1.0,1,Pellet,Left,633,128,406,0,0.27,30.0,
1167,9/7/2023 16:38:52,1.16.3,FR1,5,3.65,,1,Left,Left,634,128,406,0,,,0.34
1168,9/7/2023 16:38:53,1.16.3,FR1,5,3.64,1.0,1,Pellet,Left,634,128,407,0,0.75,39.0,
1169,9/7/2023 17:04:05,1.16.3,FR1,5,3.65,,1,Right,Left,634,129,407,0,,,1.52
1170,9/7/2023 17:04:06,1.16.3,FR1,5,3.65,,1,Right,Left,634,130,407,0,,,0.22
1171,9/7/2023 17:04:08,1.16.3,FR1,5,3.65,,1,Right,Left,634,131,407,0,,,0.0
1172,9/7/2023 17:04:40,1.16.3,FR1,5,3.65,,1,Left,Left,635,131,407,0,,,0.26
1173,9/7/2023 17:04:42,1.16.3,FR1,5,3.65,1.0,1,Pellet,Left,635,131,408,0,1.15,1549.0,
