MM:DD:YYYY hh:mm:ss,Library_Version,Session_Type,Device_Number,Battery_Voltage,Motor_Turns,FR,Event,Active_Poke,Left_Poke_Count,Right_Poke_Count,Pellet_Count,Block_Pellet_Count,Retrieval_Time,InterPelletInterval,Poke_Time,Elapsed_Time,Binary_Pellets,Interpellet_Intervals,Binary_Left_Pokes,Binary_Right_Pokes,Correct_Poke,Concat_#,Mode
9/4/2023 17:13,1.17.0,FR1,5,4.08,,1,Poke,Left,0,1,0,0,,,0.24,0 days 00:00:00.000000000,0,,0,1,0,0,FR1
9/4/2023 17:13,1.17.0,FR1,5,4.09,,1,Poke,Left,1,1,0,0,,,0.03,0 days 00:00:11.000000000,0,,1,0,1,0,FR1
9/4/2023 17:13,1.17.0,FR1,5,4.09,3,1,Pellet,Left,1,1,1,0,1.21,,,0 days 00:00:15.000000000,1,,0,0,,0,FR1
9/4/2023 17:14,1.17.0,FR1,5,4.08,,1,Poke,Left,2,1,1,0,,,0.18,0 days 00:01:01.000000000,0,,1,0,1,0,FR1
9/4/2023 17:14,1.17.0,FR1,5,4.09,2,1,Pellet,Left,2,1,2,0,1.09,47,,0 days 00:01:02.000000000,1,0.7833333333333333,0,0,,0,FR1
9/4/2023 17:14,1.17.0,FR1,5,4.09,,1,Poke,Left,3,1,2,0,,,0.24,0 days 00:01:19.000000000,0,,1,0,1,0,FR1
9/4/2023 17:14,1.17.0,FR1,5,4.09,2,1,Pellet,Left,3,1,3,0,0.24,18,,0 days 00:01:20.000000000,1,0.3,0,0,,0,FR1
9/4/2023 17:15,1.17.0,FR1,5,4.08,,1,Poke,Left,4,1,3,0,,,0.37,0 days 00:01:50.000000000,0,,1,0,1,0,FR1
9/4/2023 17:15,1.17.0,FR1,5,4.08,1,1,Pellet,Left,4,1,4,0,0.3,31,,0 days 00:01:51.000000000,1,0.5166666666666667,0,0,,0,FR1
9/4/2023 17:15,1.17.0,FR1,5,4.08,,1,Poke,Left,5,1,4,0,,,0.36,0 days 00:02:14.000000000,0,,1,0,1,0,FR1
9/4/2023 17:15,1.17.0,FR1,5,4.08,1,1,Pellet,Left,5,1,5,0,0.24,24,,0 days 00:02:15.000000000,1,0.4,0,0,,0,FR1
9/4/2023 17:15,1.17.0,FR1,5,4.08,,1,Poke,Left,6,1,5,0,,,0.33,0 days 00:02:39.000000000,0,,1,0,1,0,FR1
9/4/2023 17:15,1.17.0,FR1,5,4.09,1,1,Pellet,Left,6,1,6,0,0.3,25,,0 days 00:02:40.000000000,1,0.4166666666666667,0,0,,0,FR1
9/4/2023 17:16,1.17.0,FR1,5,4.08,,1,Poke,Left,7,1,6,0,,,0.16,0 days 00:03:01.000000000,0,,1,0,1,0,FR1
9/4/2023 17:16,1.17.0,FR1,5,4.08,1,1,Pellet,Left,7,1,7,0,0.6,22,,0 days 00:03:03.000000000,1,0.38333333333333336,0,0,,0,FR1
9/4/2023 17:16,1.17.0,FR1,5,4.08,,1,Poke,Left,8,1,7,0,,,0.13,0 days 00:03:24.000000000,0,,1,0,1,0,FR1
9/4/2023 17:16,1.17.0,FR1,5,4.08,1,1,Pellet,Left,8,1,8,0,0.3,23,,0 days 00:03:25.000000000,1,0.36666666666666664,0,0,,0,FR1
9/4/2023 17:17,1.17.0,FR1,5,4.09,,1,Poke,Left,9,1,8,0,,,0.07,0 days 00:03:50.000000000,0,,1,0,1,0,FR1
9/4/2023 17:17,1.17.0,FR1,5,4.08,1,1,Pellet,Left,9,1,9,0,0.24,26,,0 days 00:03:51.000000000,1,0.43333333333333335,0,0,,0,FR1
9/4/2023 17:17,1.17.0,FR1,5,4.08,,1,Poke,Left,9,2,9,0,,,0.05,0 days 00:04:24.000000000,0,,0,1,0,0,FR1
9/4/2023 17:17,1.17.0,FR1,5,4.09,,1,Poke,Left,10,2,9,0,,,0.22,0 days 00:04:28.000000000,0,,1,0,1,0,FR1
9/4/2023 17:17,1.17.0,FR1,5,4.09,1,1,Pellet,Left,10,2,10,0,1.46,40,,0 days 00:04:31.000000000,1,0.6666666666666666,0,0,,0,FR1
9/4/2023 17:18,1.17.0,FR1,5,4.08,,1,Poke,Left,11,2,10,0,,,0.65,0 days 00:05:20.000000000,0,,1,0,1,0,FR1
9/4/2023 17:18,1.17.0,FR1,5,4.09,,1,Poke,Left,11,2,10,0,,,0.15,0 days 00:05:20.000000000,0,,0,0,0,0,FR1
9/4/2023 17:18,1.17.0,FR1,5,4.08,2,1,Pellet,Left,11,2,11,0,1.09,53,,0 days 00:05:24.000000000,1,0.8833333333333333,0,0,,0,FR1
9/4/2023 17:19,1.17.0,FR1,5,4.08,,1,Poke,Left,11,3,11,0,,,0.41,0 days 00:05:51.000000000,0,,0,1,0,0,FR1
9/4/2023 17:19,1.17.0,FR1,5,4.08,,1,Poke,Left,12,3,11,0,,,0.02,0 days 00:05:53.000000000,0,,1,0,1,0,FR1
9/4/2023 17:19,1.17.0,FR1,5,4.08,,1,Poke,Left,12,3,11,0,,,0.28,0 days 00:05:54.000000000,0,,0,0,0,0,FR1
9/4/2023 17:19,1.17.0,FR1,5,4.09,,1,Poke,Left,12,3,11,0,,,0.43,0 days 00:05:59.000000000,0,,0,0,0,0,FR1
9/4/2023 17:19,1.17.0,FR1,5,4.09,2,1,Pellet,Left,12,3,12,0,32.79,66,,0 days 00:06:30.000000000,1,1.1,0,0,,0,FR1
9/4/2023 17:20,1.17.0,FR1,5,4.09,,1,Poke,Left,13,3,12,0,,,0.27,0 days 00:07:01.000000000,0,,1,0,1,0,FR1
9/4/2023 17:20,1.17.0,FR1,5,4.08,1,1,Pellet,Left,13,3,13,0,0.48,32,,0 days 00:07:02.000000000,1,0.5333333333333333,0,0,,0,FR1
9/4/2023 17:23,1.17.0,FR1,5,4.09,,1,Poke,Left,14,3,13,0,,,0.1,0 days 00:10:01.000000000,0,,1,0,1,0,FR1
9/4/2023 17:23,1.17.0,FR1,5,4.08,,1,Poke,Left,14,3,13,0,,,0.26,0 days 00:10:40.000000000,0,,0,0,0,0,FR1
9/4/2023 17:24,1.17.0,FR1,5,4.08,,1,Poke,Left,14,3,13,0,,,0.06,0 days 00:11:35.000000000,0,,0,0,0,0,FR1
9/4/2023 17:25,1.17.0,FR1,5,4.09,1,1,Pellet,Left,14,3,14,0,,315,,0 days 00:12:17.000000000,1,5.25,0,0,,0,FR1
9/4/2023 17:26,1.17.0,FR1,5,4.08,,1,Poke,Left,15,3,14,0,,,0.28,0 days 00:12:44.000000000,0,,1,0,1,0,FR1
9/4/2023 17:26,1.17.0,FR1,5,4.08,,1,Poke,Left,15,3,14,0,,,0.01,0 days 00:12:50.000000000,0,,0,0,0,0,FR1
9/4/2023 17:26,1.17.0,FR1,5,4.08,,1,Poke,Left,15,3,14,0,,,0.11,0 days 00:13:32.000000000,0,,0,0,0,0,FR1
9/4/2023 17:27,1.17.0,FR1,5,4.09,,1,Poke,Left,15,3,14,0,,,0.23,0 days 00:13:52.000000000,0,,0,0,0,0,FR1
9/4/2023 17:27,1.17.0,FR1,5,4.08,,1,Poke,Left,15,3,14,0,,,0.23,0 days 00:13:54.000000000,0,,0,0,0,0,FR1
9/4/2023 17:27,1.17.0,FR1,5,4.08,,1,Poke,Left,15,3,14,0,,,0.47,0 days 00:14:00.000000000,0,,0,0,0,0,FR1
9/4/2023 17:27,1.17.0,FR1,5,4.09,,1,Poke,Left,15,3,14,0,,,0.22,0 days 00:14:03.000000000,0,,0,0,0,0,FR1
9/4/2023 17:27,1.17.0,FR1,5,4.08,,1,Poke,Left,15,3,14,0,,,0.24,0 days 00:14:06.000000000,0,,0,0,0,0,FR1
9/4/2023 17:27,1.17.0,FR1,5,4.08,,1,Poke,Left,15,3,14,0,,,0.17,0 days 00:14:11.000000000,0,,0,0,0,0,FR1
9/4/2023 17:28,1.17.0,FR1,5,4.09,,1,Poke,Left,15,3,14,0,,,0.32,0 days 00:14:59.000000000,0,,0,0,0,0,FR1
9/4/2023 17:28,1.17.0,FR1,5,4.09,,1,Poke,Left,15,3,14,0,,,0.37,0 days 00:15:01.000000000,0,,0,0,0,0,FR1
9/4/2023 17:28,1.17.0,FR1,5,4.08,,1,Poke,Left,15,3,14,0,,,0.63,0 days 00:15:11.000000000,0,,0,0,0,0,FR1
9/4/2023 17:28,1.17.0,FR1,5,4.08,,1,Poke,Left,15,3,14,0,,,0.4,0 days 00:15:14.000000000,0,,0,0,0,0,FR1
9/4/2023 17:28,1.17.0,FR1,5,4.08,,1,Poke,Left,15,3,14,0,,,0.14,0 days 00:15:23.000000000,0,,0,0,0,0,FR1
9/4/2023 17:28,1.17.0,FR1,5,4.08,,1,Poke,Left,15,3,14,0,,,0.18,0 days 00:15:27.000000000,0,,0,0,0,0,FR1
9/4/2023 17:31,1.17.0,FR1,5,4.09,,1,Poke,Left,15,3,14,0,,,0.22,0 days 00:18:19.000000000,0,,0,0,0,0,FR1
9/4/2023 17:31,1.17.0,FR1,5,4.08,,1,Poke,Left,15,3,14,0,,,0.19,0 days 00:18:21.000000000,0,,0,0,0,0,FR1
9/4/2023 17:33,1.17.0,FR1,5,4.09,,1,Poke,Left,15,3,14,0,,,0.08,0 days 00:19:51.000000000,0,,0,0,0,0,FR1
9/4/2023 17:33,1.17.0,FR1,5,4.09,,1,Poke,Left,15,3,14,0,,,0.31,0 days 00:19:55.000000000,0,,0,0,0,0,FR1
9/4/2023 17:33,1.17.0,FR1,5,4.08,,1,Poke,Left,15,3,14,0,,,0.14,0 days 00:20:07.000000000,0,,0,0,0,0,FR1
9/4/2023 17:33,1.17.0,FR1,5,4.08,,1,Poke,Left,15,3,14,0,,,0.35,0 days 00:20:09.000000000,0,,0,0,0,0,FR1
9/4/2023 17:35,1.17.0,FR1,5,4.09,1,1,Pellet,Left,15,3,15,0,,605,,0 days 00:22:22.000000000,1,10.083333333333334,0,0,,0,FR1
9/4/2023 17:35,1.17.0,FR1,5,4.09,,1,Poke,Left,15,4,15,0,,,0.2,0 days 00:22:33.000000000,0,,0,1,0,0,FR1
9/4/2023 17:37,1.17.0,FR1,5,4.08,,1,Poke,Left,15,5,15,0,,,0.2,0 days 00:24:21.000000000,0,,0,1,0,0,FR1
9/4/2023 17:37,1.17.0,FR1,5,4.08,,1,Poke,Left,16,5,15,0,,,0.11,0 days 00:24:22.000000000,0,,1,0,1,0,FR1
9/4/2023 17:37,1.17.0,FR1,5,4.08,1,1,Pellet,Left,16,5,16,0,2.01,123,,0 days 00:24:25.000000000,1,2.05,0,0,,0,FR1
9/4/2023 17:37,1.17.0,FR1,5,4.08,,1,Poke,Left,17,5,16,0,,,0.29,0 days 00:24:28.000000000,0,,1,0,1,0,FR1
9/4/2023 17:37,1.17.0,FR1,5,4.08,,1,Poke,Left,17,5,16,0,,,0.22,0 days 00:24:32.000000000,0,,0,0,0,0,FR1
9/4/2023 17:39,1.17.0,FR1,5,4.08,,1,Poke,Left,17,5,16,0,,,0.23,0 days 00:25:46.000000000,0,,0,0,0,0,FR1
9/4/2023 17:39,1.17.0,FR1,5,4.09,,1,Poke,Left,17,5,16,0,,,0.25,0 days 00:25:48.000000000,0,,0,0,0,0,FR1
9/4/2023 17:39,1.17.0,FR1,5,4.09,,1,Poke,Left,17,5,16,0,,,0.29,0 days 00:25:50.000000000,0,,0,0,0,0,FR1
9/4/2023 17:39,1.17.0,FR1,5,4.09,,1,Poke,Left,17,5,16,0,,,0.16,0 days 00:26:23.000000000,0,,0,0,0,0,FR1
9/4/2023 17:39,1.17.0,FR1,5,4.08,1,1,Pellet,Left,17,5,17,0,,119,,0 days 00:26:24.000000000,1,1.9833333333333334,0,0,,0,FR1
9/4/2023 17:39,1.17.0,FR1,5,4.08,,1,Poke,Left,17,6,17,0,,,0,0 days 00:26:35.000000000,0,,0,1,0,0,FR1
9/4/2023 17:39,1.17.0,FR1,5,4.08,,1,Poke,Left,18,6,17,0,,,0.17,0 days 00:26:38.000000000,0,,1,0,1,0,FR1
9/4/2023 17:43,1.17.0,FR1,5,4.08,,1,Poke,Left,18,6,17,0,,,0.23,0 days 00:29:58.000000000,0,,0,0,0,0,FR1
9/4/2023 17:49,1.17.0,FR1,5,4.07,,1,Poke,Left,18,6,17,0,,,0.11,0 days 00:36:30.000000000,0,,0,0,0,0,FR1
9/4/2023 17:49,1.17.0,FR1,5,4.07,,1,Poke,Left,18,6,17,0,,,0.27,0 days 00:36:30.000000000,0,,0,0,0,0,FR1
9/4/2023 17:52,1.17.0,FR1,5,4.07,,1,Poke,Left,18,6,17,0,,,0.22,0 days 00:39:37.000000000,0,,0,0,0,0,FR1
9/4/2023 17:53,1.17.0,FR1,5,4.07,,1,Poke,Left,18,6,17,0,,,0.39,0 days 00:39:45.000000000,0,,0,0,0,0,FR1
9/4/2023 17:53,1.17.0,FR1,5,4.07,,1,Poke,Left,18,6,17,0,,,0.15,0 days 00:39:46.000000000,0,,0,0,0,0,FR1
9/4/2023 17:53,1.17.0,FR1,5,4.07,,1,Poke,Left,18,6,17,0,,,0.41,0 days 00:39:49.000000000,0,,0,0,0,0,FR1
9/4/2023 17:53,1.17.0,FR1,5,4.07,,1,Poke,Left,18,6,17,0,,,0.22,0 days 00:39:52.000000000,0,,0,0,0,0,FR1
9/4/2023 17:53,1.17.0,FR1,5,4.07,,1,Poke,Left,18,6,17,0,,,0.16,0 days 00:39:55.000000000,0,,0,0,0,0,FR1
9/4/2023 17:53,1.17.0,FR1,5,4.07,,1,Poke,Left,18,6,17,0,,,0.18,0 days 00:40:34.000000000,0,,0,0,0,0,FR1
9/4/2023 17:56,1.17.0,FR1,5,4.07,,1,Poke,Left,18,6,17,0,,,0.04,0 days 00:43:26.000000000,0,,0,0,0,0,FR1
9/4/2023 17:57,1.17.0,FR1,5,4.07,,1,Poke,Left,18,6,17,0,,,0.16,0 days 00:43:45.000000000,0,,0,0,0,0,FR1
9/4/2023 17:58,1.17.0,FR1,5,4.07,,1,Poke,Left,18,6,17,0,,,0.2,0 days 00:44:41.000000000,0,,0,0,0,0,FR1
9/4/2023 17:58,1.17.0,FR1,5,4.07,,1,Poke,Left,18,6,17,0,,,0.36,0 days 00:45:11.000000000,0,,0,0,0,0,FR1
9/4/2023 17:58,1.17.0,FR1,5,4.07,,1,Poke,Left,18,6,17,0,,,0.24,0 days 00:45:20.000000000,0,,0,0,0,0,FR1
9/4/2023 18:00,1.17.0,FR1,5,4.07,,1,Poke,Left,18,6,17,0,,,0.01,0 days 00:47:33.000000000,0,,0,0,0,0,FR1
9/4/2023 18:05,1.17.0,FR1,5,4.07,509,1,Pellet,Left,18,6,18,0,0.12,1560,,0 days 00:52:24.000000000,1,26,0,0,,0,FR1
9/4/2023 18:08,1.17.0,FR1,5,4.07,,1,Poke,Left,19,6,18,0,,,0.15,0 days 00:54:42.000000000,0,,1,0,1,0,FR1
9/4/2023 18:09,1.17.0,FR1,5,4.07,,1,Poke,Left,19,6,18,0,,,0.09,0 days 00:56:05.000000000,0,,0,0,0,0,FR1
9/4/2023 18:09,1.17.0,FR1,5,4.07,,1,Poke,Left,19,6,18,0,,,0.27,0 days 00:56:11.000000000,0,,0,0,0,0,FR1
9/4/2023 18:10,1.17.0,FR1,5,4.07,,1,Poke,Left,19,6,18,0,,,0,0 days 00:56:45.000000000,0,,0,0,0,0,FR1
9/4/2023 18:10,1.17.0,FR1,5,4.07,,1,Poke,Left,19,6,18,0,,,0.06,0 days 00:56:48.000000000,0,,0,0,0,0,FR1
9/4/2023 18:16,1.17.0,FR1,5,4.06,,1,Poke,Left,19,6,18,0,,,0.28,0 days 01:03:35.000000000,0,,0,0,0,0,FR1
9/4/2023 18:17,1.17.0,FR1,5,4.07,,1,Poke,Left,19,6,18,0,,,0.24,0 days 01:04:10.000000000,0,,0,0,0,0,FR1
9/4/2023 18:17,1.17.0,FR1,5,4.06,,1,Poke,Left,19,6,18,0,,,0.1,0 days 01:04:13.000000000,0,,0,0,0,0,FR1
9/4/2023 18:17,1.17.0,FR1,5,4.07,,1,Poke,Left,19,6,18,0,,,0.25,0 days 01:04:22.000000000,0,,0,0,0,0,FR1
9/4/2023 18:17,1.17.0,FR1,5,4.05,,1,Poke,Left,19,6,18,0,,,0.61,0 days 01:04:28.000000000,0,,0,0,0,0,FR1
9/4/2023 18:19,1.17.0,FR1,5,4.06,,1,Poke,Left,19,6,18,0,,,0.07,0 days 01:06:37.000000000,0,,0,0,0,0,FR1
9/4/2023 18:20,1.17.0,FR1,5,4.06,,1,Poke,Left,19,6,18,0,,,0.32,0 days 01:07:05.000000000,0,,0,0,0,0,FR1
9/4/2023 18:20,1.17.0,FR1,5,4.05,,1,Poke,Left,19,6,18,0,,,0.18,0 days 01:07:07.000000000,0,,0,0,0,0,FR1
9/4/2023 18:20,1.17.0,FR1,5,4.06,,1,Poke,Left,19,6,18,0,,,0.1,0 days 01:07:12.000000000,0,,0,0,0,0,FR1
9/4/2023 18:22,1.17.0,FR1,5,4.06,,1,Poke,Left,19,6,18,0,,,0.3,0 days 01:08:59.000000000,0,,0,0,0,0,FR1
9/4/2023 18:24,1.17.0,FR1,5,4.05,,1,Poke,Left,19,6,18,0,,,0.18,0 days 01:11:29.000000000,0,,0,0,0,0,FR1
9/4/2023 18:27,1.17.0,FR1,5,4.05,,1,Poke,Left,19,6,18,0,,,0.22,0 days 01:14:13.000000000,0,,0,0,0,0,FR1
9/4/2023 18:27,1.17.0,FR1,5,4.05,,1,Poke,Left,19,6,18,0,,,0.22,0 days 01:14:25.000000000,0,,0,0,0,0,FR1
9/4/2023 18:30,1.17.0,FR1,5,4.05,,1,Poke,Left,19,6,18,0,,,0.17,0 days 01:17:28.000000000,0,,0,0,0,0,FR1
9/4/2023 18:31,1.17.0,FR1,5,4.05,,1,Poke,Left,19,6,18,0,,,0.28,0 days 01:18:00.000000000,0,,0,0,0,0,FR1
9/4/2023 18:39,1.17.0,FR1,5,4.05,,1,Poke,Left,19,6,18,0,,,0.2,0 days 01:26:32.000000000,0,,0,0,0,0,FR1
9/4/2023 18:41,1.17.0,FR1,5,4.05,,1,Poke,Left,19,6,18,0,,,0.15,0 days 01:28:31.000000000,0,,0,0,0,0,FR1
9/4/2023 18:42,1.17.0,FR1,5,4.05,,1,Poke,Left,19,6,18,0,,,0.23,0 days 01:29:03.000000000,0,,0,0,0,0,FR1
9/4/2023 18:47,1.17.0,FR1,5,4.05,,1,Poke,Left,19,6,18,0,,,0.12,0 days 01:33:49.000000000,0,,0,0,0,0,FR1
9/4/2023 18:51,1.17.0,FR1,5,4.05,,1,Poke,Left,19,6,18,0,,,0.26,0 days 01:38:15.000000000,0,,0,0,0,0,FR1
9/4/2023 18:51,1.17.0,FR1,5,4.04,,1,Poke,Left,19,6,18,0,,,0.87,0 days 01:38:25.000000000,0,,0,0,0,0,FR1
9/4/2023 18:52,1.17.0,FR1,5,4.04,,1,Poke,Left,19,6,18,0,,,0.3,0 days 01:38:41.000000000,0,,0,0,0,0,FR1
9/4/2023 18:52,1.17.0,FR1,5,4.04,,1,Poke,Left,19,6,18,0,,,0.19,0 days 01:39:33.000000000,0,,0,0,0,0,FR1
9/4/2023 18:53,1.17.0,FR1,5,4.04,,1,Poke,Left,19,6,18,0,,,0.01,0 days 01:39:41.000000000,0,,0,0,0,0,FR1
9/4/2023 18:59,1.17.0,FR1,5,4.04,,1,Poke,Left,19,6,18,0,,,0.04,0 days 01:46:29.000000000,0,,0,0,0,0,FR1
9/4/2023 19:02,1.17.0,FR1,5,4.05,,1,Poke,Left,19,6,18,0,,,0.19,0 days 01:49:12.000000000,0,,0,0,0,0,FR1
9/4/2023 19:13,1.17.0,FR1,5,4.03,,1,Poke,Left,19,6,18,0,,,0.25,0 days 02:00:30.000000000,0,,0,0,0,0,FR1
9/4/2023 19:13,1.17.0,FR1,5,4.03,,1,Poke,Left,19,6,18,0,,,0.12,0 days 02:00:32.000000000,0,,0,0,0,0,FR1
9/4/2023 19:17,1.17.0,FR1,5,4.03,,1,Poke,Left,19,6,18,0,,,0.24,0 days 02:04:34.000000000,0,,0,0,0,0,FR1
9/4/2023 19:17,1.17.0,FR1,5,4.03,,1,Poke,Left,19,6,18,0,,,0.13,0 days 02:04:36.000000000,0,,0,0,0,0,FR1
9/4/2023 19:21,1.17.0,FR1,5,4.03,,1,Poke,Left,19,6,18,0,,,0.22,0 days 02:08:20.000000000,0,,0,0,0,0,FR1
9/4/2023 19:25,1.17.0,FR1,5,4.03,,1,Poke,Left,19,6,18,0,,,0.08,0 days 02:11:49.000000000,0,,0,0,0,0,FR1
9/4/2023 19:26,1.17.0,FR1,5,4.03,,1,Poke,Left,19,6,18,0,,,0.14,0 days 02:13:27.000000000,0,,0,0,0,0,FR1
9/4/2023 19:29,1.17.0,FR1,5,4.03,,1,Poke,Left,19,6,18,0,,,0.07,0 days 02:16:13.000000000,0,,0,0,0,0,FR1
9/4/2023 19:40,1.17.0,FR1,5,4.02,,1,Poke,Left,19,6,18,0,,,0.19,0 days 02:27:12.000000000,0,,0,0,0,0,FR1
9/4/2023 19:40,1.17.0,FR1,5,4.02,,1,Poke,Left,19,6,18,0,,,0.5,0 days 02:27:16.000000000,0,,0,0,0,0,FR1
9/4/2023 19:40,1.17.0,FR1,5,4.02,,1,Poke,Left,19,6,18,0,,,0.19,0 days 02:27:32.000000000,0,,0,0,0,0,FR1
9/4/2023 19:41,1.17.0,FR1,5,4.02,,1,Poke,Left,19,6,18,0,,,0.24,0 days 02:27:44.000000000,0,,0,0,0,0,FR1
9/4/2023 19:41,1.17.0,FR1,5,4.02,,1,Poke,Left,19,6,18,0,,,0.22,0 days 02:27:50.000000000,0,,0,0,0,0,FR1
9/4/2023 19:46,1.17.0,FR1,5,4.02,,1,Poke,Left,19,6,18,0,,,0.08,0 days 02:32:48.000000000,0,,0,0,0,0,FR1
9/4/2023 19:46,1.17.0,FR1,5,4.02,,1,Poke,Left,19,6,18,0,,,0.11,0 days 02:32:50.000000000,0,,0,0,0,0,FR1
9/4/2023 19:46,1.17.0,FR1,5,4.02,,1,Poke,Left,19,6,18,0,,,0.22,0 days 02:32:53.000000000,0,,0,0,0,0,FR1
9/4/2023 19:52,1.17.0,FR1,5,4.02,,1,Poke,Left,19,6,18,0,,,0.28,0 days 02:39:40.000000000,0,,0,0,0,0,FR1
9/4/2023 19:53,1.17.0,FR1,5,4.02,,1,Poke,Left,19,6,18,0,,,0.27,0 days 02:39:43.000000000,0,,0,0,0,0,FR1
9/4/2023 19:53,1.17.0,FR1,5,4.02,,1,Poke,Left,19,6,18,0,,,0.03,0 days 02:39:52.000000000,0,,0,0,0,0,FR1
9/4/2023 19:53,1.17.0,FR1,5,4.02,,1,Poke,Left,19,6,18,0,,,0.09,0 days 02:39:54.000000000,0,,0,0,0,0,FR1
9/4/2023 19:53,1.17.0,FR1,5,4.02,,1,Poke,Left,19,6,18,0,,,0.16,0 days 02:39:59.000000000,0,,0,0,0,0,FR1
9/4/2023 20:08,1.17.0,FR1,5,4,,1,Poke,Left,19,6,18,0,,,0.17,0 days 02:54:54.000000000,0,,0,0,0,0,FR1
9/4/2023 20:08,1.17.0,FR1,5,4.01,,1,Poke,Left,19,6,18,0,,,0.1,0 days 02:55:13.000000000,0,,0,0,0,0,FR1
9/4/2023 20:09,1.17.0,FR1,5,4,,1,Poke,Left,19,6,18,0,,,0.07,0 days 02:56:16.000000000,0,,0,0,0,0,FR1
9/4/2023 20:09,1.17.0,FR1,5,4.01,,1,Poke,Left,19,6,18,0,,,0.07,0 days 02:56:18.000000000,0,,0,0,0,0,FR1
9/4/2023 20:13,1.17.0,FR1,5,4,,1,Poke,Left,19,6,18,0,,,0.18,0 days 02:59:43.000000000,0,,0,0,0,0,FR1
9/4/2023 20:13,1.17.0,FR1,5,4.01,,1,Poke,Left,19,6,18,0,,,0.05,0 days 02:59:45.000000000,0,,0,0,0,0,FR1
9/4/2023 20:21,1.17.0,FR1,5,4,,1,Poke,Left,19,6,18,0,,,0.51,0 days 03:08:00.000000000,0,,0,0,0,0,FR1
9/4/2023 20:22,1.17.0,FR1,5,4,,1,Poke,Left,19,6,18,0,,,0.14,0 days 03:09:04.000000000,0,,0,0,0,0,FR1
9/4/2023 20:28,1.17.0,FR1,5,4,,1,Poke,Left,19,6,18,0,,,0.05,0 days 03:15:15.000000000,0,,0,0,0,0,FR1
9/4/2023 20:39,1.17.0,FR1,5,3.99,,1,Poke,Left,19,6,18,0,,,0.11,0 days 03:26:29.000000000,0,,0,0,0,0,FR1
9/4/2023 20:45,1.17.0,FR1,5,3.99,,1,Poke,Left,19,6,18,0,,,0.01,0 days 03:32:23.000000000,0,,0,0,0,0,FR1
9/4/2023 20:45,1.17.0,FR1,5,3.99,,1,Poke,Left,19,6,18,0,,,0.32,0 days 03:32:26.000000000,0,,0,0,0,0,FR1
9/4/2023 20:46,1.17.0,FR1,5,4,,1,Poke,Left,19,6,18,0,,,0.61,0 days 03:32:42.000000000,0,,0,0,0,0,FR1
9/4/2023 20:46,1.17.0,FR1,5,3.99,,1,Poke,Left,19,6,18,0,,,0.25,0 days 03:32:48.000000000,0,,0,0,0,0,FR1
9/4/2023 20:51,1.17.0,FR1,5,3.98,,1,Poke,Left,19,6,18,0,,,0.08,0 days 03:38:31.000000000,0,,0,0,0,0,FR1
9/4/2023 20:58,1.17.0,FR1,5,3.98,,1,Poke,Left,19,6,18,0,,,0.14,0 days 03:45:04.000000000,0,,0,0,0,0,FR1
9/4/2023 21:00,1.17.0,FR1,5,3.98,,1,Poke,Left,19,6,18,0,,,0.12,0 days 03:47:00.000000000,0,,0,0,0,0,FR1
9/4/2023 21:16,1.17.0,FR1,5,3.98,,1,Poke,Left,19,6,18,0,,,0.55,0 days 04:03:13.000000000,0,,0,0,0,0,FR1
9/4/2023 21:26,1.17.0,FR1,5,3.97,,1,Poke,Left,19,6,18,0,,,0.18,0 days 04:13:37.000000000,0,,0,0,0,0,FR1
9/4/2023 21:27,1.17.0,FR1,5,3.97,,1,Poke,Left,19,6,18,0,,,0.04,0 days 04:13:43.000000000,0,,0,0,0,0,FR1
9/4/2023 21:27,1.17.0,FR1,5,3.97,,1,Poke,Left,19,6,18,0,,,0.29,0 days 04:13:52.000000000,0,,0,0,0,0,FR1
9/4/2023 21:34,1.17.0,FR1,5,3.96,,1,Poke,Left,19,6,18,0,,,0.26,0 days 04:21:26.000000000,0,,0,0,0,0,FR1
9/4/2023 21:39,1.17.0,FR1,5,3.96,,1,Poke,Left,19,6,18,0,,,0.08,0 days 04:25:50.000000000,0,,0,0,0,0,FR1
9/4/2023 21:39,1.17.0,FR1,5,3.96,,1,Poke,Left,19,6,18,0,,,0.22,0 days 04:25:53.000000000,0,,0,0,0,0,FR1
9/4/2023 21:47,1.17.0,FR1,5,3.96,,1,Poke,Left,19,6,18,0,,,0.12,0 days 04:34:19.000000000,0,,0,0,0,0,FR1
9/4/2023 21:50,1.17.0,FR1,5,3.96,,1,Poke,Left,19,6,18,0,,,0.19,0 days 04:36:54.000000000,0,,0,0,0,0,FR1
9/4/2023 21:53,1.17.0,FR1,5,3.96,,1,Poke,Left,19,6,18,0,,,0.03,0 days 04:40:39.000000000,0,,0,0,0,0,FR1
9/4/2023 22:02,1.17.0,FR1,5,3.96,,1,Poke,Left,19,6,18,0,,,0.52,0 days 04:49:16.000000000,0,,0,0,0,0,FR1
9/4/2023 22:02,1.17.0,FR1,5,3.95,,1,Poke,Left,19,6,18,0,,,0.3,0 days 04:49:18.000000000,0,,0,0,0,0,FR1
9/4/2023 22:06,1.17.0,FR1,5,3.95,,1,Poke,Left,19,6,18,0,,,0.08,0 days 04:53:01.000000000,0,,0,0,0,0,FR1
9/4/2023 22:06,1.17.0,FR1,5,3.95,,1,Poke,Left,19,6,18,0,,,0.13,0 days 04:53:04.000000000,0,,0,0,0,0,FR1
9/4/2023 22:06,1.17.0,FR1,5,3.95,,1,Poke,Left,19,6,18,0,,,0.35,0 days 04:53:08.000000000,0,,0,0,0,0,FR1
9/4/2023 22:06,1.17.0,FR1,5,3.96,,1,Poke,Left,19,6,18,0,,,0.01,0 days 04:53:09.000000000,0,,0,0,0,0,FR1
9/4/2023 22:09,1.17.0,FR1,5,3.96,,1,Poke,Left,19,6,18,0,,,0.19,0 days 04:56:29.000000000,0,,0,0,0,0,FR1
9/4/2023 22:12,1.17.0,FR1,5,3.95,,1,Poke,Left,19,6,18,0,,,0.15,0 days 04:59:14.000000000,0,,0,0,0,0,FR1
9/4/2023 22:16,1.17.0,FR1,5,3.95,,1,Poke,Left,19,6,18,0,,,0.07,0 days 05:03:11.000000000,0,,0,0,0,0,FR1
9/4/2023 22:35,1.17.0,FR1,5,3.94,,1,Poke,Left,19,6,18,0,,,0.24,0 days 05:21:52.000000000,0,,0,0,0,0,FR1
9/4/2023 22:35,1.17.0,FR1,5,3.94,,1,Poke,Left,19,6,18,0,,,0.09,0 days 05:21:57.000000000,0,,0,0,0,0,FR1
9/4/2023 22:35,1.17.0,FR1,5,3.94,,1,Poke,Left,19,6,18,0,,,0.57,0 days 05:22:02.000000000,0,,0,0,0,0,FR1
9/4/2023 22:35,1.17.0,FR1,5,3.94,,1,Poke,Left,19,6,18,0,,,0.29,0 days 05:22:08.000000000,0,,0,0,0,0,FR1
9/4/2023 22:35,1.17.0,FR1,5,3.94,,1,Poke,Left,19,6,18,0,,,0.18,0 days 05:22:32.000000000,0,,0,0,0,0,FR1
9/4/2023 22:36,1.17.0,FR1,5,3.94,,1,Poke,Left,19,6,18,0,,,0.19,0 days 05:22:42.000000000,0,,0,0,0,0,FR1
9/4/2023 22:53,1.17.0,FR1,5,3.93,,1,Poke,Left,19,6,18,0,,,0.03,0 days 05:40:20.000000000,0,,0,0,0,0,FR1
9/4/2023 23:01,1.17.0,FR1,5,3.93,,1,Poke,Left,19,6,18,0,,,0.09,0 days 05:48:00.000000000,0,,0,0,0,0,FR1
9/4/2023 23:08,1.17.0,FR1,5,3.93,,1,Poke,Left,19,6,18,0,,,0.23,0 days 05:55:04.000000000,0,,0,0,0,0,FR1
9/4/2023 23:08,1.17.0,FR1,5,3.93,,1,Poke,Left,19,6,18,0,,,0.39,0 days 05:55:09.000000000,0,,0,0,0,0,FR1
9/4/2023 23:08,1.17.0,FR1,5,3.93,,1,Poke,Left,19,6,18,0,,,0.74,0 days 05:55:21.000000000,0,,0,0,0,0,FR1
9/4/2023 23:09,1.17.0,FR1,5,3.93,,1,Poke,Left,19,6,18,0,,,0.13,0 days 05:56:35.000000000,0,,0,0,0,0,FR1
9/4/2023 23:10,1.17.0,FR1,5,3.93,,1,Poke,Left,19,6,18,0,,,0.08,0 days 05:57:23.000000000,0,,0,0,0,0,FR1
9/4/2023 23:25,1.17.0,FR1,5,3.92,,1,Poke,Left,19,6,18,0,,,0.48,0 days 06:12:02.000000000,0,,0,0,0,0,FR1
9/4/2023 23:33,1.17.0,FR1,5,3.91,,1,Poke,Left,19,6,18,0,,,0.12,0 days 06:20:15.000000000,0,,0,0,0,0,FR1
9/4/2023 23:42,1.17.0,FR1,5,3.91,,1,Poke,Left,19,6,18,0,,,0.46,0 days 06:28:51.000000000,0,,0,0,0,0,FR1
9/4/2023 23:50,1.17.0,FR1,5,3.91,,1,Poke,Left,19,6,18,0,,,0.15,0 days 06:36:49.000000000,0,,0,0,0,0,FR1
9/4/2023 23:50,1.17.0,FR1,5,3.91,,1,Poke,Left,19,6,18,0,,,0.25,0 days 06:36:55.000000000,0,,0,0,0,0,FR1
9/4/2023 23:50,1.17.0,FR1,5,3.91,,1,Poke,Left,19,6,18,0,,,0.33,0 days 06:36:57.000000000,0,,0,0,0,0,FR1
9/4/2023 23:50,1.17.0,FR1,5,3.91,,1,Poke,Left,19,6,18,0,,,0.11,0 days 06:36:58.000000000,0,,0,0,0,0,FR1
9/4/2023 23:53,1.17.0,FR1,5,3.91,,1,Poke,Left,19,6,18,0,,,0.13,0 days 06:39:48.000000000,0,,0,0,0,0,FR1
9/4/2023 23:53,1.17.0,FR1,5,3.91,,1,Poke,Left,19,6,18,0,,,0.73,0 days 06:39:50.000000000,0,,0,0,0,0,FR1
9/4/2023 23:53,1.17.0,FR1,5,3.92,,1,Poke,Left,19,6,18,0,,,0.34,0 days 06:40:02.000000000,0,,0,0,0,0,FR1
9/4/2023 23:57,1.17.0,FR1,5,3.91,,1,Poke,Left,19,6,18,0,,,0.11,0 days 06:44:05.000000000,0,,0,0,0,0,FR1
9/5/2023 0:05,1.17.0,FR1,5,3.91,,1,Poke,Left,19,6,18,0,,,0.06,0 days 06:52:27.000000000,0,,0,0,0,0,FR1
9/5/2023 0:05,1.17.0,FR1,5,3.91,,1,Poke,Left,19,6,18,0,,,0.31,0 days 06:52:28.000000000,0,,0,0,0,0,FR1
9/5/2023 0:05,1.17.0,FR1,5,3.9,,1,Poke,Left,19,6,18,0,,,0.32,0 days 06:52:33.000000000,0,,0,0,0,0,FR1
9/5/2023 0:11,1.17.0,FR1,5,3.9,,1,Poke,Left,19,6,18,0,,,0.03,0 days 06:58:12.000000000,0,,0,0,0,0,FR1
9/5/2023 0:12,1.17.0,FR1,5,3.9,,1,Poke,Left,19,6,18,0,,,0.18,0 days 06:59:12.000000000,0,,0,0,0,0,FR1
9/5/2023 0:12,1.17.0,FR1,5,3.9,,1,Poke,Left,19,6,18,0,,,0.11,0 days 06:59:15.000000000,0,,0,0,0,0,FR1
9/5/2023 0:24,1.17.0,FR1,5,3.89,,1,Poke,Left,19,6,18,0,,,0.06,0 days 07:10:50.000000000,0,,0,0,0,0,FR1
9/5/2023 0:30,1.17.0,FR1,5,3.89,,1,Poke,Left,19,6,18,0,,,0.13,0 days 07:17:35.000000000,0,,0,0,0,0,FR1
9/5/2023 0:31,1.17.0,FR1,5,3.9,,1,Poke,Left,19,6,18,0,,,0,0 days 07:17:42.000000000,0,,0,0,0,0,FR1
9/5/2023 0:54,1.17.0,FR1,5,3.89,,1,Poke,Left,19,6,18,0,,,0.07,0 days 07:40:49.000000000,0,,0,0,0,0,FR1
9/5/2023 0:54,1.17.0,FR1,5,3.89,,1,Poke,Left,19,6,18,0,,,0.02,0 days 07:40:49.000000000,0,,0,0,0,0,FR1
9/5/2023 0:59,1.17.0,FR1,5,3.89,8130,1,Pellet,Left,19,6,19,0,0.06,24820,,0 days 07:46:04.000000000,1,413.6666666666667,0,0,,0,FR1
9/5/2023 0:59,1.17.0,FR1,5,3.88,,1,Poke,Left,20,6,19,0,,,1.12,0 days 07:46:30.000000000,0,,1,0,1,0,FR1
9/5/2023 1:00,1.17.0,FR1,5,3.89,,1,Poke,Left,20,6,19,0,,,0.01,0 days 07:46:41.000000000,0,,0,0,0,0,FR1
9/5/2023 1:01,1.17.0,FR1,5,3.88,,1,Poke,Left,20,6,19,0,,,0.8,0 days 07:47:50.000000000,0,,0,0,0,0,FR1
9/5/2023 1:10,1.17.0,FR1,5,3.88,,1,Poke,Left,20,6,19,0,,,0.33,0 days 07:57:07.000000000,0,,0,0,0,0,FR1
9/5/2023 1:30,1.17.0,FR1,5,3.87,,1,Poke,Left,20,6,19,0,,,0.02,0 days 08:17:06.000000000,0,,0,0,0,0,FR1
9/5/2023 1:34,1.17.0,FR1,5,3.87,,1,Poke,Left,20,6,19,0,,,0.12,0 days 08:21:36.000000000,0,,0,0,0,0,FR1
9/5/2023 1:35,1.17.0,FR1,5,3.87,,1,Poke,Left,20,6,19,0,,,0.04,0 days 08:21:52.000000000,0,,0,0,0,0,FR1
9/5/2023 1:35,1.17.0,FR1,5,3.87,,1,Poke,Left,20,6,19,0,,,0.3,0 days 08:21:53.000000000,0,,0,0,0,0,FR1
9/5/2023 1:35,1.17.0,FR1,5,3.87,,1,Poke,Left,20,6,19,0,,,0.03,0 days 08:22:24.000000000,0,,0,0,0,0,FR1
9/5/2023 1:35,1.17.0,FR1,5,3.87,,1,Poke,Left,20,6,19,0,,,0.27,0 days 08:22:24.000000000,0,,0,0,0,0,FR1
9/5/2023 1:36,1.17.0,FR1,5,3.87,,1,Poke,Left,20,6,19,0,,,0.57,0 days 08:23:22.000000000,0,,0,0,0,0,FR1
9/5/2023 1:36,1.17.0,FR1,5,3.87,,1,Poke,Left,20,6,19,0,,,0,0 days 08:23:32.000000000,0,,0,0,0,0,FR1
9/5/2023 1:36,1.17.0,FR1,5,3.87,,1,Poke,Left,20,6,19,0,,,0.1,0 days 08:23:33.000000000,0,,0,0,0,0,FR1
9/5/2023 1:36,1.17.0,FR1,5,3.87,,1,Poke,Left,20,6,19,0,,,1.33,0 days 08:23:35.000000000,0,,0,0,0,0,FR1
9/5/2023 1:36,1.17.0,FR1,5,3.87,,1,Poke,Left,20,6,19,0,,,0.43,0 days 08:23:35.000000000,0,,0,0,0,0,FR1
9/5/2023 1:36,1.17.0,FR1,5,3.87,,1,Poke,Left,20,6,19,0,,,0.23,0 days 08:23:36.000000000,0,,0,0,0,0,FR1
9/5/2023 1:36,1.17.0,FR1,5,3.87,,1,Poke,Left,20,6,19,0,,,0.03,0 days 08:23:37.000000000,0,,0,0,0,0,FR1
9/5/2023 1:36,1.17.0,FR1,5,3.87,,1,Poke,Left,20,6,19,0,,,0.24,0 days 08:23:38.000000000,0,,0,0,0,0,FR1
9/5/2023 1:36,1.17.0,FR1,5,3.87,,1,Poke,Left,20,6,19,0,,,0.02,0 days 08:23:39.000000000,0,,0,0,0,0,FR1
9/5/2023 1:36,1.17.0,FR1,5,3.87,,1,Poke,Left,20,6,19,0,,,0.3,0 days 08:23:40.000000000,0,,0,0,0,0,FR1
9/5/2023 1:37,1.17.0,FR1,5,3.87,,1,Poke,Left,20,6,19,0,,,0.44,0 days 08:24:06.000000000,0,,0,0,0,0,FR1
9/5/2023 1:39,1.17.0,FR1,5,3.87,,1,Poke,Left,20,6,19,0,,,0.16,0 days 08:26:02.000000000,0,,0,0,0,0,FR1
9/5/2023 1:39,1.17.0,FR1,5,3.86,,1,Poke,Left,20,6,19,0,,,0.18,0 days 08:26:11.000000000,0,,0,0,0,0,FR1
9/5/2023 1:47,1.17.0,FR1,5,3.87,,1,Poke,Left,20,6,19,0,,,0.02,0 days 08:34:07.000000000,0,,0,0,0,0,FR1
9/5/2023 1:50,1.17.0,FR1,5,3.86,992,1,Pellet,Left,20,6,20,0,0.06,3051,,0 days 08:36:55.000000000,1,50.85,0,0,,0,FR1
9/5/2023 1:50,1.17.0,FR1,5,3.86,,1,Poke,Left,20,7,20,0,,,0.06,0 days 08:37:05.000000000,0,,0,1,0,0,FR1
9/5/2023 1:54,1.17.0,FR1,5,3.86,,1,Poke,Left,20,8,20,0,,,0.04,0 days 08:40:41.000000000,0,,0,1,0,0,FR1
9/5/2023 2:01,1.17.0,FR1,5,3.87,,1,Poke,Left,20,9,20,0,,,0.16,0 days 08:48:13.000000000,0,,0,1,0,0,FR1
9/5/2023 2:02,1.17.0,FR1,5,3.86,,1,Poke,Left,21,9,20,0,,,0.19,0 days 08:48:44.000000000,0,,1,0,1,0,FR1
9/5/2023 2:02,1.17.0,FR1,5,3.87,,1,Poke,Left,21,9,20,0,,,0.03,0 days 08:48:53.000000000,0,,0,0,0,0,FR1
9/5/2023 2:02,1.17.0,FR1,5,3.87,,1,Poke,Left,21,9,20,0,,,0.16,0 days 08:48:56.000000000,0,,0,0,0,0,FR1
9/5/2023 2:04,1.17.0,FR1,5,3.86,51,1,Pellet,Left,21,9,21,0,0.06,863,,0 days 08:51:18.000000000,1,14.383333333333333,0,0,,0,FR1
9/5/2023 2:04,1.17.0,FR1,5,3.86,,1,Poke,Left,21,10,21,0,,,0.56,0 days 08:51:32.000000000,0,,0,1,0,0,FR1
9/5/2023 2:05,1.17.0,FR1,5,3.87,,1,Poke,Left,21,11,21,0,,,0.34,0 days 08:51:44.000000000,0,,0,1,0,0,FR1
9/5/2023 2:05,1.17.0,FR1,5,3.86,,1,Poke,Left,22,11,21,0,,,0.55,0 days 08:51:47.000000000,0,,1,0,1,0,FR1
9/5/2023 2:08,1.17.0,FR1,5,3.86,,1,Poke,Left,22,11,21,0,,,0.04,0 days 08:54:55.000000000,0,,0,0,0,0,FR1
9/5/2023 2:12,1.17.0,FR1,5,3.85,,1,Poke,Left,22,11,21,0,,,0.48,0 days 08:59:26.000000000,0,,0,0,0,0,FR1
9/5/2023 2:16,1.17.0,FR1,5,3.85,,1,Poke,Left,22,11,21,0,,,0.05,0 days 09:03:29.000000000,0,,0,0,0,0,FR1
9/5/2023 2:18,1.17.0,FR1,5,3.85,,1,Poke,Left,22,11,21,0,,,0.16,0 days 09:05:26.000000000,0,,0,0,0,0,FR1
9/5/2023 2:26,1.17.0,FR1,5,3.85,,1,Poke,Left,22,11,21,0,,,0.2,0 days 09:12:42.000000000,0,,0,0,0,0,FR1
9/5/2023 2:26,1.17.0,FR1,5,3.85,,1,Poke,Left,22,11,21,0,,,0.4,0 days 09:12:48.000000000,0,,0,0,0,0,FR1
9/5/2023 2:26,1.17.0,FR1,5,3.85,,1,Poke,Left,22,11,21,0,,,0.11,0 days 09:13:02.000000000,0,,0,0,0,0,FR1
9/5/2023 2:26,1.17.0,FR1,5,3.85,,1,Poke,Left,22,11,21,0,,,0.15,0 days 09:13:03.000000000,0,,0,0,0,0,FR1
9/5/2023 2:26,1.17.0,FR1,5,3.84,,1,Poke,Left,22,11,21,0,,,0.52,0 days 09:13:07.000000000,0,,0,0,0,0,FR1
9/5/2023 2:26,1.17.0,FR1,5,3.85,,1,Poke,Left,22,11,21,0,,,0.31,0 days 09:13:12.000000000,0,,0,0,0,0,FR1
9/5/2023 2:26,1.17.0,FR1,5,3.85,,1,Poke,Left,22,11,21,0,,,0.2,0 days 09:13:14.000000000,0,,0,0,0,0,FR1
9/5/2023 2:26,1.17.0,FR1,5,3.85,,1,Poke,Left,22,11,21,0,,,0.24,0 days 09:13:17.000000000,0,,0,0,0,0,FR1
9/5/2023 2:27,1.17.0,FR1,5,3.85,,1,Poke,Left,22,11,21,0,,,0.16,0 days 09:14:33.000000000,0,,0,0,0,0,FR1
9/5/2023 2:31,1.17.0,FR1,5,3.85,511,1,Pellet,Left,22,11,22,0,0.06,1587,,0 days 09:17:45.000000000,1,26.45,0,0,,0,FR1
9/5/2023 2:39,1.17.0,FR1,5,3.85,,1,Poke,Left,22,12,22,0,,,0.54,0 days 09:25:43.000000000,0,,0,1,0,0,FR1
9/5/2023 2:39,1.17.0,FR1,5,3.85,,1,Poke,Left,22,13,22,0,,,0.44,0 days 09:25:46.000000000,0,,0,1,0,0,FR1
9/5/2023 2:39,1.17.0,FR1,5,3.85,,1,Poke,Left,23,13,22,0,,,0.07,0 days 09:25:49.000000000,0,,1,0,1,0,FR1
9/5/2023 2:39,1.17.0,FR1,5,3.85,,1,Poke,Left,23,13,22,0,,,0.17,0 days 09:25:49.000000000,0,,0,0,0,0,FR1
9/5/2023 2:42,1.17.0,FR1,5,3.85,,1,Poke,Left,23,13,22,0,,,0.02,0 days 09:29:31.000000000,0,,0,0,0,0,FR1
9/5/2023 2:45,1.17.0,FR1,5,3.85,,1,Poke,Left,23,13,22,0,,,0.02,0 days 09:32:12.000000000,0,,0,0,0,0,FR1
9/5/2023 2:55,1.17.0,FR1,5,3.84,,1,Poke,Left,23,13,22,0,,,0.11,0 days 09:41:41.000000000,0,,0,0,0,0,FR1
9/5/2023 2:55,1.17.0,FR1,5,3.83,321,1,Pellet,Left,23,13,23,0,0.06,1458,,0 days 09:42:03.000000000,1,24.3,0,0,,0,FR1
9/5/2023 2:55,1.17.0,FR1,5,3.84,,1,Poke,Left,23,14,23,0,,,0.04,0 days 09:42:06.000000000,0,,0,1,0,0,FR1
9/5/2023 2:55,1.17.0,FR1,5,3.84,,1,Poke,Left,24,14,23,0,,,0.48,0 days 09:42:25.000000000,0,,1,0,1,0,FR1
9/5/2023 2:55,1.17.0,FR1,5,3.83,2,1,Pellet,Left,24,14,24,0,0.06,23,,0 days 09:42:26.000000000,1,0.38333333333333336,0,0,,0,FR1
9/5/2023 2:56,1.17.0,FR1,5,3.85,,1,Poke,Left,24,15,24,0,,,0.21,0 days 09:42:52.000000000,0,,0,1,0,0,FR1
9/5/2023 2:58,1.17.0,FR1,5,3.84,,1,Poke,Left,25,15,24,0,,,0.19,0 days 09:44:42.000000000,0,,1,0,1,0,FR1
9/5/2023 2:58,1.17.0,FR1,5,3.84,,1,Poke,Left,25,15,24,0,,,0.22,0 days 09:44:45.000000000,0,,0,0,0,0,FR1
9/5/2023 2:58,1.17.0,FR1,5,3.84,,1,Poke,Left,25,15,24,0,,,0.08,0 days 09:44:47.000000000,0,,0,0,0,0,FR1
9/5/2023 2:58,1.17.0,FR1,5,3.85,,1,Poke,Left,25,15,24,0,,,0.08,0 days 09:44:52.000000000,0,,0,0,0,0,FR1
9/5/2023 2:58,1.17.0,FR1,5,3.84,,1,Poke,Left,25,15,24,0,,,0.08,0 days 09:44:52.000000000,0,,0,0,0,0,FR1
9/5/2023 2:58,1.17.0,FR1,5,3.85,,1,Poke,Left,25,15,24,0,,,0.46,0 days 09:45:03.000000000,0,,0,0,0,0,FR1
9/5/2023 3:01,1.17.0,FR1,5,3.84,76,1,Pellet,Left,25,15,25,0,0.06,365,,0 days 09:48:31.000000000,1,6.083333333333333,0,0,,0,FR1
9/5/2023 3:03,1.17.0,FR1,5,3.84,,1,Poke,Left,26,15,25,0,,,0.02,0 days 09:50:10.000000000,0,,1,0,1,0,FR1
9/5/2023 3:05,1.17.0,FR1,5,3.84,,1,Poke,Left,26,15,25,0,,,0.1,0 days 09:52:10.000000000,0,,0,0,0,0,FR1
9/5/2023 3:07,1.17.0,FR1,5,3.84,,1,Poke,Left,26,15,25,0,,,0.5,0 days 09:54:31.000000000,0,,0,0,0,0,FR1
9/5/2023 3:07,1.17.0,FR1,5,3.84,,1,Poke,Left,26,15,25,0,,,0.64,0 days 09:54:39.000000000,0,,0,0,0,0,FR1
9/5/2023 3:07,1.17.0,FR1,5,3.84,,1,Poke,Left,26,15,25,0,,,0.16,0 days 09:54:40.000000000,0,,0,0,0,0,FR1
9/5/2023 3:11,1.17.0,FR1,5,3.83,,1,Poke,Left,26,15,25,0,,,0.01,0 days 09:58:23.000000000,0,,0,0,0,0,FR1
9/5/2023 3:11,1.17.0,FR1,5,3.83,,1,Poke,Left,26,15,25,0,,,0.51,0 days 09:58:24.000000000,0,,0,0,0,0,FR1
9/5/2023 3:30,1.17.0,FR1,5,3.83,543,1,Pellet,Left,26,15,26,0,0.06,1749,,0 days 10:17:40.000000000,1,29.15,0,0,,0,FR1
9/5/2023 4:10,1.17.0,FR1,5,3.83,,1,Poke,Left,26,16,26,0,,,0.08,0 days 10:57:08.000000000,0,,0,1,0,0,FR1
9/5/2023 5:28,1.17.0,FR1,5,3.83,,1,Poke,Left,26,17,26,0,,,0.5,0 days 12:15:37.000000000,0,,0,1,0,0,FR1
9/5/2023 5:28,1.17.0,FR1,5,3.83,,1,Poke,Left,26,18,26,0,,,0.04,0 days 12:15:39.000000000,0,,0,1,0,0,FR1
9/5/2023 5:43,1.17.0,FR1,5,3.83,,1,Poke,Left,26,19,26,0,,,0.02,0 days 12:30:14.000000000,0,,0,1,0,0,FR1
9/5/2023 6:15,1.17.0,FR1,5,3.82,,1,Poke,Left,26,20,26,0,,,0.54,0 days 13:02:27.000000000,0,,0,1,0,0,FR1
9/5/2023 6:15,1.17.0,FR1,5,3.82,,1,Poke,Left,26,21,26,0,,,0.1,0 days 13:02:28.000000000,0,,0,1,0,0,FR1
9/5/2023 6:15,1.17.0,FR1,5,3.83,,1,Poke,Left,26,22,26,0,,,0.05,0 days 13:02:30.000000000,0,,0,1,0,0,FR1
9/5/2023 6:15,1.17.0,FR1,5,3.83,,1,Poke,Left,26,23,26,0,,,0,0 days 13:02:31.000000000,0,,0,1,0,0,FR1
9/5/2023 6:15,1.17.0,FR1,5,3.83,,1,Poke,Left,26,24,26,0,,,0.14,0 days 13:02:34.000000000,0,,0,1,0,0,FR1
9/5/2023 6:15,1.17.0,FR1,5,3.83,,1,Poke,Left,26,25,26,0,,,0.52,0 days 13:02:35.000000000,0,,0,1,0,0,FR1
9/5/2023 6:15,1.17.0,FR1,5,3.82,,1,Poke,Left,26,26,26,0,,,0.33,0 days 13:02:36.000000000,0,,0,1,0,0,FR1
9/5/2023 6:15,1.17.0,FR1,5,3.83,,1,Poke,Left,26,27,26,0,,,0.85,0 days 13:02:38.000000000,0,,0,1,0,0,FR1
9/5/2023 6:15,1.17.0,FR1,5,3.83,,1,Poke,Left,26,28,26,0,,,0.37,0 days 13:02:40.000000000,0,,0,1,0,0,FR1
9/5/2023 6:16,1.17.0,FR1,5,3.82,,1,Poke,Left,26,29,26,0,,,0.05,0 days 13:02:49.000000000,0,,0,1,0,0,FR1
9/5/2023 6:16,1.17.0,FR1,5,3.83,,1,Poke,Left,26,30,26,0,,,0,0 days 13:02:50.000000000,0,,0,1,0,0,FR1
9/5/2023 6:23,1.17.0,FR1,5,3.83,,1,Poke,Left,26,31,26,0,,,0.29,0 days 13:10:16.000000000,0,,0,1,0,0,FR1
9/5/2023 6:34,1.17.0,FR1,5,3.83,,1,Poke,Left,26,32,26,0,,,0.14,0 days 13:21:11.000000000,0,,0,1,0,0,FR1
9/5/2023 6:34,1.17.0,FR1,5,3.83,,1,Poke,Left,26,33,26,0,,,0,0 days 13:21:12.000000000,0,,0,1,0,0,FR1
9/5/2023 6:35,1.17.0,FR1,5,3.83,,1,Poke,Left,26,34,26,0,,,0.06,0 days 13:21:59.000000000,0,,0,1,0,0,FR1
9/5/2023 6:35,1.17.0,FR1,5,3.82,,1,Poke,Left,26,35,26,0,,,0,0 days 13:22:00.000000000,0,,0,1,0,0,FR1
9/5/2023 6:38,1.17.0,FR1,5,3.83,,1,Poke,Left,26,36,26,0,,,0,0 days 13:25:25.000000000,0,,0,1,0,0,FR1
9/5/2023 6:38,1.17.0,FR1,5,3.82,,1,Poke,Left,26,37,26,0,,,0.25,0 days 13:25:29.000000000,0,,0,1,0,0,FR1
9/5/2023 6:38,1.17.0,FR1,5,3.82,,1,Poke,Left,26,38,26,0,,,0,0 days 13:25:31.000000000,0,,0,1,0,0,FR1
9/5/2023 6:47,1.17.0,FR1,5,3.83,,1,Poke,Left,26,39,26,0,,,0.88,0 days 13:34:19.000000000,0,,0,1,0,0,FR1
9/5/2023 6:50,1.17.0,FR1,5,3.82,,1,Poke,Left,26,40,26,0,,,0.54,0 days 13:37:17.000000000,0,,0,1,0,0,FR1
9/5/2023 6:59,1.17.0,FR1,5,3.83,,1,Poke,Left,26,41,26,0,,,0.17,0 days 13:46:10.000000000,0,,0,1,0,0,FR1
9/5/2023 7:01,1.17.0,FR1,5,3.82,,1,Poke,Left,26,42,26,0,,,0.48,0 days 13:48:03.000000000,0,,0,1,0,0,FR1
9/5/2023 7:05,1.17.0,FR1,5,3.83,,1,Poke,Left,26,43,26,0,,,0.14,0 days 13:52:18.000000000,0,,0,1,0,0,FR1
9/5/2023 7:06,1.17.0,FR1,5,3.83,,1,Poke,Left,26,44,26,0,,,0.12,0 days 13:52:54.000000000,0,,0,1,0,0,FR1
9/5/2023 7:06,1.17.0,FR1,5,3.82,,1,Poke,Left,26,45,26,0,,,0.62,0 days 13:53:00.000000000,0,,0,1,0,0,FR1
9/5/2023 7:26,1.17.0,FR1,5,3.82,,1,Poke,Left,26,46,26,0,,,1.07,0 days 14:13:26.000000000,0,,0,1,0,0,FR1
9/5/2023 7:26,1.17.0,FR1,5,3.82,,1,Poke,Left,26,47,26,0,,,0,0 days 14:13:32.000000000,0,,0,1,0,0,FR1
9/5/2023 7:32,1.17.0,FR1,5,3.83,,1,Poke,Left,26,48,26,0,,,0.23,0 days 14:19:06.000000000,0,,0,1,0,0,FR1
9/5/2023 7:39,1.17.0,FR1,5,3.82,,1,Poke,Left,26,49,26,0,,,0.61,0 days 14:26:02.000000000,0,,0,1,0,0,FR1
9/5/2023 7:39,1.17.0,FR1,5,3.82,,1,Poke,Left,26,50,26,0,,,0.1,0 days 14:26:08.000000000,0,,0,1,0,0,FR1
9/5/2023 7:46,1.17.0,FR1,5,3.83,,1,Poke,Left,26,51,26,0,,,0.01,0 days 14:33:17.000000000,0,,0,1,0,0,FR1
9/5/2023 8:00,1.17.0,FR1,5,3.82,,1,Poke,Left,26,52,26,0,,,0.12,0 days 14:47:03.000000000,0,,0,1,0,0,FR1
9/5/2023 8:03,1.17.0,FR1,5,3.82,,1,Poke,Left,26,53,26,0,,,0.09,0 days 14:50:19.000000000,0,,0,1,0,0,FR1
9/5/2023 8:15,1.17.0,FR1,5,3.82,,1,Poke,Left,26,54,26,0,,,0.11,0 days 15:02:40.000000000,0,,0,1,0,0,FR1
9/5/2023 8:20,1.17.0,FR1,5,3.82,,1,Poke,Left,26,55,26,0,,,0.2,0 days 15:07:21.000000000,0,,0,1,0,0,FR1
9/5/2023 8:38,1.17.0,FR1,5,3.82,,1,Poke,Left,26,56,26,0,,,0.03,0 days 15:25:24.000000000,0,,0,1,0,0,FR1
9/5/2023 8:39,1.17.0,FR1,5,3.82,,1,Poke,Left,26,57,26,0,,,0.74,0 days 15:25:47.000000000,0,,0,1,0,0,FR1
9/5/2023 8:39,1.17.0,FR1,5,3.82,,1,Poke,Left,26,58,26,0,,,0.76,0 days 15:26:09.000000000,0,,0,1,0,0,FR1
9/5/2023 8:39,1.17.0,FR1,5,3.82,,1,Poke,Left,26,59,26,0,,,0.75,0 days 15:26:12.000000000,0,,0,1,0,0,FR1
9/5/2023 8:39,1.17.0,FR1,5,3.82,,1,Poke,Left,26,60,26,0,,,0.3,0 days 15:26:15.000000000,0,,0,1,0,0,FR1
9/5/2023 8:45,1.17.0,FR1,5,3.82,,1,Poke,Left,26,61,26,0,,,0.46,0 days 15:31:44.000000000,0,,0,1,0,0,FR1
9/5/2023 8:45,1.17.0,FR1,5,3.83,,1,Poke,Left,26,62,26,0,,,0.67,0 days 15:31:49.000000000,0,,0,1,0,0,FR1
9/5/2023 9:18,1.17.0,FR1,5,3.82,,1,Poke,Left,26,63,26,0,,,0.65,0 days 16:05:36.000000000,0,,0,1,0,0,FR1
9/5/2023 9:19,1.17.0,FR1,5,3.82,,1,Poke,Left,26,64,26,0,,,0.65,0 days 16:06:19.000000000,0,,0,1,0,0,FR1
9/5/2023 9:26,1.17.0,FR1,5,3.82,,1,Poke,Left,26,65,26,0,,,0.49,0 days 16:13:15.000000000,0,,0,1,0,0,FR1
9/5/2023 9:26,1.17.0,FR1,5,3.83,,1,Poke,Left,26,66,26,0,,,0,0 days 16:13:16.000000000,0,,0,1,0,0,FR1
9/5/2023 9:30,1.17.0,FR1,5,3.82,,1,Poke,Left,26,67,26,0,,,0.1,0 days 16:17:06.000000000,0,,0,1,0,0,FR1
9/5/2023 9:30,1.17.0,FR1,5,3.82,,1,Poke,Left,26,68,26,0,,,0.81,0 days 16:17:08.000000000,0,,0,1,0,0,FR1
9/5/2023 9:30,1.17.0,FR1,5,3.82,,1,Poke,Left,26,69,26,0,,,0.69,0 days 16:17:11.000000000,0,,0,1,0,0,FR1
9/5/2023 9:39,1.17.0,FR1,5,3.82,,1,Poke,Left,26,70,26,0,,,0,0 days 16:26:18.000000000,0,,0,1,0,0,FR1
9/5/2023 9:41,1.17.0,FR1,5,3.82,,1,Poke,Left,26,71,26,0,,,0.24,0 days 16:27:47.000000000,0,,0,1,0,0,FR1
9/5/2023 9:41,1.17.0,FR1,5,3.82,,1,Poke,Left,26,72,26,0,,,0,0 days 16:28:35.000000000,0,,0,1,0,0,FR1
9/5/2023 9:44,1.17.0,FR1,5,3.82,,1,Poke,Left,26,73,26,0,,,0.08,0 days 16:30:54.000000000,0,,0,1,0,0,FR1
9/5/2023 9:55,1.17.0,FR1,5,3.82,,1,Poke,Left,26,74,26,0,,,0.01,0 days 16:41:57.000000000,0,,0,1,0,0,FR1
9/5/2023 9:55,1.17.0,FR1,5,3.82,,1,Poke,Left,26,75,26,0,,,0.69,0 days 16:42:06.000000000,0,,0,1,0,0,FR1
9/5/2023 10:06,1.17.0,FR1,5,3.82,,1,Poke,Left,26,76,26,0,,,0.02,0 days 16:52:44.000000000,0,,0,1,0,0,FR1
9/5/2023 10:12,1.17.0,FR1,5,3.82,,1,Poke,Left,26,77,26,0,,,0.73,0 days 16:58:48.000000000,0,,0,1,0,0,FR1
9/5/2023 10:22,1.17.0,FR1,5,3.82,,1,Poke,Left,26,78,26,0,,,0.53,0 days 17:09:11.000000000,0,,0,1,0,0,FR1
9/5/2023 10:45,1.17.0,FR1,5,3.82,,1,Poke,Left,26,79,26,0,,,0.42,0 days 17:32:33.000000000,0,,0,1,0,0,FR1
9/5/2023 10:45,1.17.0,FR1,5,3.82,,1,Poke,Left,26,80,26,0,,,0.64,0 days 17:32:38.000000000,0,,0,1,0,0,FR1
9/5/2023 10:45,1.17.0,FR1,5,3.82,,1,Poke,Left,26,81,26,0,,,0.19,0 days 17:32:40.000000000,0,,0,1,0,0,FR1
9/5/2023 10:47,1.17.0,FR1,5,3.82,,1,Poke,Left,26,82,26,0,,,1.73,0 days 17:34:16.000000000,0,,0,1,0,0,FR1
9/5/2023 10:47,1.17.0,FR1,5,3.82,,1,Poke,Left,26,83,26,0,,,0.95,0 days 17:34:21.000000000,0,,0,1,0,0,FR1
9/5/2023 10:47,1.17.0,FR1,5,3.82,,1,Poke,Left,26,84,26,0,,,1.06,0 days 17:34:23.000000000,0,,0,1,0,0,FR1
9/5/2023 10:47,1.17.0,FR1,5,3.82,,1,Poke,Left,26,85,26,0,,,0.52,0 days 17:34:28.000000000,0,,0,1,0,0,FR1
9/5/2023 11:02,1.17.0,FR1,5,3.82,,1,Poke,Left,26,86,26,0,,,1.07,0 days 17:49:24.000000000,0,,0,1,0,0,FR1
9/5/2023 11:07,1.17.0,FR1,5,3.82,,1,Poke,Left,26,87,26,0,,,0.03,0 days 17:54:02.000000000,0,,0,1,0,0,FR1
9/5/2023 11:07,1.17.0,FR1,5,3.82,,1,Poke,Left,26,88,26,0,,,0.52,0 days 17:54:09.000000000,0,,0,1,0,0,FR1
9/5/2023 11:14,1.17.0,FR1,5,3.82,,1,Poke,Left,26,89,26,0,,,0.09,0 days 18:01:30.000000000,0,,0,1,0,0,FR1
9/5/2023 11:36,1.17.0,FR1,5,3.82,,1,Poke,Left,26,90,26,0,,,0.2,0 days 18:23:11.000000000,0,,0,1,0,0,FR1
9/5/2023 11:37,1.17.0,FR1,5,3.82,,1,Poke,Left,26,91,26,0,,,0.92,0 days 18:24:07.000000000,0,,0,1,0,0,FR1
9/5/2023 11:37,1.17.0,FR1,5,3.82,,1,Poke,Left,26,92,26,0,,,0.54,0 days 18:24:09.000000000,0,,0,1,0,0,FR1
9/5/2023 11:38,1.17.0,FR1,5,3.82,,1,Poke,Left,26,93,26,0,,,0.1,0 days 18:24:47.000000000,0,,0,1,0,0,FR1
9/5/2023 11:38,1.17.0,FR1,5,3.82,,1,Poke,Left,26,94,26,0,,,0.09,0 days 18:25:10.000000000,0,,0,1,0,0,FR1
9/5/2023 11:38,1.17.0,FR1,5,3.82,,1,Poke,Left,26,95,26,0,,,0.16,0 days 18:25:21.000000000,0,,0,1,0,0,FR1
9/5/2023 11:44,1.17.0,FR1,5,3.82,,1,Poke,Left,26,96,26,0,,,0.35,0 days 18:30:57.000000000,0,,0,1,0,0,FR1
9/5/2023 11:44,1.17.0,FR1,5,3.82,,1,Poke,Left,26,97,26,0,,,0.53,0 days 18:31:02.000000000,0,,0,1,0,0,FR1
9/5/2023 11:44,1.17.0,FR1,5,3.82,,1,Poke,Left,26,98,26,0,,,0.03,0 days 18:31:03.000000000,0,,0,1,0,0,FR1
9/5/2023 11:44,1.17.0,FR1,5,3.82,,1,Poke,Left,26,99,26,0,,,0,0 days 18:31:04.000000000,0,,0,1,0,0,FR1
9/5/2023 11:57,1.17.0,FR1,5,3.82,,1,Poke,Left,26,100,26,0,,,0.31,0 days 18:44:38.000000000,0,,0,1,0,0,FR1
9/5/2023 11:57,1.17.0,FR1,5,3.82,,1,Poke,Left,26,101,26,0,,,0,0 days 18:44:39.000000000,0,,0,1,0,0,FR1
9/5/2023 11:58,1.17.0,FR1,5,3.82,,1,Poke,Left,26,102,26,0,,,0,0 days 18:44:52.000000000,0,,0,1,0,0,FR1
9/5/2023 11:58,1.17.0,FR1,5,3.82,,1,Poke,Left,26,103,26,0,,,0,0 days 18:44:53.000000000,0,,0,1,0,0,FR1
9/5/2023 11:58,1.17.0,FR1,5,3.82,,1,Poke,Left,26,104,26,0,,,0.13,0 days 18:45:16.000000000,0,,0,1,0,0,FR1
9/5/2023 11:58,1.17.0,FR1,5,3.82,,1,Poke,Left,26,105,26,0,,,0,0 days 18:45:22.000000000,0,,0,1,0,0,FR1
9/5/2023 12:21,1.17.0,FR1,5,3.81,,1,Poke,Left,26,106,26,0,,,0.35,0 days 19:08:17.000000000,0,,0,1,0,0,FR1
9/5/2023 12:23,1.17.0,FR1,5,3.82,,1,Poke,Left,26,107,26,0,,,0.21,0 days 19:10:10.000000000,0,,0,1,0,0,FR1
9/5/2023 12:23,1.17.0,FR1,5,3.81,,1,Poke,Left,26,108,26,0,,,0.05,0 days 19:10:31.000000000,0,,0,1,0,0,FR1
9/5/2023 12:23,1.17.0,FR1,5,3.82,,1,Poke,Left,26,109,26,0,,,0.91,0 days 19:10:33.000000000,0,,0,1,0,0,FR1
9/5/2023 12:36,1.17.0,FR1,5,3.82,,1,Poke,Left,26,110,26,0,,,0.05,0 days 19:23:11.000000000,0,,0,1,0,0,FR1
9/5/2023 12:36,1.17.0,FR1,5,3.82,,1,Poke,Left,26,111,26,0,,,0.03,0 days 19:23:19.000000000,0,,0,1,0,0,FR1
9/5/2023 12:36,1.17.0,FR1,5,3.82,,1,Poke,Left,26,112,26,0,,,0.02,0 days 19:23:34.000000000,0,,0,1,0,0,FR1
9/5/2023 12:37,1.17.0,FR1,5,3.82,,1,Poke,Left,26,113,26,0,,,0.07,0 days 19:23:54.000000000,0,,0,1,0,0,FR1
9/5/2023 12:41,1.17.0,FR1,5,3.81,,1,Poke,Left,27,113,26,0,,,0.1,0 days 19:28:37.000000000,0,,1,0,1,0,FR1
9/5/2023 12:56,1.17.0,FR1,5,3.8,,1,Poke,Left,27,113,26,0,,,0.67,0 days 19:42:44.000000000,0,,0,0,0,0,FR1
9/5/2023 13:13,1.17.0,FR1,5,3.8,,1,Poke,Left,27,113,26,0,,,0.05,0 days 20:00:33.000000000,0,,0,0,0,0,FR1
9/5/2023 13:13,1.17.0,FR1,5,3.79,,1,Poke,Left,27,113,26,0,,,0.27,0 days 20:00:34.000000000,0,,0,0,0,0,FR1
9/5/2023 13:15,1.17.0,FR1,5,3.78,,1,Poke,Left,27,113,26,0,,,0.47,0 days 20:02:11.000000000,0,,0,0,0,0,FR1
9/5/2023 13:16,1.17.0,FR1,5,3.79,,1,Poke,Left,27,113,26,0,,,0.03,0 days 20:02:56.000000000,0,,0,0,0,0,FR1
9/5/2023 13:19,1.17.0,FR1,5,3.78,,1,Poke,Left,27,113,26,0,,,0.29,0 days 20:06:36.000000000,0,,0,0,0,0,FR1
9/5/2023 13:19,1.17.0,FR1,5,3.79,,1,Poke,Left,27,113,26,0,,,0.16,0 days 20:06:37.000000000,0,,0,0,0,0,FR1
9/5/2023 13:20,1.17.0,FR1,5,3.79,,1,Poke,Left,27,113,26,0,,,0.02,0 days 20:07:25.000000000,0,,0,0,0,0,FR1
9/5/2023 13:29,1.17.0,FR1,5,3.78,,1,Poke,Left,27,113,26,0,,,0.05,0 days 20:15:49.000000000,0,,0,0,0,0,FR1
9/5/2023 13:29,1.17.0,FR1,5,3.78,939,1,Pellet,Left,27,113,27,0,0.06,35905,,0 days 20:16:05.000000000,1,598.4166666666666,0,0,,0,FR1
9/5/2023 13:58,1.17.0,FR1,5,3.79,,1,Poke,Left,27,114,27,0,,,0.35,0 days 20:44:45.000000000,0,,0,1,0,0,FR1
9/5/2023 14:22,1.17.0,FR1,5,3.78,,1,Poke,Left,27,115,27,0,,,0.32,0 days 21:08:46.000000000,0,,0,1,0,0,FR1
9/5/2023 14:33,1.17.0,FR1,5,3.78,,1,Poke,Left,27,116,27,0,,,0.27,0 days 21:19:47.000000000,0,,0,1,0,0,FR1
9/5/2023 16:37,1.17.0,FR1,5,3.78,,1,Poke,Left,28,116,27,0,,,0.35,0 days 23:23:59.000000000,0,,1,0,1,0,FR1
9/6/2023 18:10,1.17.0,FR1,5,3.76,,1,Poke,Left,29,116,27,0,,,0.15,0 days 00:00:00.000000000,0,,1,0,1,1,FR1
9/6/2023 18:10,1.17.0,FR1,5,3.76,3,1,Pellet,Left,29,116,28,0,0.6,,,0 days 00:00:03.000000000,1,,0,0,,1,FR1
9/6/2023 18:10,1.17.0,FR1,5,3.76,,1,Poke,Left,30,116,28,0,,,0.15,0 days 00:00:20.000000000,0,,1,0,1,1,FR1
9/6/2023 18:10,1.17.0,FR1,5,3.76,1,1,Pellet,Left,30,116,29,0,0.42,18,,0 days 00:00:21.000000000,1,0.3,0,0,,1,FR1
9/6/2023 18:10,1.17.0,FR1,5,3.76,,1,Poke,Left,31,116,29,0,,,0.04,0 days 00:00:47.000000000,0,,1,0,1,1,FR1
9/6/2023 18:11,1.17.0,FR1,5,3.76,3,1,Pellet,Left,31,116,30,0,16.19,45,,0 days 00:01:06.000000000,1,0.75,0,0,,1,FR1
9/6/2023 18:11,1.17.0,FR1,5,3.76,,1,Poke,Left,32,116,30,0,,,0.1,0 days 00:01:42.000000000,0,,1,0,1,1,FR1
9/6/2023 18:11,1.17.0,FR1,5,3.77,1,1,Pellet,Left,32,116,31,0,0.24,37,,0 days 00:01:43.000000000,1,0.6166666666666667,0,0,,1,FR1
9/6/2023 18:12,1.17.0,FR1,5,3.76,,1,Poke,Left,33,116,31,0,,,0.27,0 days 00:02:12.000000000,0,,1,0,1,1,FR1
9/6/2023 18:12,1.17.0,FR1,5,3.77,1,1,Pellet,Left,33,116,32,0,0.18,30,,0 days 00:02:13.000000000,1,0.5,0,0,,1,FR1
9/6/2023 18:12,1.17.0,FR1,5,3.76,,1,Poke,Left,34,116,32,0,,,0.21,0 days 00:02:49.000000000,0,,1,0,1,1,FR1
9/6/2023 18:12,1.17.0,FR1,5,3.76,1,1,Pellet,Left,34,116,33,0,0.18,36,,0 days 00:02:50.000000000,1,0.6166666666666667,0,0,,1,FR1
9/6/2023 18:13,1.17.0,FR1,5,3.76,,1,Poke,Left,35,116,33,0,,,0.23,0 days 00:03:22.000000000,0,,1,0,1,1,FR1
9/6/2023 18:13,1.17.0,FR1,5,3.77,1,1,Pellet,Left,35,116,34,0,0.36,34,,0 days 00:03:23.000000000,1,0.55,0,0,,1,FR1
9/6/2023 18:14,1.17.0,FR1,5,3.76,,1,Poke,Left,36,116,34,0,,,0.19,0 days 00:04:00.000000000,0,,1,0,1,1,FR1
9/6/2023 18:14,1.17.0,FR1,5,3.76,1,1,Pellet,Left,36,116,35,0,0.3,38,,0 days 00:04:01.000000000,1,0.6333333333333333,0,0,,1,FR1
9/6/2023 18:14,1.17.0,FR1,5,3.76,,1,Poke,Left,37,116,35,0,,,0.03,0 days 00:04:33.000000000,0,,1,0,1,1,FR1
9/6/2023 18:14,1.17.0,FR1,5,3.76,2,1,Pellet,Left,37,116,36,0,0.36,33,,0 days 00:04:34.000000000,1,0.55,0,0,,1,FR1
9/6/2023 18:14,1.17.0,FR1,5,3.76,,1,Poke,Left,38,116,36,0,,,0.37,0 days 00:04:40.000000000,0,,1,0,1,1,FR1
9/6/2023 18:14,1.17.0,FR1,5,3.76,1,1,Pellet,Left,38,116,37,0,0.73,7,,0 days 00:04:41.000000000,1,0.11666666666666667,0,0,,1,FR1
9/6/2023 18:15,1.17.0,FR1,5,3.76,,1,Poke,Left,39,116,37,0,,,0.04,0 days 00:04:53.000000000,0,,1,0,1,1,FR1
9/6/2023 18:15,1.17.0,FR1,5,3.76,,1,Poke,Left,39,116,37,0,,,0.02,0 days 00:04:53.000000000,0,,0,0,0,1,FR1
9/6/2023 18:15,1.17.0,FR1,5,3.76,,1,Poke,Left,39,116,37,0,,,0.08,0 days 00:04:53.000000000,0,,0,0,0,1,FR1
9/6/2023 18:15,1.17.0,FR1,5,3.76,2,1,Pellet,Left,39,116,38,0,1.83,17,,0 days 00:04:58.000000000,1,0.2833333333333333,0,0,,1,FR1
9/6/2023 18:15,1.17.0,FR1,5,3.77,,1,Poke,Left,40,116,38,0,,,0,0 days 00:05:05.000000000,0,,1,0,1,1,FR1
9/6/2023 18:16,1.17.0,FR1,5,3.76,1,1,Pellet,Left,40,116,39,0,46.22,54,,0 days 00:05:52.000000000,1,0.9,0,0,,1,FR1
9/6/2023 18:18,1.17.0,FR1,5,3.76,,1,Poke,Left,41,116,39,0,,,0.29,0 days 00:08:47.000000000,0,,1,0,1,1,FR1
9/6/2023 18:18,1.17.0,FR1,5,3.76,1,1,Pellet,Left,41,116,40,0,0.61,176,,0 days 00:08:48.000000000,1,2.933333333333333,0,0,,1,FR1
9/6/2023 18:19,1.17.0,FR1,5,3.77,,1,Poke,Left,42,116,40,0,,,0.46,0 days 00:08:58.000000000,0,,1,0,1,1,FR1
9/6/2023 18:19,1.17.0,FR1,5,3.76,1,1,Pellet,Left,42,116,41,0,0.48,12,,0 days 00:09:00.000000000,1,0.2,0,0,,1,FR1
9/6/2023 18:19,1.17.0,FR1,5,3.76,,1,Poke,Left,42,117,41,0,,,0.14,0 days 00:09:03.000000000,0,,0,1,0,1,FR1
9/6/2023 18:21,1.17.0,FR1,5,3.76,,1,Poke,Left,43,117,41,0,,,0.16,0 days 00:11:02.000000000,0,,1,0,1,1,FR1
9/6/2023 18:22,1.17.0,FR1,5,3.76,1,1,Pellet,Left,43,117,42,0,58.6,182,,0 days 00:12:02.000000000,1,3.033333333333333,0,0,,1,FR1
9/6/2023 18:22,1.17.0,FR1,5,3.76,,1,Poke,Left,44,117,42,0,,,0.7,0 days 00:12:41.000000000,0,,1,0,1,1,FR1
9/6/2023 18:23,1.17.0,FR1,5,3.77,1,1,Pellet,Left,44,117,43,0,34.92,75,,0 days 00:13:17.000000000,1,1.25,0,0,,1,FR1
9/6/2023 18:23,1.17.0,FR1,5,3.77,,1,Poke,Left,45,117,43,0,,,0.38,0 days 00:13:46.000000000,0,,1,0,1,1,FR1
9/6/2023 18:25,1.17.0,FR1,5,3.76,,1,Poke,Left,45,117,43,0,,,0.43,0 days 00:15:19.000000000,0,,0,0,0,1,FR1
9/6/2023 18:25,1.17.0,FR1,5,3.77,,1,Poke,Left,45,117,43,0,,,0.21,0 days 00:15:23.000000000,0,,0,0,0,1,FR1
9/6/2023 18:25,1.17.0,FR1,5,3.76,,1,Poke,Left,45,117,43,0,,,0.42,0 days 00:15:46.000000000,0,,0,0,0,1,FR1
9/6/2023 18:28,1.17.0,FR1,5,3.76,,1,Poke,Left,45,117,43,0,,,0.17,0 days 00:18:24.000000000,0,,0,0,0,1,FR1
9/6/2023 18:28,1.17.0,FR1,5,3.76,,1,Poke,Left,45,117,43,0,,,0.4,0 days 00:18:35.000000000,0,,0,0,0,1,FR1
9/6/2023 18:32,1.17.0,FR1,5,3.76,,1,Poke,Left,45,117,43,0,,,0.45,0 days 00:22:18.000000000,0,,0,0,0,1,FR1
9/6/2023 18:32,1.17.0,FR1,5,3.76,,1,Poke,Left,45,117,43,0,,,1.25,0 days 00:22:22.000000000,0,,0,0,0,1,FR1
9/6/2023 18:33,1.17.0,FR1,5,3.76,,1,Poke,Left,45,117,43,0,,,0.06,0 days 00:23:13.000000000,0,,0,0,0,1,FR1
9/6/2023 18:33,1.17.0,FR1,5,3.76,,1,Poke,Left,45,117,43,0,,,0.26,0 days 00:23:21.000000000,0,,0,0,0,1,FR1
9/6/2023 19:44,1.17.0,FR1,5,3.74,781,1,Pellet,Left,45,117,44,0,,4893,,0 days 01:34:50.000000000,1,81.55,0,0,,1,FR1
9/6/2023 19:46,1.17.0,FR1,5,3.74,,1,Poke,Left,46,117,44,0,,,0.07,0 days 01:35:51.000000000,0,,1,0,1,1,FR1
9/6/2023 19:46,1.17.0,FR1,5,3.74,,1,Poke,Left,46,117,44,0,,,0.32,0 days 01:36:12.000000000,0,,0,0,0,1,FR1
9/6/2023 19:46,1.17.0,FR1,5,3.74,,1,Poke,Left,46,117,44,0,,,0.14,0 days 01:36:14.000000000,0,,0,0,0,1,FR1
9/6/2023 19:46,1.17.0,FR1,5,3.74,,1,Poke,Left,46,117,44,0,,,0.11,0 days 01:36:15.000000000,0,,0,0,0,1,FR1
9/6/2023 19:46,1.17.0,FR1,5,3.74,,1,Poke,Left,46,117,44,0,,,0.04,0 days 01:36:21.000000000,0,,0,0,0,1,FR1
9/6/2023 19:46,1.17.0,FR1,5,3.74,,1,Poke,Left,46,117,44,0,,,0.04,0 days 01:36:21.000000000,0,,0,0,0,1,FR1
9/6/2023 19:46,1.17.0,FR1,5,3.74,,1,Poke,Left,46,117,44,0,,,0.29,0 days 01:36:34.000000000,0,,0,0,0,1,FR1
9/6/2023 19:46,1.17.0,FR1,5,3.74,,1,Poke,Left,46,117,44,0,,,0.49,0 days 01:36:35.000000000,0,,0,0,0,1,FR1
9/6/2023 19:46,1.17.0,FR1,5,3.74,,1,Poke,Left,46,117,44,0,,,0.26,0 days 01:36:42.000000000,0,,0,0,0,1,FR1
9/6/2023 20:25,1.17.0,FR1,5,3.73,,1,Poke,Left,46,117,44,0,,,0.27,0 days 02:15:49.000000000,0,,0,0,0,1,FR1
9/6/2023 20:29,1.17.0,FR1,5,3.72,,1,Poke,Left,46,117,44,0,,,0.1,0 days 02:19:19.000000000,0,,0,0,0,1,FR1
9/6/2023 20:37,1.17.0,FR1,5,3.72,,1,Poke,Left,46,117,44,0,,,0.59,0 days 02:26:59.000000000,0,,0,0,0,1,FR1
9/6/2023 20:56,1.17.0,FR1,5,3.71,,1,Poke,Left,46,117,44,0,,,0.05,0 days 02:46:32.000000000,0,,0,0,0,1,FR1
9/6/2023 21:25,1.17.0,FR1,5,3.7,,1,Poke,Left,46,117,44,0,,,0.44,0 days 03:15:20.000000000,0,,0,0,0,1,FR1
9/6/2023 21:56,1.17.0,FR1,5,3.69,,1,Poke,Left,46,117,44,0,,,0.28,0 days 03:46:00.000000000,0,,0,0,0,1,FR1
9/6/2023 22:52,1.17.0,FR1,5,3.67,,1,Poke,Left,46,117,44,0,,,1.88,0 days 04:42:14.000000000,0,,0,0,0,1,FR1
9/6/2023 22:53,1.17.0,FR1,5,3.67,,1,Poke,Left,46,117,44,0,,,0.01,0 days 04:43:11.000000000,0,,0,0,0,1,FR1
9/6/2023 22:53,1.17.0,FR1,5,3.67,,1,Poke,Left,46,117,44,0,,,0.16,0 days 04:43:14.000000000,0,,0,0,0,1,FR1
9/6/2023 22:53,1.17.0,FR1,5,3.67,,1,Poke,Left,46,117,44,0,,,0.22,0 days 04:43:49.000000000,0,,0,0,0,1,FR1
9/6/2023 22:54,1.17.0,FR1,5,3.67,,1,Poke,Left,46,117,44,0,,,0.06,0 days 04:44:00.000000000,0,,0,0,0,1,FR1
9/6/2023 23:12,1.17.0,FR1,5,3.67,,1,Poke,Left,46,117,44,0,,,0.17,0 days 05:02:16.000000000,0,,0,0,0,1,FR1
9/6/2023 23:51,1.17.0,FR1,5,3.66,,1,Poke,Left,46,117,44,0,,,0.12,0 days 05:41:21.000000000,0,,0,0,0,1,FR1
9/7/2023 0:01,1.17.0,FR1,5,3.65,,1,Poke,Left,46,117,44,0,,,0.54,0 days 05:50:57.000000000,0,,0,0,0,1,FR1
9/7/2023 0:01,1.17.0,FR1,5,3.65,,1,Poke,Left,46,117,44,0,,,0.18,0 days 05:51:15.000000000,0,,0,0,0,1,FR1
9/7/2023 0:01,1.17.0,FR1,5,3.65,,1,Poke,Left,46,117,44,0,,,0.11,0 days 05:51:15.000000000,0,,0,0,0,1,FR1
9/7/2023 0:01,1.17.0,FR1,5,3.65,,1,Poke,Left,46,117,44,0,,,0.19,0 days 05:51:36.000000000,0,,0,0,0,1,FR1
9/7/2023 2:45,1.17.0,FR1,5,3.63,,1,Poke,Left,46,117,44,0,,,0.27,0 days 08:35:42.000000000,0,,0,0,0,1,FR1
9/7/2023 2:45,1.17.0,FR1,5,3.63,,1,Poke,Left,46,117,44,0,,,0.11,0 days 08:35:45.000000000,0,,0,0,0,1,FR1
9/7/2023 3:13,1.17.0,FR1,5,3.62,,1,Poke,Left,46,117,44,0,,,0.13,0 days 09:03:02.000000000,0,,0,0,0,1,FR1
9/7/2023 3:15,1.17.0,FR1,5,3.62,,1,Poke,Left,46,117,44,0,,,0.11,0 days 09:04:52.000000000,0,,0,0,0,1,FR1
9/7/2023 3:45,1.17.0,FR1,5,3.61,,1,Poke,Left,46,117,44,0,,,0.11,0 days 09:35:42.000000000,0,,0,0,0,1,FR1
9/7/2023 5:55,1.17.0,FR1,5,3.59,,1,Poke,Left,46,117,44,0,,,0.22,0 days 11:45:39.000000000,0,,0,0,0,1,FR1
9/7/2023 5:55,1.17.0,FR1,5,3.59,,1,Poke,Left,46,117,44,0,,,0.43,0 days 11:45:40.000000000,0,,0,0,0,1,FR1
9/7/2023 6:21,1.17.0,FR1,5,3.58,,1,Poke,Left,46,117,44,0,,,0.15,0 days 12:11:31.000000000,0,,0,0,0,1,FR1
9/7/2023 6:21,1.17.0,FR1,5,3.58,,1,Poke,Left,46,117,44,0,,,0.1,0 days 12:11:38.000000000,0,,0,0,0,1,FR1
9/7/2023 9:00,1.17.0,FR1,5,3.54,,1,Poke,Left,46,117,44,0,,,0.14,0 days 14:50:20.000000000,0,,0,0,0,1,FR1
9/7/2023 10:22,1.17.0,FR1,5,3.51,17329,1,Pellet,Left,46,117,45,0,0.61,52639,,0 days 16:12:09.000000000,1,877.3166666666667,0,0,,1,FR1
9/7/2023 10:43,1.17.0,FR1,5,4.23,,1,Poke,Left,47,117,45,0,,,0.34,0 days 00:00:00.000000000,0,,1,0,1,2,FR1
9/7/2023 10:43,1.17.0,FR1,5,4.22,3,1,Pellet,Left,47,117,46,0,8.39,,,0 days 00:00:13.000000000,1,,0,0,,2,FR1
9/7/2023 10:43,1.17.0,FR1,5,4.23,,1,Poke,Left,48,117,46,0,,,0.16,0 days 00:00:30.000000000,0,,1,0,1,2,FR1
9/7/2023 10:43,1.17.0,FR1,5,4.23,2,1,Pellet,Left,48,117,47,0,0.74,19,,0 days 00:00:32.000000000,1,0.31666666666666665,0,0,,2,FR1
9/7/2023 10:44,1.17.0,FR1,5,4.23,,1,Poke,Left,48,118,47,0,,,0.16,0 days 00:01:17.000000000,0,,0,1,0,2,FR1
9/7/2023 10:44,1.17.0,FR1,5,4.22,,1,Poke,Left,48,119,47,0,,,0.36,0 days 00:01:21.000000000,0,,0,1,0,2,FR1
9/7/2023 10:46,1.17.0,FR1,5,4.23,,1,Poke,Left,48,120,47,0,,,0.18,0 days 00:03:25.000000000,0,,0,1,0,2,FR1
9/7/2023 10:46,1.17.0,FR1,5,4.23,,1,Poke,Left,49,120,47,0,,,0.09,0 days 00:03:36.000000000,0,,1,0,1,2,FR1
9/7/2023 10:47,1.17.0,FR1,5,4.22,3,1,Pellet,Left,49,120,48,0,10.1,197,,0 days 00:03:49.000000000,1,3.283333333333333,0,0,,2,FR1
9/7/2023 10:47,1.17.0,FR1,5,4.22,,1,Poke,Left,50,120,48,0,,,0.95,0 days 00:04:29.000000000,0,,1,0,1,2,FR1
9/7/2023 10:47,1.17.0,FR1,5,4.23,1,1,Pellet,Left,50,120,49,0,2.86,45,,0 days 00:04:34.000000000,1,0.75,0,0,,2,FR1
9/7/2023 10:47,1.17.0,FR1,5,4.23,,1,Poke,Left,51,120,49,0,,,0.36,0 days 00:04:40.000000000,0,,1,0,1,2,FR1
9/7/2023 10:47,1.17.0,FR1,5,4.23,1,1,Pellet,Left,51,120,50,0,0.4,8,,0 days 00:04:42.000000000,1,0.13333333333333333,0,0,,2,FR1
9/7/2023 10:50,1.17.0,FR1,5,4.22,,1,Poke,Left,52,120,50,0,,,0.33,0 days 00:07:19.000000000,0,,1,0,1,2,FR1
9/7/2023 10:50,1.17.0,FR1,5,4.23,1,1,Pellet,Left,52,120,51,0,7.71,166,,0 days 00:07:28.000000000,1,2.7666666666666666,0,0,,2,FR1
9/7/2023 10:50,1.17.0,FR1,5,4.23,,1,Poke,Left,53,120,51,0,,,0.26,0 days 00:07:37.000000000,0,,1,0,1,2,FR1
9/7/2023 10:50,1.17.0,FR1,5,4.23,1,1,Pellet,Left,53,120,52,0,1.7,12,,0 days 00:07:40.000000000,1,0.2,0,0,,2,FR1
9/7/2023 10:51,1.17.0,FR1,5,4.22,,1,Poke,Left,54,120,52,0,,,0.16,0 days 00:07:51.000000000,0,,1,0,1,2,FR1
9/7/2023 10:51,1.17.0,FR1,5,4.23,,1,Poke,Left,54,120,52,0,,,0.17,0 days 00:07:52.000000000,0,,0,0,0,2,FR1
9/7/2023 10:51,1.17.0,FR1,5,4.23,2,1,Pellet,Left,54,120,53,0,7.5,22,,0 days 00:08:02.000000000,1,0.36666666666666664,0,0,,2,FR1
9/7/2023 10:51,1.17.0,FR1,5,4.23,,1,Poke,Left,54,121,53,0,,,0.08,0 days 00:08:10.000000000,0,,0,1,0,2,FR1
9/7/2023 10:51,1.17.0,FR1,5,4.23,,1,Poke,Left,55,121,53,0,,,0.3,0 days 00:08:17.000000000,0,,1,0,1,2,FR1
9/7/2023 10:51,1.17.0,FR1,5,4.23,,1,Poke,Left,55,121,53,0,,,0.29,0 days 00:08:27.000000000,0,,0,0,0,2,FR1
9/7/2023 10:52,1.17.0,FR1,5,4.23,1,1,Pellet,Left,55,121,54,0,49.31,65,,0 days 00:09:07.000000000,1,1.0833333333333333,0,0,,2,FR1
9/7/2023 10:52,1.17.0,FR1,5,4.22,,1,Poke,Left,56,121,54,0,,,0.2,0 days 00:09:25.000000000,0,,1,0,1,2,FR1
9/7/2023 10:52,1.17.0,FR1,5,4.22,1,1,Pellet,Left,56,121,55,0,0.54,20,,0 days 00:09:27.000000000,1,0.3333333333333333,0,0,,2,FR1
9/7/2023 10:54,1.17.0,FR1,5,4.23,,1,Poke,Left,56,122,55,0,,,0.16,0 days 00:10:57.000000000,0,,0,1,0,2,FR1
9/7/2023 10:54,1.17.0,FR1,5,4.22,,1,Poke,Left,57,122,55,0,,,0.44,0 days 00:11:10.000000000,0,,1,0,1,2,FR1
9/7/2023 10:54,1.17.0,FR1,5,4.23,1,1,Pellet,Left,57,122,56,0,0.68,105,,0 days 00:11:12.000000000,1,1.75,0,0,,2,FR1
9/7/2023 10:54,1.17.0,FR1,5,4.22,,1,Poke,Left,57,123,56,0,,,0.08,0 days 00:11:31.000000000,0,,0,1,0,2,FR1
9/7/2023 10:55,1.17.0,FR1,5,4.22,,1,Poke,Left,58,123,56,0,,,0.38,0 days 00:11:54.000000000,0,,1,0,1,2,FR1
9/7/2023 10:55,1.17.0,FR1,5,4.22,,1,Poke,Left,58,123,56,0,,,0.12,0 days 00:11:55.000000000,0,,0,0,0,2,FR1
9/7/2023 10:55,1.17.0,FR1,5,4.23,,1,Poke,Left,58,123,56,0,,,1.3,0 days 00:11:59.000000000,0,,0,0,0,2,FR1
9/7/2023 10:55,1.17.0,FR1,5,4.22,,1,Poke,Left,58,123,56,0,,,0.91,0 days 00:12:00.000000000,0,,0,0,0,2,FR1
9/7/2023 10:55,1.17.0,FR1,5,4.22,,1,Poke,Left,58,123,56,0,,,0.47,0 days 00:12:01.000000000,0,,0,0,0,2,FR1
9/7/2023 10:55,1.17.0,FR1,5,4.22,,1,Poke,Left,58,123,56,0,,,0.64,0 days 00:12:02.000000000,0,,0,0,0,2,FR1
9/7/2023 10:55,1.17.0,FR1,5,4.23,,1,Poke,Left,58,123,56,0,,,1.16,0 days 00:12:04.000000000,0,,0,0,0,2,FR1
9/7/2023 10:55,1.17.0,FR1,5,4.22,,1,Poke,Left,58,123,56,0,,,0.35,0 days 00:12:05.000000000,0,,0,0,0,2,FR1
9/7/2023 10:55,1.17.0,FR1,5,4.22,,1,Poke,Left,58,123,56,0,,,0.64,0 days 00:12:06.000000000,0,,0,0,0,2,FR1
9/7/2023 10:55,1.17.0,FR1,5,4.22,2,1,Pellet,Left,58,123,57,0,10.4,56,,0 days 00:12:08.000000000,1,0.9333333333333333,0,0,,2,FR1
9/7/2023 10:55,1.17.0,FR1,5,4.22,,1,Poke,Left,58,124,57,0,,,0.69,0 days 00:12:16.000000000,0,,0,1,0,2,FR1
9/7/2023 10:55,1.17.0,FR1,5,4.23,,1,Poke,Left,59,124,57,0,,,0.45,0 days 00:12:20.000000000,0,,1,0,1,2,FR1
9/7/2023 10:55,1.17.0,FR1,5,4.22,,1,Poke,Left,59,124,57,0,,,0.97,0 days 00:12:25.000000000,0,,0,0,0,2,FR1
9/7/2023 10:55,1.17.0,FR1,5,4.22,,1,Poke,Left,59,124,57,0,,,0.29,0 days 00:12:26.000000000,0,,0,0,0,2,FR1
9/7/2023 10:55,1.17.0,FR1,5,4.23,,1,Poke,Left,59,124,57,0,,,1.61,0 days 00:12:28.000000000,0,,0,0,0,2,FR1
9/7/2023 10:55,1.17.0,FR1,5,4.22,,1,Poke,Left,59,124,57,0,,,1.07,0 days 00:12:29.000000000,0,,0,0,0,2,FR1
9/7/2023 10:55,1.17.0,FR1,5,4.22,,1,Poke,Left,59,124,57,0,,,0.05,0 days 00:12:30.000000000,0,,0,0,0,2,FR1
9/7/2023 10:55,1.17.0,FR1,5,4.23,,1,Poke,Left,59,124,57,0,,,0.2,0 days 00:12:30.000000000,0,,0,0,0,2,FR1
9/7/2023 10:55,1.17.0,FR1,5,4.23,,1,Poke,Left,59,124,57,0,,,0.52,0 days 00:12:31.000000000,0,,0,0,0,2,FR1
9/7/2023 10:55,1.17.0,FR1,5,4.22,1,1,Pellet,Left,59,124,58,0,13.27,27,,0 days 00:12:35.000000000,1,0.45,0,0,,2,FR1
9/7/2023 10:56,1.17.0,FR1,5,4.22,,1,Poke,Left,59,125,58,0,,,0.44,0 days 00:12:43.000000000,0,,0,1,0,2,FR1
9/7/2023 11:57,1.17.0,FR1,5,4.22,,1,Poke,Left,60,125,58,0,,,0.06,0 days 01:13:47.000000000,0,,1,0,1,2,FR1
9/7/2023 11:57,1.17.0,FR1,5,4.22,1,1,Pellet,Left,60,125,59,0,0.68,3674,,0 days 01:13:49.000000000,1,61.233333333333334,0,0,,2,FR1
9/7/2023 11:57,1.17.0,FR1,5,4.22,,1,Poke,Left,61,125,59,0,,,0.22,0 days 01:14:38.000000000,0,,1,0,1,2,FR1
9/7/2023 11:57,1.17.0,FR1,5,4.22,1,1,Pellet,Left,61,125,60,0,0.27,51,,0 days 01:14:40.000000000,1,0.85,0,0,,2,FR1
9/7/2023 11:58,1.17.0,FR1,5,4.22,,1,Poke,Left,62,125,60,0,,,0.25,0 days 01:15:09.000000000,0,,1,0,1,2,FR1
9/7/2023 11:58,1.17.0,FR1,5,4.22,1,1,Pellet,Left,62,125,61,0,0.68,31,,0 days 01:15:11.000000000,1,0.5166666666666667,0,0,,2,FR1
9/7/2023 11:59,1.17.0,FR1,5,4.22,,1,Poke,Left,63,125,61,0,,,0.36,0 days 01:15:43.000000000,0,,1,0,1,2,FR1
9/7/2023 11:59,1.17.0,FR1,5,4.22,1,1,Pellet,Left,63,125,62,0,0.54,34,,0 days 01:15:45.000000000,1,0.5666666666666667,0,0,,2,FR1
9/7/2023 11:59,1.17.0,FR1,5,4.22,,1,Poke,Left,64,125,62,0,,,0.15,0 days 01:16:15.000000000,0,,1,0,1,2,FR1
9/7/2023 11:59,1.17.0,FR1,5,4.22,1,1,Pellet,Left,64,125,63,0,1.08,32,,0 days 01:16:17.000000000,1,0.5333333333333333,0,0,,2,FR1
9/7/2023 12:00,1.17.0,FR1,5,4.22,,1,Poke,Left,65,125,63,0,,,0.19,0 days 01:16:49.000000000,0,,1,0,1,2,FR1
9/7/2023 12:00,1.17.0,FR1,5,4.22,1,1,Pellet,Left,65,125,64,0,0.54,34,,0 days 01:16:51.000000000,1,0.5666666666666667,0,0,,2,FR1
9/7/2023 12:00,1.17.0,FR1,5,4.22,,1,Poke,Left,66,125,64,0,,,0.38,0 days 01:17:30.000000000,0,,1,0,1,2,FR1
9/7/2023 12:00,1.17.0,FR1,5,4.22,1,1,Pellet,Left,66,125,65,0,0.27,41,,0 days 01:17:32.000000000,1,0.6833333333333333,0,0,,2,FR1
9/7/2023 12:01,1.17.0,FR1,5,4.22,,1,Poke,Left,67,125,65,0,,,0.13,0 days 01:17:59.000000000,0,,1,0,1,2,FR1
9/7/2023 12:01,1.17.0,FR1,5,4.22,1,1,Pellet,Left,67,125,66,0,0.27,29,,0 days 01:18:01.000000000,1,0.48333333333333334,0,0,,2,FR1
9/7/2023 12:01,1.17.0,FR1,5,4.22,,1,Poke,Left,68,125,66,0,,,0.03,0 days 01:18:33.000000000,0,,1,0,1,2,FR1
9/7/2023 12:01,1.17.0,FR1,5,4.21,1,1,Pellet,Left,68,125,67,0,0.47,34,,0 days 01:18:35.000000000,1,0.5666666666666667,0,0,,2,FR1
9/7/2023 12:02,1.17.0,FR1,5,4.22,,1,Poke,Left,69,125,67,0,,,0.17,0 days 01:19:12.000000000,0,,1,0,1,2,FR1
9/7/2023 12:02,1.17.0,FR1,5,4.22,1,1,Pellet,Left,69,125,68,0,0.34,39,,0 days 01:19:14.000000000,1,0.65,0,0,,2,FR1
9/7/2023 12:03,1.17.0,FR1,5,4.22,,1,Poke,Left,70,125,68,0,,,0.14,0 days 01:19:44.000000000,0,,1,0,1,2,FR1
9/7/2023 12:03,1.17.0,FR1,5,4.22,1,1,Pellet,Left,70,125,69,0,0.2,31,,0 days 01:19:45.000000000,1,0.5166666666666667,0,0,,2,FR1
9/7/2023 12:03,1.17.0,FR1,5,4.22,,1,Poke,Left,71,125,69,0,,,0.65,0 days 01:20:27.000000000,0,,1,0,1,2,FR1
9/7/2023 12:03,1.17.0,FR1,5,4.22,1,1,Pellet,Left,71,125,70,0,0.27,44,,0 days 01:20:29.000000000,1,0.7333333333333333,0,0,,2,FR1
9/7/2023 12:04,1.17.0,FR1,5,4.22,,1,Poke,Left,72,125,70,0,,,0.21,0 days 01:21:04.000000000,0,,1,0,1,2,FR1
9/7/2023 12:04,1.17.0,FR1,5,4.22,1,1,Pellet,Left,72,125,71,0,0.27,37,,0 days 01:21:06.000000000,1,0.6166666666666667,0,0,,2,FR1
9/7/2023 12:04,1.17.0,FR1,5,4.22,,1,Poke,Left,73,125,71,0,,,0.15,0 days 01:21:32.000000000,0,,1,0,1,2,FR1
9/7/2023 12:04,1.17.0,FR1,5,4.22,1,1,Pellet,Left,73,125,72,0,1.36,29,,0 days 01:21:35.000000000,1,0.48333333333333334,0,0,,2,FR1
9/7/2023 12:05,1.17.0,FR1,5,4.22,,1,Poke,Left,74,125,72,0,,,0.25,0 days 01:22:09.000000000,0,,1,0,1,2,FR1
9/7/2023 12:05,1.17.0,FR1,5,4.22,1,1,Pellet,Left,74,125,73,0,0.2,36,,0 days 01:22:11.000000000,1,0.6,0,0,,2,FR1
9/7/2023 12:06,1.17.0,FR1,5,4.22,,1,Poke,Left,75,125,73,0,,,0.37,0 days 01:22:43.000000000,0,,1,0,1,2,FR1
9/7/2023 12:06,1.17.0,FR1,5,4.22,1,1,Pellet,Left,75,125,74,0,0.13,33,,0 days 01:22:44.000000000,1,0.55,0,0,,2,FR1
9/7/2023 12:06,1.17.0,FR1,5,4.22,,1,Poke,Left,76,125,74,0,,,0.13,0 days 01:23:15.000000000,0,,1,0,1,2,FR1
9/7/2023 12:06,1.17.0,FR1,5,4.22,1,1,Pellet,Left,76,125,75,0,0.61,33,,0 days 01:23:17.000000000,1,0.55,0,0,,2,FR1
9/7/2023 12:46,1.17.0,FR1,5,4.21,,1,Poke,Left,77,125,75,0,,,0.35,0 days 02:03:00.000000000,0,,1,0,1,2,FR1
9/7/2023 12:46,1.17.0,FR1,5,4.21,2,1,Pellet,Left,77,125,76,0,0.54,2387,,0 days 02:03:04.000000000,1,39.78333333333333,0,0,,2,FR1
9/7/2023 12:53,1.17.0,FR1,5,4.22,,1,Poke,Left,78,125,76,0,,,0.43,0 days 02:10:37.000000000,0,,1,0,1,2,FR1
9/7/2023 12:53,1.17.0,FR1,5,4.21,1,1,Pellet,Left,78,125,77,0,0.47,455,,0 days 02:10:39.000000000,1,7.583333333333333,0,0,,2,FR1
9/7/2023 12:54,1.17.0,FR1,5,4.21,,1,Poke,Left,78,126,77,0,,,0.26,0 days 02:11:28.000000000,0,,0,1,0,2,FR1
9/7/2023 12:54,1.17.0,FR1,5,4.22,,1,Poke,Left,79,126,77,0,,,0.3,0 days 02:11:31.000000000,0,,1,0,1,2,FR1
9/7/2023 12:54,1.17.0,FR1,5,4.2,2,1,Pellet,Left,79,126,78,0,0.27,54,,0 days 02:11:33.000000000,1,0.9,0,0,,2,FR1
9/7/2023 12:55,1.17.0,FR1,5,4.21,,1,Poke,Left,80,126,78,0,,,0.21,0 days 02:11:59.000000000,0,,1,0,1,2,FR1
9/7/2023 12:55,1.17.0,FR1,5,4.21,1,1,Pellet,Left,80,126,79,0,0.2,27,,0 days 02:12:01.000000000,1,0.4666666666666667,0,0,,2,FR1
9/7/2023 12:55,1.17.0,FR1,5,4.22,,1,Poke,Left,81,126,79,0,,,0.07,0 days 02:12:31.000000000,0,,1,0,1,2,FR1
9/7/2023 12:55,1.17.0,FR1,5,4.22,1,1,Pellet,Left,81,126,80,0,0.2,32,,0 days 02:12:32.000000000,1,0.5166666666666667,0,0,,2,FR1
9/7/2023 12:56,1.17.0,FR1,5,4.22,,1,Poke,Left,82,126,80,0,,,0.05,0 days 02:13:10.000000000,0,,1,0,1,2,FR1
9/7/2023 12:56,1.17.0,FR1,5,4.21,1,1,Pellet,Left,82,126,81,0,0.2,40,,0 days 02:13:12.000000000,1,0.6666666666666666,0,0,,2,FR1
9/7/2023 12:56,1.17.0,FR1,5,4.21,,1,Poke,Left,83,126,81,0,,,0.15,0 days 02:13:41.000000000,0,,1,0,1,2,FR1
9/7/2023 12:57,1.17.0,FR1,5,4.21,1,1,Pellet,Left,83,126,82,0,0.13,31,,0 days 02:13:43.000000000,1,0.5166666666666667,0,0,,2,FR1
9/7/2023 12:57,1.17.0,FR1,5,4.22,,1,Poke,Left,84,126,82,0,,,0.35,0 days 02:14:16.000000000,0,,1,0,1,2,FR1
9/7/2023 12:57,1.17.0,FR1,5,4.21,1,1,Pellet,Left,84,126,83,0,0.47,35,,0 days 02:14:18.000000000,1,0.5833333333333334,0,0,,2,FR1
9/7/2023 12:57,1.17.0,FR1,5,4.22,,1,Poke,Left,85,126,83,0,,,0.01,0 days 02:14:42.000000000,0,,1,0,1,2,FR1
9/7/2023 12:58,1.17.0,FR1,5,4.21,1,1,Pellet,Left,85,126,84,0,0.2,25,,0 days 02:14:43.000000000,1,0.4166666666666667,0,0,,2,FR1
9/7/2023 12:58,1.17.0,FR1,5,4.22,,1,Poke,Left,86,126,84,0,,,0.27,0 days 02:15:18.000000000,0,,1,0,1,2,FR1
9/7/2023 12:58,1.17.0,FR1,5,4.21,1,1,Pellet,Left,86,126,85,0,0.2,36,,0 days 02:15:19.000000000,1,0.6,0,0,,2,FR1
9/7/2023 12:59,1.17.0,FR1,5,4.22,,1,Poke,Left,87,126,85,0,,,0.18,0 days 02:15:58.000000000,0,,1,0,1,2,FR1
9/7/2023 12:59,1.17.0,FR1,5,4.21,1,1,Pellet,Left,87,126,86,0,0.13,40,,0 days 02:15:59.000000000,1,0.6666666666666666,0,0,,2,FR1
9/7/2023 13:00,1.17.0,FR1,5,4.21,,1,Poke,Left,88,126,86,0,,,0.29,0 days 02:16:45.000000000,0,,1,0,1,2,FR1
9/7/2023 13:00,1.17.0,FR1,5,4.21,1,1,Pellet,Left,88,126,87,0,0.27,47,,0 days 02:16:46.000000000,1,0.7833333333333333,0,0,,2,FR1
9/7/2023 13:00,1.17.0,FR1,5,4.21,,1,Poke,Left,89,126,87,0,,,0.2,0 days 02:17:20.000000000,0,,1,0,1,2,FR1
9/7/2023 13:00,1.17.0,FR1,5,4.21,1,1,Pellet,Left,89,126,88,0,0.27,36,,0 days 02:17:22.000000000,1,0.6,0,0,,2,FR1
9/7/2023 13:01,1.17.0,FR1,5,4.21,,1,Poke,Left,90,126,88,0,,,0.09,0 days 02:17:50.000000000,0,,1,0,1,2,FR1
9/7/2023 13:01,1.17.0,FR1,5,4.21,1,1,Pellet,Left,90,126,89,0,0.34,30,,0 days 02:17:52.000000000,1,0.5,0,0,,2,FR1
9/7/2023 13:01,1.17.0,FR1,5,4.22,,1,Poke,Left,91,126,89,0,,,0.23,0 days 02:18:27.000000000,0,,1,0,1,2,FR1
9/7/2023 13:01,1.17.0,FR1,5,4.21,1,1,Pellet,Left,91,126,90,0,0.34,37,,0 days 02:18:29.000000000,1,0.6166666666666667,0,0,,2,FR1
9/7/2023 13:02,1.17.0,FR1,5,4.22,,1,Poke,Left,92,126,90,0,,,0.12,0 days 02:18:58.000000000,0,,1,0,1,2,FR1
9/7/2023 13:02,1.17.0,FR1,5,4.22,2,1,Pellet,Left,92,126,91,0,21.96,55,,0 days 02:19:24.000000000,1,0.9166666666666666,0,0,,2,FR1
9/7/2023 13:03,1.17.0,FR1,5,4.22,,1,Poke,Left,93,126,91,0,,,0.17,0 days 02:20:05.000000000,0,,1,0,1,2,FR1
9/7/2023 13:03,1.17.0,FR1,5,4.21,1,1,Pellet,Left,93,126,92,0,0.54,43,,0 days 02:20:07.000000000,1,0.7166666666666667,0,0,,2,FR1
9/7/2023 13:33,1.17.0,FR1,5,4.21,,1,Poke,Left,94,126,92,0,,,0.06,0 days 02:50:37.000000000,0,,1,0,1,2,FR1
9/7/2023 13:33,1.17.0,FR1,5,4.21,1,1,Pellet,Left,94,126,93,0,1.36,1833,,0 days 02:50:40.000000000,1,30.55,0,0,,2,FR1
9/7/2023 13:34,1.17.0,FR1,5,4.21,,1,Poke,Left,94,127,93,0,,,0.41,0 days 02:51:31.000000000,0,,0,1,0,2,FR1
9/7/2023 13:34,1.17.0,FR1,5,4.21,,1,Poke,Left,95,127,93,0,,,0.36,0 days 02:51:40.000000000,0,,1,0,1,2,FR1
9/7/2023 13:34,1.17.0,FR1,5,4.2,1,1,Pellet,Left,95,127,94,0,0.34,61,,0 days 02:51:41.000000000,1,1.0166666666666666,0,0,,2,FR1
9/7/2023 13:44,1.17.0,FR1,5,4.21,,1,Poke,Left,95,128,94,0,,,0.03,0 days 03:01:07.000000000,0,,0,1,0,2,FR1
9/7/2023 14:04,1.17.0,FR1,5,4.21,,1,Poke,Left,96,128,94,0,,,0.2,0 days 03:20:47.000000000,0,,1,0,1,2,FR1
9/7/2023 14:04,1.17.0,FR1,5,4.2,1,1,Pellet,Left,96,128,95,0,0.74,1748,,0 days 03:20:49.000000000,1,29.133333333333333,0,0,,2,FR1
9/7/2023 14:10,1.17.0,FR1,5,4.2,,1,Poke,Left,97,128,95,0,,,0.14,0 days 03:27:42.000000000,0,,1,0,1,2,FR1
9/7/2023 14:11,1.17.0,FR1,5,4.2,1,1,Pellet,Left,97,128,96,0,0.34,415,,0 days 03:27:44.000000000,1,6.916666666666667,0,0,,2,FR1
9/7/2023 14:11,1.17.0,FR1,5,4.21,,1,Poke,Left,98,128,96,0,,,0.15,0 days 03:28:20.000000000,0,,1,0,1,2,FR1
9/7/2023 14:11,1.17.0,FR1,5,4.21,2,1,Pellet,Left,98,128,97,0,0.95,40,,0 days 03:28:24.000000000,1,0.6666666666666666,0,0,,2,FR1
9/7/2023 14:12,1.17.0,FR1,5,4.2,,1,Poke,Left,99,128,97,0,,,0.14,0 days 03:28:53.000000000,0,,1,0,1,2,FR1
9/7/2023 14:12,1.17.0,FR1,5,4.2,1,1,Pellet,Left,99,128,98,0,0.81,31,,0 days 03:28:55.000000000,1,0.5166666666666667,0,0,,2,FR1
9/7/2023 14:12,1.17.0,FR1,5,4.2,,1,Poke,Left,100,128,98,0,,,0.02,0 days 03:29:24.000000000,0,,1,0,1,2,FR1
9/7/2023 14:12,1.17.0,FR1,5,4.21,1,1,Pellet,Left,100,128,99,0,0.27,30,,0 days 03:29:26.000000000,1,0.5166666666666667,0,0,,2,FR1
9/7/2023 14:13,1.17.0,FR1,5,4.21,,1,Poke,Left,101,128,99,0,,,0.03,0 days 03:30:06.000000000,0,,1,0,1,2,FR1
9/7/2023 14:13,1.17.0,FR1,5,4.2,1,1,Pellet,Left,101,128,100,0,0.88,44,,0 days 03:30:09.000000000,1,0.7166666666666667,0,0,,2,FR1
9/7/2023 14:13,1.17.0,FR1,5,4.2,,1,Poke,Left,102,128,100,0,,,0.09,0 days 03:30:41.000000000,0,,1,0,1,2,FR1
9/7/2023 14:14,1.17.0,FR1,5,4.2,1,1,Pellet,Left,102,128,101,0,0.4,34,,0 days 03:30:43.000000000,1,0.5666666666666667,0,0,,2,FR1
9/7/2023 14:14,1.17.0,FR1,5,4.21,,1,Poke,Left,103,128,101,0,,,0.23,0 days 03:31:16.000000000,0,,1,0,1,2,FR1
9/7/2023 14:14,1.17.0,FR1,5,4.21,2,1,Pellet,Left,103,128,102,0,3.34,40,,0 days 03:31:23.000000000,1,0.6666666666666666,0,0,,2,FR1
9/7/2023 14:15,1.17.0,FR1,5,4.2,,1,Poke,Left,104,128,102,0,,,0.22,0 days 03:31:59.000000000,0,,1,0,1,2,FR1
9/7/2023 14:15,1.17.0,FR1,5,4.2,1,1,Pellet,Left,104,128,103,0,0.13,38,,0 days 03:32:01.000000000,1,0.6333333333333333,0,0,,2,FR1
9/7/2023 14:18,1.17.0,FR1,5,4.2,,1,Poke,Left,105,128,103,0,,,0.32,0 days 03:34:55.000000000,0,,1,0,1,2,FR1
9/7/2023 14:18,1.17.0,FR1,5,4.2,1,1,Pellet,Left,105,128,104,0,0.27,176,,0 days 03:34:57.000000000,1,2.933333333333333,0,0,,2,FR1
9/7/2023 14:19,1.17.0,FR1,5,4.21,,1,Poke,Left,106,128,104,0,,,0.23,0 days 03:35:50.000000000,0,,1,0,1,2,FR1
9/7/2023 14:19,1.17.0,FR1,5,4.2,1,1,Pellet,Left,106,128,105,0,0.47,55,,0 days 03:35:52.000000000,1,0.9166666666666666,0,0,,2,FR1
9/7/2023 14:19,1.17.0,FR1,5,4.2,,1,Poke,Left,107,128,105,0,,,0.19,0 days 03:36:26.000000000,0,,1,0,1,2,FR1
9/7/2023 14:19,1.17.0,FR1,5,4.2,1,1,Pellet,Left,107,128,106,0,0.34,36,,0 days 03:36:28.000000000,1,0.6,0,0,,2,FR1
9/7/2023 14:20,1.17.0,FR1,5,4.2,,1,Poke,Left,108,128,106,0,,,0.2,0 days 03:37:13.000000000,0,,1,0,1,2,FR1
9/7/2023 14:20,1.17.0,FR1,5,4.2,1,1,Pellet,Left,108,128,107,0,0.47,47,,0 days 03:37:15.000000000,1,0.7833333333333333,0,0,,2,FR1
9/7/2023 14:21,1.17.0,FR1,5,4.21,,1,Poke,Left,109,128,107,0,,,0.06,0 days 03:37:43.000000000,0,,1,0,1,2,FR1
9/7/2023 14:21,1.17.0,FR1,5,4.2,1,1,Pellet,Left,109,128,108,0,0.4,30,,0 days 03:37:45.000000000,1,0.5,0,0,,2,FR1
9/7/2023 14:21,1.17.0,FR1,5,4.21,,1,Poke,Left,110,128,108,0,,,0.14,0 days 03:38:30.000000000,0,,1,0,1,2,FR1
9/7/2023 14:21,1.17.0,FR1,5,4.2,1,1,Pellet,Left,110,128,109,0,0.34,47,,0 days 03:38:32.000000000,1,0.7833333333333333,0,0,,2,FR1
9/7/2023 14:22,1.17.0,FR1,5,4.2,,1,Poke,Left,111,128,109,0,,,0.23,0 days 03:39:07.000000000,0,,1,0,1,2,FR1
9/7/2023 14:22,1.17.0,FR1,5,4.2,1,1,Pellet,Left,111,128,110,0,0.34,37,,0 days 03:39:09.000000000,1,0.6166666666666667,0,0,,2,FR1
9/7/2023 14:23,1.17.0,FR1,5,4.2,,1,Poke,Left,112,128,110,0,,,0.08,0 days 03:39:45.000000000,0,,1,0,1,2,FR1
9/7/2023 14:23,1.17.0,FR1,5,4.2,1,1,Pellet,Left,112,128,111,0,0.2,37,,0 days 03:39:46.000000000,1,0.6166666666666667,0,0,,2,FR1
9/7/2023 14:23,1.17.0,FR1,5,4.2,,1,Poke,Left,113,128,111,0,,,0.04,0 days 03:40:19.000000000,0,,1,0,1,2,FR1
9/7/2023 14:23,1.17.0,FR1,5,4.2,1,1,Pellet,Left,113,128,112,0,0.13,34,,0 days 03:40:20.000000000,1,0.5666666666666667,0,0,,2,FR1
9/7/2023 14:24,1.17.0,FR1,5,4.2,,1,Poke,Left,114,128,112,0,,,0.08,0 days 03:40:55.000000000,0,,1,0,1,2,FR1
9/7/2023 14:24,1.17.0,FR1,5,4.2,1,1,Pellet,Left,114,128,113,0,1.49,38,,0 days 03:40:58.000000000,1,0.6333333333333333,0,0,,2,FR1
9/7/2023 15:03,1.17.0,FR1,5,4.2,,1,Poke,Left,115,128,113,0,,,0.25,0 days 04:20:04.000000000,0,,1,0,1,2,FR1
9/7/2023 15:03,1.17.0,FR1,5,4.2,1,1,Pellet,Left,115,128,114,0,0.13,2347,,0 days 04:20:05.000000000,1,39.11666666666667,0,0,,2,FR1
9/7/2023 15:33,1.17.0,FR1,5,4.2,,1,Poke,Left,116,128,114,0,,,0.36,0 days 04:50:02.000000000,0,,1,0,1,2,FR1
9/7/2023 15:33,1.17.0,FR1,5,4.2,1,1,Pellet,Left,116,128,115,0,0.88,1799,,0 days 04:50:04.000000000,1,29.983333333333334,0,0,,2,FR1
9/7/2023 15:34,1.17.0,FR1,5,4.2,,1,Poke,Left,117,128,115,0,,,0.02,0 days 04:51:03.000000000,0,,1,0,1,2,FR1
9/7/2023 15:34,1.17.0,FR1,5,4.2,1,1,Pellet,Left,117,128,116,0,0.61,61,,0 days 04:51:05.000000000,1,1.0166666666666666,0,0,,2,FR1
9/7/2023 15:37,1.17.0,FR1,5,4.2,,1,Poke,Left,118,128,116,0,,,0.11,0 days 04:53:54.000000000,0,,1,0,1,2,FR1
9/7/2023 15:37,1.17.0,FR1,5,4.2,1,1,Pellet,Left,118,128,117,0,0.4,171,,0 days 04:53:56.000000000,1,2.85,0,0,,2,FR1
9/7/2023 15:37,1.17.0,FR1,5,4.2,,1,Poke,Left,119,128,117,0,,,0.11,0 days 04:54:38.000000000,0,,1,0,1,2,FR1
9/7/2023 15:37,1.17.0,FR1,5,4.2,1,1,Pellet,Left,119,128,118,0,0.54,44,,0 days 04:54:40.000000000,1,0.7333333333333333,0,0,,2,FR1
9/7/2023 15:38,1.17.0,FR1,5,4.2,,1,Poke,Left,120,128,118,0,,,0.19,0 days 04:55:15.000000000,0,,1,0,1,2,FR1
9/7/2023 15:38,1.17.0,FR1,5,4.2,1,1,Pellet,Left,120,128,119,0,0.2,37,,0 days 04:55:17.000000000,1,0.6166666666666667,0,0,,2,FR1
9/7/2023 15:39,1.17.0,FR1,5,4.2,,1,Poke,Left,121,128,119,0,,,0.03,0 days 04:55:44.000000000,0,,1,0,1,2,FR1
9/7/2023 15:39,1.17.0,FR1,5,4.19,1,1,Pellet,Left,121,128,120,0,0.68,29,,0 days 04:55:47.000000000,1,0.5,0,0,,2,FR1
9/7/2023 15:39,1.17.0,FR1,5,4.2,,1,Poke,Left,122,128,120,0,,,0.07,0 days 04:56:23.000000000,0,,1,0,1,2,FR1
9/7/2023 15:39,1.17.0,FR1,5,4.2,1,1,Pellet,Left,122,128,121,0,0.34,39,,0 days 04:56:25.000000000,1,0.6333333333333333,0,0,,2,FR1
9/7/2023 15:40,1.17.0,FR1,5,4.2,,1,Poke,Left,123,128,121,0,,,0.04,0 days 04:56:48.000000000,0,,1,0,1,2,FR1
9/7/2023 15:40,1.17.0,FR1,5,4.2,1,1,Pellet,Left,123,128,122,0,0.2,24,,0 days 04:56:49.000000000,1,0.4,0,0,,2,FR1
9/7/2023 15:40,1.17.0,FR1,5,4.2,,1,Poke,Left,124,128,122,0,,,0.14,0 days 04:57:23.000000000,0,,1,0,1,2,FR1
9/7/2023 15:40,1.17.0,FR1,5,4.2,1,1,Pellet,Left,124,128,123,0,0.4,36,,0 days 04:57:25.000000000,1,0.6,0,0,,2,FR1
9/7/2023 15:41,1.17.0,FR1,5,4.2,,1,Poke,Left,125,128,123,0,,,0.12,0 days 04:58:06.000000000,0,,1,0,1,2,FR1
9/7/2023 15:41,1.17.0,FR1,5,4.2,1,1,Pellet,Left,125,128,124,0,0.4,42,,0 days 04:58:07.000000000,1,0.7,0,0,,2,FR1
9/7/2023 15:42,1.17.0,FR1,5,4.2,,1,Poke,Left,126,128,124,0,,,0.11,0 days 04:58:45.000000000,0,,1,0,1,2,FR1
9/7/2023 15:42,1.17.0,FR1,5,4.2,2,1,Pellet,Left,126,128,125,0,0.06,39,,0 days 04:58:46.000000000,1,0.65,0,0,,2,FR1
9/7/2023 15:43,1.17.0,FR1,5,4.2,,1,Poke,Left,127,128,125,0,,,0.85,0 days 04:59:43.000000000,0,,1,0,1,2,FR1
9/7/2023 15:43,1.17.0,FR1,5,4.2,1,1,Pellet,Left,127,128,126,0,0.34,58,,0 days 04:59:44.000000000,1,0.9666666666666667,0,0,,2,FR1
9/7/2023 15:43,1.17.0,FR1,5,4.2,,1,Poke,Left,128,128,126,0,,,0.01,0 days 05:00:15.000000000,0,,1,0,1,2,FR1
9/7/2023 15:43,1.17.0,FR1,5,4.2,1,1,Pellet,Left,128,128,127,0,0.61,33,,0 days 05:00:17.000000000,1,0.55,0,0,,2,FR1
9/7/2023 15:44,1.17.0,FR1,5,4.2,,1,Poke,Left,129,128,127,0,,,0.58,0 days 05:01:06.000000000,0,,1,0,1,2,FR1
9/7/2023 15:44,1.17.0,FR1,5,4.2,1,1,Pellet,Left,129,128,128,0,0.34,51,,0 days 05:01:08.000000000,1,0.85,0,0,,2,FR1
9/7/2023 16:01,1.17.0,FR1,5,4.2,,1,Poke,Left,130,128,128,0,,,0.29,0 days 05:18:34.000000000,0,,1,0,1,2,FR1
9/7/2023 16:18,1.17.0,FR1,5,4.2,2,1,Pellet,Left,130,128,129,0,,2032,,0 days 05:35:00.000000000,1,33.86666666666667,0,0,,2,FR1
9/7/2023 16:18,1.17.0,FR1,5,4.2,,1,Poke,Left,131,128,129,0,,,0,0 days 05:35:42.000000000,0,,1,0,1,2,FR1
9/7/2023 16:19,1.17.0,FR1,5,4.19,1,1,Pellet,Left,131,128,130,0,0.27,44,,0 days 05:35:44.000000000,1,0.7333333333333333,0,0,,2,FR1
9/7/2023 16:19,1.17.0,FR1,5,4.2,,1,Poke,Left,132,128,130,0,,,0.08,0 days 05:36:14.000000000,0,,1,0,1,2,FR1
9/7/2023 16:19,1.17.0,FR1,5,4.2,1,1,Pellet,Left,132,128,131,0,0.27,31,,0 days 05:36:15.000000000,1,0.5166666666666667,0,0,,2,FR1
9/7/2023 16:29,1.17.0,FR1,5,4.2,,1,Poke,Left,133,128,131,0,,,0,0 days 05:45:52.000000000,0,,1,0,1,2,FR1
9/7/2023 16:29,1.17.0,FR1,5,4.19,1,1,Pellet,Left,133,128,132,0,0.34,579,,0 days 05:45:54.000000000,1,9.65,0,0,,2,FR1
9/7/2023 16:29,1.17.0,FR1,5,4.19,,1,Poke,Left,134,128,132,0,,,0.01,0 days 05:46:26.000000000,0,,1,0,1,2,FR1
9/7/2023 16:29,1.17.0,FR1,5,4.2,1,1,Pellet,Left,134,128,133,0,0.2,34,,0 days 05:46:28.000000000,1,0.5666666666666667,0,0,,2,FR1
9/7/2023 16:30,1.17.0,FR1,5,4.2,,1,Poke,Left,135,128,133,0,,,0.11,0 days 05:46:57.000000000,0,,1,0,1,2,FR1
9/7/2023 16:30,1.17.0,FR1,5,4.2,2,1,Pellet,Left,135,128,134,0,0.34,31,,0 days 05:46:59.000000000,1,0.5166666666666667,0,0,,2,FR1
9/7/2023 16:30,1.17.0,FR1,5,4.2,,1,Poke,Left,136,128,134,0,,,0.51,0 days 05:47:37.000000000,0,,1,0,1,2,FR1
9/7/2023 16:30,1.17.0,FR1,5,4.19,1,1,Pellet,Left,136,128,135,0,1.7,41,,0 days 05:47:41.000000000,1,0.7,0,0,,2,FR1
9/7/2023 16:31,1.17.0,FR1,5,4.19,,1,Poke,Left,137,128,135,0,,,0.39,0 days 05:48:02.000000000,0,,1,0,1,2,FR1
9/7/2023 16:31,1.17.0,FR1,5,4.2,1,1,Pellet,Left,137,128,136,0,0.2,24,,0 days 05:48:04.000000000,1,0.38333333333333336,0,0,,2,FR1
9/7/2023 16:31,1.17.0,FR1,5,4.2,,1,Poke,Left,138,128,136,0,,,0.38,0 days 05:48:40.000000000,0,,1,0,1,2,FR1
9/7/2023 16:31,1.17.0,FR1,5,4.2,1,1,Pellet,Left,138,128,137,0,0.34,38,,0 days 05:48:42.000000000,1,0.6333333333333333,0,0,,2,FR1
9/7/2023 16:32,1.17.0,FR1,5,4.2,,1,Poke,Left,139,128,137,0,,,0.05,0 days 05:49:13.000000000,0,,1,0,1,2,FR1
9/7/2023 16:32,1.17.0,FR1,5,4.19,1,1,Pellet,Left,139,128,138,0,0.2,32,,0 days 05:49:14.000000000,1,0.5333333333333333,0,0,,2,FR1
9/7/2023 16:33,1.17.0,FR1,5,4.2,,1,Poke,Left,140,128,138,0,,,0.08,0 days 05:49:43.000000000,0,,1,0,1,2,FR1
9/7/2023 16:33,1.17.0,FR1,5,4.2,1,1,Pellet,Left,140,128,139,0,1.77,32,,0 days 05:49:46.000000000,1,0.5333333333333333,0,0,,2,FR1
9/7/2023 16:33,1.17.0,FR1,5,4.2,,1,Poke,Left,141,128,139,0,,,0.35,0 days 05:50:16.000000000,0,,1,0,1,2,FR1
9/7/2023 16:33,1.17.0,FR1,5,4.19,1,1,Pellet,Left,141,128,140,0,0.61,32,,0 days 05:50:18.000000000,1,0.5333333333333333,0,0,,2,FR1
9/7/2023 16:34,1.17.0,FR1,5,4.2,,1,Poke,Left,142,128,140,0,,,0.02,0 days 05:50:51.000000000,0,,1,0,1,2,FR1
9/7/2023 16:34,1.17.0,FR1,5,4.2,1,1,Pellet,Left,142,128,141,0,0.4,35,,0 days 05:50:53.000000000,1,0.5833333333333334,0,0,,2,FR1
9/7/2023 16:35,1.17.0,FR1,5,4.2,,1,Poke,Left,143,128,141,0,,,0.44,0 days 05:52:31.000000000,0,,1,0,1,2,FR1
9/7/2023 16:35,1.17.0,FR1,5,4.2,1,1,Pellet,Left,143,128,142,0,0.34,100,,0 days 05:52:33.000000000,1,1.6666666666666667,0,0,,2,FR1
9/7/2023 16:36,1.17.0,FR1,5,4.19,,1,Poke,Left,143,129,142,0,,,0.99,0 days 05:53:14.000000000,0,,0,1,0,2,FR1
9/7/2023 16:36,1.17.0,FR1,5,4.2,,1,Poke,Left,143,130,142,0,,,0.67,0 days 05:53:20.000000000,0,,0,1,0,2,FR1
9/7/2023 16:36,1.17.0,FR1,5,4.2,,1,Poke,Left,143,131,142,0,,,0,0 days 05:53:21.000000000,0,,0,1,0,2,FR1
9/7/2023 16:36,1.17.0,FR1,5,4.19,,1,Poke,Left,143,132,142,0,,,0.73,0 days 05:53:23.000000000,0,,0,1,0,2,FR1
9/7/2023 16:36,1.17.0,FR1,5,4.2,,1,Poke,Left,144,132,142,0,,,0.35,0 days 05:53:32.000000000,0,,1,0,1,2,FR1
9/7/2023 16:36,1.17.0,FR1,5,4.2,,1,Poke,Left,144,132,142,0,,,0.28,0 days 05:53:33.000000000,0,,0,0,0,2,FR1
9/7/2023 16:36,1.17.0,FR1,5,4.2,1,1,Pellet,Left,144,132,143,0,4.23,65,,0 days 05:53:38.000000000,1,1.0833333333333333,0,0,,2,FR1
9/7/2023 16:39,1.17.0,FR1,5,4.2,,1,Poke,Left,145,132,143,0,,,0.02,0 days 05:55:45.000000000,0,,1,0,1,2,FR1
9/7/2023 16:40,1.17.0,FR1,5,4.19,2,1,Pellet,Left,145,132,144,0,,214,,0 days 05:57:12.000000000,1,3.566666666666667,0,0,,2,FR1
,,,,,,,,,,,,,,,,,,,,,,,
,,,,,,,,,,,,,,,,,,,,,,,
,,,,,,,,,,,,,,,,,,,,,,,
,,,,,,,,,,,,,,,,,,,,,,,
,,,,,,,,,,,,,,,,,,,,,,,
,,,,,,,,,,,,,,,,,,,,,,,
,,,,,,,,,,,,,,,,,,,,,,,
,,,,,,,,,,,,,,,,,,,,,,,
,,,,,,,,,,,,,,,,,,,,,,,
,,,,,,,,,,,,,,,,,,,,,,,
,,,,,,,,,,,,,,,,,,,,,,,
,,,,,,,,,,,,,,,,,,,,,,,
,,,,,,,,,,,,,,,,,,,,,,,
,,,,,,,,,,,,,,,,,,,,,,,
,,,,,,,,,,,,,,,,,,,,,,,
,,,,,,,,,,,,,,,,,,,,,,,
,,,,,,,,,,,,,,,,,,,,,,,
,,,,,,,,,,,,,,,,,,,,,,,
,,,,,,,,,,,,,,,,,,,,,,,
,,,,,,,,,,,,,,,,,,,,,,,
,,,,,,,,,,,,,,,,,,,,,,,
,,,,,,,,,,,,,,,,,,,,,,,
,,,,,,,,,,,,,,,,,,,,,,,
,,,,,,,,,,,,,,,,,,,,,,,
,,,,,,,,,,,,,,,,,,,,,,,
,,,,,,,,,,,,,,,,,,,,,,,
,,,,,,,,,,,,,,,,,,,,,,,
,,,,,,,,,,,,,,,,,,,,,,,
,,,,,,,,,,,,,,,,,,,,,,,
,,,,,,,,,,,,,,,,,,,,,,,
,,,,,,,,,,,,,,,,,,,,,,,
,,,,,,,,,,,,,,,,,,,,,,,
,,,,,,,,,,,,,,,,,,,,,,,
,,,,,,,,,,,,,,,,,,,,,,,
,,,,,,,,,,,,,,,,,,,,,,,
,,,,,,,,,,,,,,,,,,,,,,,
,,,,,,,,,,,,,,,,,,,,,,,
,,,,,,,,,,,,,,,,,,,,,,,
,,,,,,,,,,,,,,,,,,,,,,,
,,,,,,,,,,,,,,,,,,,,,,,
,,,,,,,,,,,,,,,,,,,,,,,
,,,,,,,,,,,,,,,,,,,,,,,
,,,,,,,,,,,,,,,,,,,,,,,
,,,,,,,,,,,,,,,,,,,,,,,
,,,,,,,,,,,,,,,,,,,,,,,
,,,,,,,,,,,,,,,,,,,,,,,
,,,,,,,,,,,,,,,,,,,,,,,
,,,,,,,,,,,,,,,,,,,,,,,
,,,,,,,,,,,,,,,,,,,,,,,
,,,,,,,,,,,,,,,,,,,,,,,
,,,,,,,,,,,,,,,,,,,,,,,
,,,,,,,,,,,,,,,,,,,,,,,
,,,,,,,,,,,,,,,,,,,,,,,
,,,,,,,,,,,,,,,,,,,,,,,
,,,,,,,,,,,,,,,,,,,,,,,
,,,,,,,,,,,,,,,,,,,,,,,
,,,,,,,,,,,,,,,,,,,,,,,
,,,,,,,,,,,,,,,,,,,,,,,
,,,,,,,,,,,,,,,,,,,,,,,
,,,,,,,,,,,,,,,,,,,,,,,
,,,,,,,,,,,,,,,,,,,,,,,
,,,,,,,,,,,,,,,,,,,,,,,
,,,,,,,,,,,,,,,,,,,,,,,
,,,,,,,,,,,,,,,,,,,,,,,
,,,,,,,,,,,,,,,,,,,,,,,
,,,,,,,,,,,,,,,,,,,,,,,
,,,,,,,,,,,,,,,,,,,,,,,
,,,,,,,,,,,,,,,,,,,,,,,
,,,,,,,,,,,,,,,,,,,,,,,
,,,,,,,,,,,,,,,,,,,,,,,
,,,,,,,,,,,,,,,,,,,,,,,
,,,,,,,,,,,,,,,,,,,,,,,
,,,,,,,,,,,,,,,,,,,,,,,
,,,,,,,,,,,,,,,,,,,,,,,
,,,,,,,,,,,,,,,,,,,,,,,
,,,,,,,,,,,,,,,,,,,,,,,
,,,,,,,,,,,,,,,,,,,,,,,
,,,,,,,,,,,,,,,,,,,,,,,
,,,,,,,,,,,,,,,,,,,,,,,
,,,,,,,,,,,,,,,,,,,,,,,
,,,,,,,,,,,,,,,,,,,,,,,
,,,,,,,,,,,,,,,,,,,,,,,
,,,,,,,,,,,,,,,,,,,,,,,
,,,,,,,,,,,,,,,,,,,,,,,
,,,,,,,,,,,,,,,,,,,,,,,
,,,,,,,,,,,,,,,,,,,,,,,
,,,,,,,,,,,,,,,,,,,,,,,
,,,,,,,,,,,,,,,,,,,,,,,
,,,,,,,,,,,,,,,,,,,,,,,
,,,,,,,,,,,,,,,,,,,,,,,
,,,,,,,,,,,,,,,,,,,,,,,
,,,,,,,,,,,,,,,,,,,,,,,
,,,,,,,,,,,,,,,,,,,,,,,
,,,,,,,,,,,,,,,,,,,,,,,
,,,,,,,,,,,,,,,,,,,,,,,
,,,,,,,,,,,,,,,,,,,,,,,
,,,,,,,,,,,,,,,,,,,,,,,
,,,,,,,,,,,,,,,,,,,,,,,
,,,,,,,,,,,,,,,,,,,,,,,
,,,,,,,,,,,,,,,,,,,,,,,
,,,,,,,,,,,,,,,,,,,,,,,
,,,,,,,,,,,,,,,,,,,,,,,
,,,,,,,,,,,,,,,,,,,,,,,
,,,,,,,,,,,,,,,,,,,,,,,
,,,,,,,,,,,,,,,,,,,,,,,
,,,,,,,,,,,,,,,,,,,,,,,
,,,,,,,,,,,,,,,,,,,,,,,
,,,,,,,,,,,,,,,,,,,,,,,
,,,,,,,,,,,,,,,,,,,,,,,
,,,,,,,,,,,,,,,,,,,,,,,
,,,,,,,,,,,,,,,,,,,,,,,
,,,,,,,,,,,,,,,,,,,,,,,
,,,,,,,,,,,,,,,,,,,,,,,
,,,,,,,,,,,,,,,,,,,,,,,
,,,,,,,,,,,,,,,,,,,,,,,
,,,,,,,,,,,,,,,,,,,,,,,
,,,,,,,,,,,,,,,,,,,,,,,
,,,,,,,,,,,,,,,,,,,,,,,
,,,,,,,,,,,,,,,,,,,,,,,
,,,,,,,,,,,,,,,,,,,,,,,
,,,,,,,,,,,,,,,,,,,,,,,
,,,,,,,,,,,,,,,,,,,,,,,
,,,,,,,,,,,,,,,,,,,,,,,
,,,,,,,,,,,,,,,,,,,,,,,
,,,,,,,,,,,,,,,,,,,,,,,
,,,,,,,,,,,,,,,,,,,,,,,
,,,,,,,,,,,,,,,,,,,,,,,
,,,,,,,,,,,,,,,,,,,,,,,
,,,,,,,,,,,,,,,,,,,,,,,
,,,,,,,,,,,,,,,,,,,,,,,
,,,,,,,,,,,,,,,,,,,,,,,
,,,,,,,,,,,,,,,,,,,,,,,
,,,,,,,,,,,,,,,,,,,,,,,
,,,,,,,,,,,,,,,,,,,,,,,
,,,,,,,,,,,,,,,,,,,,,,,
,,,,,,,,,,,,,,,,,,,,,,,
,,,,,,,,,,,,,,,,,,,,,,,
,,,,,,,,,,,,,,,,,,,,,,,
,,,,,,,,,,,,,,,,,,,,,,,
,,,,,,,,,,,,,,,,,,,,,,,
,,,,,,,,,,,,,,,,,,,,,,,
,,,,,,,,,,,,,,,,,,,,,,,
,,,,,,,,,,,,,,,,,,,,,,,
,,,,,,,,,,,,,,,,,,,,,,,
,,,,,,,,,,,,,,,,,,,,,,,
,,,,,,,,,,,,,,,,,,,,,,,
,,,,,,,,,,,,,,,,,,,,,,,
,,,,,,,,,,,,,,,,,,,,,,,
,,,,,,,,,,,,,,,,,,,,,,,
,,,,,,,,,,,,,,,,,,,,,,,
,,,,,,,,,,,,,,,,,,,,,,,
,,,,,,,,,,,,,,,,,,,,,,,
,,,,,,,,,,,,,,,,,,,,,,,
,,,,,,,,,,,,,,,,,,,,,,,
,,,,,,,,,,,,,,,,,,,,,,,
,,,,,,,,,,,,,,,,,,,,,,,
,,,,,,,,,,,,,,,,,,,,,,,
,,,,,,,,,,,,,,,,,,,,,,,
,,,,,,,,,,,,,,,,,,,,,,,
,,,,,,,,,,,,,,,,,,,,,,,
,,,,,,,,,,,,,,,,,,,,,,,
,,,,,,,,,,,,,,,,,,,,,,,
,,,,,,,,,,,,,,,,,,,,,,,
,,,,,,,,,,,,,,,,,,,,,,,
,,,,,,,,,,,,,,,,,,,,,,,
,,,,,,,,,,,,,,,,,,,,,,,
,,,,,,,,,,,,,,,,,,,,,,,
,,,,,,,,,,,,,,,,,,,,,,,
,,,,,,,,,,,,,,,,,,,,,,,
,,,,,,,,,,,,,,,,,,,,,,,
,,,,,,,,,,,,,,,,,,,,,,,
,,,,,,,,,,,,,,,,,,,,,,,
,,,,,,,,,,,,,,,,,,,,,,,
,,,,,,,,,,,,,,,,,,,,,,,
,,,,,,,,,,,,,,,,,,,,,,,
,,,,,,,,,,,,,,,,,,,,,,,
,,,,,,,,,,,,,,,,,,,,,,,
,,,,,,,,,,,,,,,,,,,,,,,
,,,,,,,,,,,,,,,,,,,,,,,
,,,,,,,,,,,,,,,,,,,,,,,
,,,,,,,,,,,,,,,,,,,,,,,
,,,,,,,,,,,,,,,,,,,,,,,
,,,,,,,,,,,,,,,,,,,,,,,
,,,,,,,,,,,,,,,,,,,,,,,
,,,,,,,,,,,,,,,,,,,,,,,
,,,,,,,,,,,,,,,,,,,,,,,
,,,,,,,,,,,,,,,,,,,,,,,
,,,,,,,,,,,,,,,,,,,,,,,
,,,,,,,,,,,,,,,,,,,,,,,
,,,,,,,,,,,,,,,,,,,,,,,
,,,,,,,,,,,,,,,,,,,,,,,
,,,,,,,,,,,,,,,,,,,,,,,
,,,,,,,,,,,,,,,,,,,,,,,
,,,,,,,,,,,,,,,,,,,,,,,
,,,,,,,,,,,,,,,,,,,,,,,
,,,,,,,,,,,,,,,,,,,,,,,
,,,,,,,,,,,,,,,,,,,,,,,
,,,,,,,,,,,,,,,,,,,,,,,
,,,,,,,,,,,,,,,,,,,,,,,
,,,,,,,,,,,,,,,,,,,,,,,
,,,,,,,,,,,,,,,,,,,,,,,
,,,,,,,,,,,,,,,,,,,,,,,
,,,,,,,,,,,,,,,,,,,,,,,
,,,,,,,,,,,,,,,,,,,,,,,
,,,,,,,,,,,,,,,,,,,,,,,
,,,,,,,,,,,,,,,,,,,,,,,
,,,,,,,,,,,,,,,,,,,,,,,
,,,,,,,,,,,,,,,,,,,,,,,
,,,,,,,,,,,,,,,,,,,,,,,
,,,,,,,,,,,,,,,,,,,,,,,
,,,,,,,,,,,,,,,,,,,,,,,
,,,,,,,,,,,,,,,,,,,,,,,
,,,,,,,,,,,,,,,,,,,,,,,
,,,,,,,,,,,,,,,,,,,,,,,
,,,,,,,,,,,,,,,,,,,,,,,
,,,,,,,,,,,,,,,,,,,,,,,
,,,,,,,,,,,,,,,,,,,,,,,
,,,,,,,,,,,,,,,,,,,,,,,
,,,,,,,,,,,,,,,,,,,,,,,
,,,,,,,,,,,,,,,,,,,,,,,
,,,,,,,,,,,,,,,,,,,,,,,
,,,,,,,,,,,,,,,,,,,,,,,
,,,,,,,,,,,,,,,,,,,,,,,
,,,,,,,,,,,,,,,,,,,,,,,
,,,,,,,,,,,,,,,,,,,,,,,
,,,,,,,,,,,,,,,,,,,,,,,
,,,,,,,,,,,,,,,,,,,,,,,
,,,,,,,,,,,,,,,,,,,,,,,
,,,,,,,,,,,,,,,,,,,,,,,
,,,,,,,,,,,,,,,,,,,,,,,
,,,,,,,,,,,,,,,,,,,,,,,
,,,,,,,,,,,,,,,,,,,,,,,
,,,,,,,,,,,,,,,,,,,,,,,
,,,,,,,,,,,,,,,,,,,,,,,
,,,,,,,,,,,,,,,,,,,,,,,
,,,,,,,,,,,,,,,,,,,,,,,
,,,,,,,,,,,,,,,,,,,,,,,
,,,,,,,,,,,,,,,,,,,,,,,
,,,,,,,,,,,,,,,,,,,,,,,
,,,,,,,,,,,,,,,,,,,,,,,
,,,,,,,,,,,,,,,,,,,,,,,
,,,,,,,,,,,,,,,,,,,,,,,
,,,,,,,,,,,,,,,,,,,,,,,
,,,,,,,,,,,,,,,,,,,,,,,
,,,,,,,,,,,,,,,,,,,,,,,
,,,,,,,,,,,,,,,,,,,,,,,
,,,,,,,,,,,,,,,,,,,,,,,
,,,,,,,,,,,,,,,,,,,,,,,
,,,,,,,,,,,,,,,,,,,,,,,
,,,,,,,,,,,,,,,,,,,,,,,
,,,,,,,,,,,,,,,,,,,,,,,
,,,,,,,,,,,,,,,,,,,,,,,
,,,,,,,,,,,,,,,,,,,,,,,
,,,,,,,,,,,,,,,,,,,,,,,
,,,,,,,,,,,,,,,,,,,,,,,
,,,,,,,,,,,,,,,,,,,,,,,
,,,,,,,,,,,,,,,,,,,,,,,
,,,,,,,,,,,,,,,,,,,,,,,
,,,,,,,,,,,,,,,,,,,,,,,
,,,,,,,,,,,,,,,,,,,,,,,
,,,,,,,,,,,,,,,,,,,,,,,
,,,,,,,,,,,,,,,,,,,,,,,
,,,,,,,,,,,,,,,,,,,,,,,
,,,,,,,,,,,,,,,,,,,,,,,
,,,,,,,,,,,,,,,,,,,,,,,
,,,,,,,,,,,,,,,,,,,,,,,
,,,,,,,,,,,,,,,,,,,,,,,
,,,,,,,,,,,,,,,,,,,,,,,
,,,,,,,,,,,,,,,,,,,,,,,
,,,,,,,,,,,,,,,,,,,,,,,
,,,,,,,,,,,,,,,,,,,,,,,
,,,,,,,,,,,,,,,,,,,,,,,
,,,,,,,,,,,,,,,,,,,,,,,
,,,,,,,,,,,,,,,,,,,,,,,
,,,,,,,,,,,,,,,,,,,,,,,
,,,,,,,,,,,,,,,,,,,,,,,
,,,,,,,,,,,,,,,,,,,,,,,
,,,,,,,,,,,,,,,,,,,,,,,
,,,,,,,,,,,,,,,,,,,,,,,
,,,,,,,,,,,,,,,,,,,,,,,
,,,,,,,,,,,,,,,,,,,,,,,
,,,,,,,,,,,,,,,,,,,,,,,
,,,,,,,,,,,,,,,,,,,,,,,
,,,,,,,,,,,,,,,,,,,,,,,
,,,,,,,,,,,,,,,,,,,,,,,
,,,,,,,,,,,,,,,,,,,,,,,
,,,,,,,,,,,,,,,,,,,,,,,
,,,,,,,,,,,,,,,,,,,,,,,
,,,,,,,,,,,,,,,,,,,,,,,
,,,,,,,,,,,,,,,,,,,,,,,
,,,,,,,,,,,,,,,,,,,,,,,
,,,,,,,,,,,,,,,,,,,,,,,
,,,,,,,,,,,,,,,,,,,,,,,
,,,,,,,,,,,,,,,,,,,,,,,
,,,,,,,,,,,,,,,,,,,,,,,
,,,,,,,,,,,,,,,,,,,,,,,
,,,,,,,,,,,,,,,,,,,,,,,
,,,,,,,,,,,,,,,,,,,,,,,
,,,,,,,,,,,,,,,,,,,,,,,
,,,,,,,,,,,,,,,,,,,,,,,
,,,,,,,,,,,,,,,,,,,,,,,
,,,,,,,,,,,,,,,,,,,,,,,
,,,,,,,,,,,,,,,,,,,,,,,
,,,,,,,,,,,,,,,,,,,,,,,
,,,,,,,,,,,,,,,,,,,,,,,
,,,,,,,,,,,,,,,,,,,,,,,
,,,,,,,,,,,,,,,,,,,,,,,
,,,,,,,,,,,,,,,,,,,,,,,
,,,,,,,,,,,,,,,,,,,,,,,
,,,,,,,,,,,,,,,,,,,,,,,
,,,,,,,,,,,,,,,,,,,,,,,
,,,,,,,,,,,,,,,,,,,,,,,
,,,,,,,,,,,,,,,,,,,,,,,
,,,,,,,,,,,,,,,,,,,,,,,
,,,,,,,,,,,,,,,,,,,,,,,
,,,,,,,,,,,,,,,,,,,,,,,
,,,,,,,,,,,,,,,,,,,,,,,
,,,,,,,,,,,,,,,,,,,,,,,
,,,,,,,,,,,,,,,,,,,,,,,
,,,,,,,,,,,,,,,,,,,,,,,
,,,,,,,,,,,,,,,,,,,,,,,
,,,,,,,,,,,,,,,,,,,,,,,
,,,,,,,,,,,,,,,,,,,,,,,
,,,,,,,,,,,,,,,,,,,,,,,
,,,,,,,,,,,,,,,,,,,,,,,
,,,,,,,,,,,,,,,,,,,,,,,
,,,,,,,,,,,,,,,,,,,,,,,
,,,,,,,,,,,,,,,,,,,,,,,
,,,,,,,,,,,,,,,,,,,,,,,
,,,,,,,,,,,,,,,,,,,,,,,
,,,,,,,,,,,,,,,,,,,,,,,
,,,,,,,,,,,,,,,,,,,,,,,
,,,,,,,,,,,,,,,,,,,,,,,
,,,,,,,,,,,,,,,,,,,,,,,
,,,,,,,,,,,,,,,,,,,,,,,
,,,,,,,,,,,,,,,,,,,,,,,
,,,,,,,,,,,,,,,,,,,,,,,
,,,,,,,,,,,,,,,,,,,,,,,
,,,,,,,,,,,,,,,,,,,,,,,
,,,,,,,,,,,,,,,,,,,,,,,
,,,,,,,,,,,,,,,,,,,,,,,
,,,,,,,,,,,,,,,,,,,,,,,
,,,,,,,,,,,,,,,,,,,,,,,
,,,,,,,,,,,,,,,,,,,,,,,
,,,,,,,,,,,,,,,,,,,,,,,
,,,,,,,,,,,,,,,,,,,,,,,
,,,,,,,,,,,,,,,,,,,,,,,
,,,,,,,,,,,,,,,,,,,,,,,
,,,,,,,,,,,,,,,,,,,,,,,
,,,,,,,,,,,,,,,,,,,,,,,
,,,,,,,,,,,,,,,,,,,,,,,
,,,,,,,,,,,,,,,,,,,,,,,
,,,,,,,,,,,,,,,,,,,,,,,
,,,,,,,,,,,,,,,,,,,,,,,
,,,,,,,,,,,,,,,,,,,,,,,
,,,,,,,,,,,,,,,,,,,,,,,
,,,,,,,,,,,,,,,,,,,,,,,
,,,,,,,,,,,,,,,,,,,,,,,
,,,,,,,,,,,,,,,,,,,,,,,
,,,,,,,,,,,,,,,,,,,,,,,
,,,,,,,,,,,,,,,,,,,,,,,
,,,,,,,,,,,,,,,,,,,,,,,
,,,,,,,,,,,,,,,,,,,,,,,
,,,,,,,,,,,,,,,,,,,,,,,
,,,,,,,,,,,,,,,,,,,,,,,
,,,,,,,,,,,,,,,,,,,,,,,
,,,,,,,,,,,,,,,,,,,,,,,
,,,,,,,,,,,,,,,,,,,,,,,
,,,,,,,,,,,,,,,,,,,,,,,
,,,,,,,,,,,,,,,,,,,,,,,
,,,,,,,,,,,,,,,,,,,,,,,
,,,,,,,,,,,,,,,,,,,,,,,
,,,,,,,,,,,,,,,,,,,,,,,
,,,,,,,,,,,,,,,,,,,,,,,
,,,,,,,,,,,,,,,,,,,,,,,
,,,,,,,,,,,,,,,,,,,,,,,
,,,,,,,,,,,,,,,,,,,,,,,
,,,,,,,,,,,,,,,,,,,,,,,
,,,,,,,,,,,,,,,,,,,,,,,
,,,,,,,,,,,,,,,,,,,,,,,
,,,,,,,,,,,,,,,,,,,,,,,
,,,,,,,,,,,,,,,,,,,,,,,
,,,,,,,,,,,,,,,,,,,,,,,
,,,,,,,,,,,,,,,,,,,,,,,
,,,,,,,,,,,,,,,,,,,,,,,
,,,,,,,,,,,,,,,,,,,,,,,
,,,,,,,,,,,,,,,,,,,,,,,
,,,,,,,,,,,,,,,,,,,,,,,
,,,,,,,,,,,,,,,,,,,,,,,
,,,,,,,,,,,,,,,,,,,,,,,
,,,,,,,,,,,,,,,,,,,,,,,
,,,,,,,,,,,,,,,,,,,,,,,
,,,,,,,,,,,,,,,,,,,,,,,
,,,,,,,,,,,,,,,,,,,,,,,
,,,,,,,,,,,,,,,,,,,,,,,
,,,,,,,,,,,,,,,,,,,,,,,
,,,,,,,,,,,,,,,,,,,,,,,
,,,,,,,,,,,,,,,,,,,,,,,
,,,,,,,,,,,,,,,,,,,,,,,
,,,,,,,,,,,,,,,,,,,,,,,
,,,,,,,,,,,,,,,,,,,,,,,
,,,,,,,,,,,,,,,,,,,,,,,
,,,,,,,,,,,,,,,,,,,,,,,
,,,,,,,,,,,,,,,,,,,,,,,
,,,,,,,,,,,,,,,,,,,,,,,
,,,,,,,,,,,,,,,,,,,,,,,
,,,,,,,,,,,,,,,,,,,,,,,
,,,,,,,,,,,,,,,,,,,,,,,
,,,,,,,,,,,,,,,,,,,,,,,
,,,,,,,,,,,,,,,,,,,,,,,
,,,,,,,,,,,,,,,,,,,,,,,
,,,,,,,,,,,,,,,,,,,,,,,
,,,,,,,,,,,,,,,,,,,,,,,
,,,,,,,,,,,,,,,,,,,,,,,
,,,,,,,,,,,,,,,,,,,,,,,
,,,,,,,,,,,,,,,,,,,,,,,
,,,,,,,,,,,,,,,,,,,,,,,
,,,,,,,,,,,,,,,,,,,,,,,
,,,,,,,,,,,,,,,,,,,,,,,
,,,,,,,,,,,,,,,,,,,,,,,
,,,,,,,,,,,,,,,,,,,,,,,
,,,,,,,,,,,,,,,,,,,,,,,
,,,,,,,,,,,,,,,,,,,,,,,
,,,,,,,,,,,,,,,,,,,,,,,
,,,,,,,,,,,,,,,,,,,,,,,
,,,,,,,,,,,,,,,,,,,,,,,
,,,,,,,,,,,,,,,,,,,,,,,
,,,,,,,,,,,,,,,,,,,,,,,
,,,,,,,,,,,,,,,,,,,,,,,
,,,,,,,,,,,,,,,,,,,,,,,
,,,,,,,,,,,,,,,,,,,,,,,
,,,,,,,,,,,,,,,,,,,,,,,
,,,,,,,,,,,,,,,,,,,,,,,
,,,,,,,,,,,,,,,,,,,,,,,
,,,,,,,,,,,,,,,,,,,,,,,
,,,,,,,,,,,,,,,,,,,,,,,
,,,,,,,,,,,,,,,,,,,,,,,
,,,,,,,,,,,,,,,,,,,,,,,
,,,,,,,,,,,,,,,,,,,,,,,
,,,,,,,,,,,,,,,,,,,,,,,
,,,,,,,,,,,,,,,,,,,,,,,
,,,,,,,,,,,,,,,,,,,,,,,
,,,,,,,,,,,,,,,,,,,,,,,
,,,,,,,,,,,,,,,,,,,,,,,
,,,,,,,,,,,,,,,,,,,,,,,
,,,,,,,,,,,,,,,,,,,,,,,
,,,,,,,,,,,,,,,,,,,,,,,
,,,,,,,,,,,,,,,,,,,,,,,
,,,,,,,,,,,,,,,,,,,,,,,
,,,,,,,,,,,,,,,,,,,,,,,
,,,,,,,,,,,,,,,,,,,,,,,
,,,,,,,,,,,,,,,,,,,,,,,
,,,,,,,,,,,,,,,,,,,,,,,
,,,,,,,,,,,,,,,,,,,,,,,
,,,,,,,,,,,,,,,,,,,,,,,
,,,,,,,,,,,,,,,,,,,,,,,
,,,,,,,,,,,,,,,,,,,,,,,
,,,,,,,,,,,,,,,,,,,,,,,
,,,,,,,,,,,,,,,,,,,,,,,
,,,,,,,,,,,,,,,,,,,,,,,
,,,,,,,,,,,,,,,,,,,,,,,
,,,,,,,,,,,,,,,,,,,,,,,
,,,,,,,,,,,,,,,,,,,,,,,
,,,,,,,,,,,,,,,,,,,,,,,
,,,,,,,,,,,,,,,,,,,,,,,
,,,,,,,,,,,,,,,,,,,,,,,
,,,,,,,,,,,,,,,,,,,,,,,
,,,,,,,,,,,,,,,,,,,,,,,
,,,,,,,,,,,,,,,,,,,,,,,
,,,,,,,,,,,,,,,,,,,,,,,
,,,,,,,,,,,,,,,,,,,,,,,
,,,,,,,,,,,,,,,,,,,,,,,
,,,,,,,,,,,,,,,,,,,,,,,
,,,,,,,,,,,,,,,,,,,,,,,
,,,,,,,,,,,,,,,,,,,,,,,
,,,,,,,,,,,,,,,,,,,,,,,
,,,,,,,,,,,,,,,,,,,,,,,
,,,,,,,,,,,,,,,,,,,,,,,
,,,,,,,,,,,,,,,,,,,,,,,
,,,,,,,,,,,,,,,,,,,,,,,
,,,,,,,,,,,,,,,,,,,,,,,
,,,,,,,,,,,,,,,,,,,,,,,
,,,,,,,,,,,,,,,,,,,,,,,
,,,,,,,,,,,,,,,,,,,,,,,
,,,,,,,,,,,,,,,,,,,,,,,
,,,,,,,,,,,,,,,,,,,,,,,
,,,,,,,,,,,,,,,,,,,,,,,
,,,,,,,,,,,,,,,,,,,,,,,
,,,,,,,,,,,,,,,,,,,,,,,
,,,,,,,,,,,,,,,,,,,,,,,
,,,,,,,,,,,,,,,,,,,,,,,
,,,,,,,,,,,,,,,,,,,,,,,
,,,,,,,,,,,,,,,,,,,,,,,
,,,,,,,,,,,,,,,,,,,,,,,
,,,,,,,,,,,,,,,,,,,,,,,
,,,,,,,,,,,,,,,,,,,,,,,
,,,,,,,,,,,,,,,,,,,,,,,
,,,,,,,,,,,,,,,,,,,,,,,
,,,,,,,,,,,,,,,,,,,,,,,
,,,,,,,,,,,,,,,,,,,,,,,
,,,,,,,,,,,,,,,,,,,,,,,
,,,,,,,,,,,,,,,,,,,,,,,
,,,,,,,,,,,,,,,,,,,,,,,
,,,,,,,,,,,,,,,,,,,,,,,
,,,,,,,,,,,,,,,,,,,,,,,
,,,,,,,,,,,,,,,,,,,,,,,
,,,,,,,,,,,,,,,,,,,,,,,
,,,,,,,,,,,,,,,,,,,,,,,
,,,,,,,,,,,,,,,,,,,,,,,
,,,,,,,,,,,,,,,,,,,,,,,
,,,,,,,,,,,,,,,,,,,,,,,
,,,,,,,,,,,,,,,,,,,,,,,
,,,,,,,,,,,,,,,,,,,,,,,
,,,,,,,,,,,,,,,,,,,,,,,
,,,,,,,,,,,,,,,,,,,,,,,
,,,,,,,,,,,,,,,,,,,,,,,
,,,,,,,,,,,,,,,,,,,,,,,
,,,,,,,,,,,,,,,,,,,,,,,
,,,,,,,,,,,,,,,,,,,,,,,
,,,,,,,,,,,,,,,,,,,,,,,
,,,,,,,,,,,,,,,,,,,,,,,
,,,,,,,,,,,,,,,,,,,,,,,
,,,,,,,,,,,,,,,,,,,,,,,
,,,,,,,,,,,,,,,,,,,,,,,
,,,,,,,,,,,,,,,,,,,,,,,
,,,,,,,,,,,,,,,,,,,,,,,
,,,,,,,,,,,,,,,,,,,,,,,
,,,,,,,,,,,,,,,,,,,,,,,
,,,,,,,,,,,,,,,,,,,,,,,
,,,,,,,,,,,,,,,,,,,,,,,
,,,,,,,,,,,,,,,,,,,,,,,
,,,,,,,,,,,,,,,,,,,,,,,
,,,,,,,,,,,,,,,,,,,,,,,
,,,,,,,,,,,,,,,,,,,,,,,
,,,,,,,,,,,,,,,,,,,,,,,
,,,,,,,,,,,,,,,,,,,,,,,
,,,,,,,,,,,,,,,,,,,,,,,
,,,,,,,,,,,,,,,,,,,,,,,
,,,,,,,,,,,,,,,,,,,,,,,
,,,,,,,,,,,,,,,,,,,,,,,
,,,,,,,,,,,,,,,,,,,,,,,
,,,,,,,,,,,,,,,,,,,,,,,
,,,,,,,,,,,,,,,,,,,,,,,
,,,,,,,,,,,,,,,,,,,,,,,
,,,,,,,,,,,,,,,,,,,,,,,
,,,,,,,,,,,,,,,,,,,,,,,
,,,,,,,,,,,,,,,,,,,,,,,
,,,,,,,,,,,,,,,,,,,,,,,
,,,,,,,,,,,,,,,,,,,,,,,
,,,,,,,,,,,,,,,,,,,,,,,
,,,,,,,,,,,,,,,,,,,,,,,
,,,,,,,,,,,,,,,,,,,,,,,
,,,,,,,,,,,,,,,,,,,,,,,
,,,,,,,,,,,,,,,,,,,,,,,
,,,,,,,,,,,,,,,,,,,,,,,
,,,,,,,,,,,,,,,,,,,,,,,
,,,,,,,,,,,,,,,,,,,,,,,
,,,,,,,,,,,,,,,,,,,,,,,
,,,,,,,,,,,,,,,,,,,,,,,
,,,,,,,,,,,,,,,,,,,,,,,
,,,,,,,,,,,,,,,,,,,,,,,
,,,,,,,,,,,,,,,,,,,,,,,
,,,,,,,,,,,,,,,,,,,,,,,
,,,,,,,,,,,,,,,,,,,,,,,
,,,,,,,,,,,,,,,,,,,,,,,
,,,,,,,,,,,,,,,,,,,,,,,
,,,,,,,,,,,,,,,,,,,,,,,
,,,,,,,,,,,,,,,,,,,,,,,
,,,,,,,,,,,,,,,,,,,,,,,
,,,,,,,,,,,,,,,,,,,,,,,
,,,,,,,,,,,,,,,,,,,,,,,
,,,,,,,,,,,,,,,,,,,,,,,
,,,,,,,,,,,,,,,,,,,,,,,
,,,,,,,,,,,,,,,,,,,,,,,
,,,,,,,,,,,,,,,,,,,,,,,
,,,,,,,,,,,,,,,,,,,,,,,
,,,,,,,,,,,,,,,,,,,,,,,
,,,,,,,,,,,,,,,,,,,,,,,
,,,,,,,,,,,,,,,,,,,,,,,
,,,,,,,,,,,,,,,,,,,,,,,
,,,,,,,,,,,,,,,,,,,,,,,
,,,,,,,,,,,,,,,,,,,,,,,
,,,,,,,,,,,,,,,,,,,,,,,
,,,,,,,,,,,,,,,,,,,,,,,
,,,,,,,,,,,,,,,,,,,,,,,
,,,,,,,,,,,,,,,,,,,,,,,
,,,,,,,,,,,,,,,,,,,,,,,
,,,,,,,,,,,,,,,,,,,,,,,
,,,,,,,,,,,,,,,,,,,,,,,
,,,,,,,,,,,,,,,,,,,,,,,
,,,,,,,,,,,,,,,,,,,,,,,
,,,,,,,,,,,,,,,,,,,,,,,
,,,,,,,,,,,,,,,,,,,,,,,
,,,,,,,,,,,,,,,,,,,,,,,
,,,,,,,,,,,,,,,,,,,,,,,
,,,,,,,,,,,,,,,,,,,,,,,
,,,,,,,,,,,,,,,,,,,,,,,
,,,,,,,,,,,,,,,,,,,,,,,
,,,,,,,,,,,,,,,,,,,,,,,
,,,,,,,,,,,,,,,,,,,,,,,
,,,,,,,,,,,,,,,,,,,,,,,
,,,,,,,,,,,,,,,,,,,,,,,
,,,,,,,,,,,,,,,,,,,,,,,
,,,,,,,,,,,,,,,,,,,,,,,
,,,,,,,,,,,,,,,,,,,,,,,
,,,,,,,,,,,,,,,,,,,,,,,
,,,,,,,,,,,,,,,,,,,,,,,
,,,,,,,,,,,,,,,,,,,,,,,
,,,,,,,,,,,,,,,,,,,,,,,
,,,,,,,,,,,,,,,,,,,,,,,
,,,,,,,,,,,,,,,,,,,,,,,
,,,,,,,,,,,,,,,,,,,,,,,
,,,,,,,,,,,,,,,,,,,,,,,
,,,,,,,,,,,,,,,,,,,,,,,
,,,,,,,,,,,,,,,,,,,,,,,
,,,,,,,,,,,,,,,,,,,,,,,
,,,,,,,,,,,,,,,,,,,,,,,
,,,,,,,,,,,,,,,,,,,,,,,
,,,,,,,,,,,,,,,,,,,,,,,
,,,,,,,,,,,,,,,,,,,,,,,
,,,,,,,,,,,,,,,,,,,,,,,
,,,,,,,,,,,,,,,,,,,,,,,
,,,,,,,,,,,,,,,,,,,,,,,
,,,,,,,,,,,,,,,,,,,,,,,
,,,,,,,,,,,,,,,,,,,,,,,
,,,,,,,,,,,,,,,,,,,,,,,
,,,,,,,,,,,,,,,,,,,,,,,
,,,,,,,,,,,,,,,,,,,,,,,
,,,,,,,,,,,,,,,,,,,,,,,
,,,,,,,,,,,,,,,,,,,,,,,
,,,,,,,,,,,,,,,,,,,,,,,
,,,,,,,,,,,,,,,,,,,,,,,
,,,,,,,,,,,,,,,,,,,,,,,
,,,,,,,,,,,,,,,,,,,,,,,
,,,,,,,,,,,,,,,,,,,,,,,
,,,,,,,,,,,,,,,,,,,,,,,
,,,,,,,,,,,,,,,,,,,,,,,
,,,,,,,,,,,,,,,,,,,,,,,
,,,,,,,,,,,,,,,,,,,,,,,
,,,,,,,,,,,,,,,,,,,,,,,
,,,,,,,,,,,,,,,,,,,,,,,
,,,,,,,,,,,,,,,,,,,,,,,
,,,,,,,,,,,,,,,,,,,,,,,
,,,,,,,,,,,,,,,,,,,,,,,
,,,,,,,,,,,,,,,,,,,,,,,
,,,,,,,,,,,,,,,,,,,,,,,
,,,,,,,,,,,,,,,,,,,,,,,
,,,,,,,,,,,,,,,,,,,,,,,
,,,,,,,,,,,,,,,,,,,,,,,
,,,,,,,,,,,,,,,,,,,,,,,
,,,,,,,,,,,,,,,,,,,,,,,
,,,,,,,,,,,,,,,,,,,,,,,
,,,,,,,,,,,,,,,,,,,,,,,
,,,,,,,,,,,,,,,,,,,,,,,
,,,,,,,,,,,,,,,,,,,,,,,
,,,,,,,,,,,,,,,,,,,,,,,
,,,,,,,,,,,,,,,,,,,,,,,
,,,,,,,,,,,,,,,,,,,,,,,
,,,,,,,,,,,,,,,,,,,,,,,
,,,,,,,,,,,,,,,,,,,,,,,
,,,,,,,,,,,,,,,,,,,,,,,
,,,,,,,,,,,,,,,,,,,,,,,
,,,,,,,,,,,,,,,,,,,,,,,
,,,,,,,,,,,,,,,,,,,,,,,
,,,,,,,,,,,,,,,,,,,,,,,
,,,,,,,,,,,,,,,,,,,,,,,
,,,,,,,,,,,,,,,,,,,,,,,
,,,,,,,,,,,,,,,,,,,,,,,
,,,,,,,,,,,,,,,,,,,,,,,
,,,,,,,,,,,,,,,,,,,,,,,
,,,,,,,,,,,,,,,,,,,,,,,
,,,,,,,,,,,,,,,,,,,,,,,
,,,,,,,,,,,,,,,,,,,,,,,
,,,,,,,,,,,,,,,,,,,,,,,
,,,,,,,,,,,,,,,,,,,,,,,
,,,,,,,,,,,,,,,,,,,,,,,
,,,,,,,,,,,,,,,,,,,,,,,
,,,,,,,,,,,,,,,,,,,,,,,
,,,,,,,,,,,,,,,,,,,,,,,
,,,,,,,,,,,,,,,,,,,,,,,
,,,,,,,,,,,,,,,,,,,,,,,
,,,,,,,,,,,,,,,,,,,,,,,
,,,,,,,,,,,,,,,,,,,,,,,
,,,,,,,,,,,,,,,,,,,,,,,
,,,,,,,,,,,,,,,,,,,,,,,
,,,,,,,,,,,,,,,,,,,,,,,
,,,,,,,,,,,,,,,,,,,,,,,
,,,,,,,,,,,,,,,,,,,,,,,
,,,,,,,,,,,,,,,,,,,,,,,
,,,,,,,,,,,,,,,,,,,,,,,
,,,,,,,,,,,,,,,,,,,,,,,
,,,,,,,,,,,,,,,,,,,,,,,
,,,,,,,,,,,,,,,,,,,,,,,
,,,,,,,,,,,,,,,,,,,,,,,
,,,,,,,,,,,,,,,,,,,,,,,
,,,,,,,,,,,,,,,,,,,,,,,
,,,,,,,,,,,,,,,,,,,,,,,
,,,,,,,,,,,,,,,,,,,,,,,
,,,,,,,,,,,,,,,,,,,,,,,
,,,,,,,,,,,,,,,,,,,,,,,
,,,,,,,,,,,,,,,,,,,,,,,
,,,,,,,,,,,,,,,,,,,,,,,
,,,,,,,,,,,,,,,,,,,,,,,
,,,,,,,,,,,,,,,,,,,,,,,
,,,,,,,,,,,,,,,,,,,,,,,
,,,,,,,,,,,,,,,,,,,,,,,
,,,,,,,,,,,,,,,,,,,,,,,
,,,,,,,,,,,,,,,,,,,,,,,
,,,,,,,,,,,,,,,,,,,,,,,
,,,,,,,,,,,,,,,,,,,,,,,
,,,,,,,,,,,,,,,,,,,,,,,
,,,,,,,,,,,,,,,,,,,,,,,
,,,,,,,,,,,,,,,,,,,,,,,
,,,,,,,,,,,,,,,,,,,,,,,
,,,,,,,,,,,,,,,,,,,,,,,
,,,,,,,,,,,,,,,,,,,,,,,
,,,,,,,,,,,,,,,,,,,,,,,
,,,,,,,,,,,,,,,,,,,,,,,
,,,,,,,,,,,,,,,,,,,,,,,
,,,,,,,,,,,,,,,,,,,,,,,
,,,,,,,,,,,,,,,,,,,,,,,
,,,,,,,,,,,,,,,,,,,,,,,
,,,,,,,,,,,,,,,,,,,,,,,
,,,,,,,,,,,,,,,,,,,,,,,
,,,,,,,,,,,,,,,,,,,,,,,
,,,,,,,,,,,,,,,,,,,,,,,
,,,,,,,,,,,,,,,,,,,,,,,
,,,,,,,,,,,,,,,,,,,,,,,
,,,,,,,,,,,,,,,,,,,,,,,
,,,,,,,,,,,,,,,,,,,,,,,
,,,,,,,,,,,,,,,,,,,,,,,
,,,,,,,,,,,,,,,,,,,,,,,
,,,,,,,,,,,,,,,,,,,,,,,
,,,,,,,,,,,,,,,,,,,,,,,
,,,,,,,,,,,,,,,,,,,,,,,
,,,,,,,,,,,,,,,,,,,,,,,
,,,,,,,,,,,,,,,,,,,,,,,
,,,,,,,,,,,,,,,,,,,,,,,
,,,,,,,,,,,,,,,,,,,,,,,
,,,,,,,,,,,,,,,,,,,,,,,
,,,,,,,,,,,,,,,,,,,,,,,
,,,,,,,,,,,,,,,,,,,,,,,
,,,,,,,,,,,,,,,,,,,,,,,
,,,,,,,,,,,,,,,,,,,,,,,
,,,,,,,,,,,,,,,,,,,,,,,
,,,,,,,,,,,,,,,,,,,,,,,
,,,,,,,,,,,,,,,,,,,,,,,
,,,,,,,,,,,,,,,,,,,,,,,
,,,,,,,,,,,,,,,,,,,,,,,
,,,,,,,,,,,,,,,,,,,,,,,
,,,,,,,,,,,,,,,,,,,,,,,
,,,,,,,,,,,,,,,,,,,,,,,
,,,,,,,,,,,,,,,,,,,,,,,
,,,,,,,,,,,,,,,,,,,,,,,
,,,,,,,,,,,,,,,,,,,,,,,
,,,,,,,,,,,,,,,,,,,,,,,
,,,,,,,,,,,,,,,,,,,,,,,
,,,,,,,,,,,,,,,,,,,,,,,
,,,,,,,,,,,,,,,,,,,,,,,
,,,,,,,,,,,,,,,,,,,,,,,
,,,,,,,,,,,,,,,,,,,,,,,
,,,,,,,,,,,,,,,,,,,,,,,
,,,,,,,,,,,,,,,,,,,,,,,
,,,,,,,,,,,,,,,,,,,,,,,
,,,,,,,,,,,,,,,,,,,,,,,
,,,,,,,,,,,,,,,,,,,,,,,
,,,,,,,,,,,,,,,,,,,,,,,
,,,,,,,,,,,,,,,,,,,,,,,
,,,,,,,,,,,,,,,,,,,,,,,
,,,,,,,,,,,,,,,,,,,,,,,
,,,,,,,,,,,,,,,,,,,,,,,
,,,,,,,,,,,,,,,,,,,,,,,
,,,,,,,,,,,,,,,,,,,,,,,
,,,,,,,,,,,,,,,,,,,,,,,
,,,,,,,,,,,,,,,,,,,,,,,
,,,,,,,,,,,,,,,,,,,,,,,
,,,,,,,,,,,,,,,,,,,,,,,
,,,,,,,,,,,,,,,,,,,,,,,
,,,,,,,,,,,,,,,,,,,,,,,
,,,,,,,,,,,,,,,,,,,,,,,
,,,,,,,,,,,,,,,,,,,,,,,
,,,,,,,,,,,,,,,,,,,,,,,
,,,,,,,,,,,,,,,,,,,,,,,
,,,,,,,,,,,,,,,,,,,,,,,
,,,,,,,,,,,,,,,,,,,,,,,
,,,,,,,,,,,,,,,,,,,,,,,
,,,,,,,,,,,,,,,,,,,,,,,
,,,,,,,,,,,,,,,,,,,,,,,
,,,,,,,,,,,,,,,,,,,,,,,
,,,,,,,,,,,,,,,,,,,,,,,
,,,,,,,,,,,,,,,,,,,,,,,
,,,,,,,,,,,,,,,,,,,,,,,
,,,,,,,,,,,,,,,,,,,,,,,
,,,,,,,,,,,,,,,,,,,,,,,
,,,,,,,,,,,,,,,,,,,,,,,
,,,,,,,,,,,,,,,,,,,,,,,
,,,,,,,,,,,,,,,,,,,,,,,
,,,,,,,,,,,,,,,,,,,,,,,
,,,,,,,,,,,,,,,,,,,,,,,
,,,,,,,,,,,,,,,,,,,,,,,
,,,,,,,,,,,,,,,,,,,,,,,
,,,,,,,,,,,,,,,,,,,,,,,
,,,,,,,,,,,,,,,,,,,,,,,
,,,,,,,,,,,,,,,,,,,,,,,
,,,,,,,,,,,,,,,,,,,,,,,
,,,,,,,,,,,,,,,,,,,,,,,
,,,,,,,,,,,,,,,,,,,,,,,
,,,,,,,,,,,,,,,,,,,,,,,
,,,,,,,,,,,,,,,,,,,,,,,
,,,,,,,,,,,,,,,,,,,,,,,
,,,,,,,,,,,,,,,,,,,,,,,
,,,,,,,,,,,,,,,,,,,,,,,
,,,,,,,,,,,,,,,,,,,,,,,
,,,,,,,,,,,,,,,,,,,,,,,
,,,,,,,,,,,,,,,,,,,,,,,
,,,,,,,,,,,,,,,,,,,,,,,
,,,,,,,,,,,,,,,,,,,,,,,
,,,,,,,,,,,,,,,,,,,,,,,
,,,,,,,,,,,,,,,,,,,,,,,
,,,,,,,,,,,,,,,,,,,,,,,
,,,,,,,,,,,,,,,,,,,,,,,
,,,,,,,,,,,,,,,,,,,,,,,
,,,,,,,,,,,,,,,,,,,,,,,
,,,,,,,,,,,,,,,,,,,,,,,
,,,,,,,,,,,,,,,,,,,,,,,
,,,,,,,,,,,,,,,,,,,,,,,
,,,,,,,,,,,,,,,,,,,,,,,
,,,,,,,,,,,,,,,,,,,,,,,
,,,,,,,,,,,,,,,,,,,,,,,
,,,,,,,,,,,,,,,,,,,,,,,
,,,,,,,,,,,,,,,,,,,,,,,
,,,,,,,,,,,,,,,,,,,,,,,
,,,,,,,,,,,,,,,,,,,,,,,
,,,,,,,,,,,,,,,,,,,,,,,
,,,,,,,,,,,,,,,,,,,,,,,
,,,,,,,,,,,,,,,,,,,,,,,
,,,,,,,,,,,,,,,,,,,,,,,
,,,,,,,,,,,,,,,,,,,,,,,
,,,,,,,,,,,,,,,,,,,,,,,
,,,,,,,,,,,,,,,,,,,,,,,
,,,,,,,,,,,,,,,,,,,,,,,
,,,,,,,,,,,,,,,,,,,,,,,
,,,,,,,,,,,,,,,,,,,,,,,
,,,,,,,,,,,,,,,,,,,,,,,
,,,,,,,,,,,,,,,,,,,,,,,
,,,,,,,,,,,,,,,,,,,,,,,
,,,,,,,,,,,,,,,,,,,,,,,
,,,,,,,,,,,,,,,,,,,,,,,
